Matter Case ID #,State,County of Residence,FIPS
25-0000001,CA,Los Angeles,6037
25-0000002,CA,Orange,6059
25-0000003,CA,Stanislaus,6099
25-0000004,CA,Los Angeles,6037
25-0000005,CA,Los Angeles,6037
25-0000006,CA,Los Angeles,6037
25-0000007,CA,Kern,6029
25-0000008,CA,Riverside,6065
25-0000009,CA,Ventura,6111
25-0000010,CA,Kern,6029
25-0000011,CA,Los Angeles,6037
25-0000012,CA,Los Angeles,6037
25-0000013,CA,Shasta,6089
25-0000014,CA,San Joaquin,6077
25-0000015,CA,San Bernardino,6071
25-0000016,CA,Tulare,6107
25-0000017,CA,Santa Clara,6085
25-0000018,CA,San Diego,6073
25-0000019,CA,Los Angeles,6037
25-0000020,CA,Los Angeles,6037
25-0000021,CA,Riverside,6065
25-0000022,CA,Los Angeles,6037
25-0000023,CA,Santa Clara,6085
25-0000024,CA,Los Angeles,6037
25-0000025,CA,Los Angeles,6037
25-0000026,CA,Los Angeles,6037
25-0000027,CA,Alameda,6001
25-0000028,CA,Tulare,6107
25-0000029,CA,Orange,6059
25-0000030,CA,Solano,6095
25-0000031,CA,Mendocino,6045
25-0000032,CA,Los Angeles,6037
25-0000033,CA,Los Angeles,6037
25-0000034,CA,Los Angeles,6037
25-0000035,CA,San Bernardino,6071
25-0000036,CA,San Diego,6073
25-0000037,CA,Solano,6095
25-0000038,CA,San Mateo,6081
25-0000039,CA,Riverside,6065
25-0000040,CA,San Diego,6073
25-0000041,CA,Kern,6029
25-0000042,CA,Los Angeles,6037
25-0000043,CA,Los Angeles,6037
25-0000044,CA,Santa Barbara,6083
25-0000045,CA,Los Angeles,6037
25-0000046,CA,San Bernardino,6071
25-0000047,CA,Los Angeles,6037
25-0000048,CA,Los Angeles,6037
25-0000049,CA,Los Angeles,6037
25-0000050,CA,San Bernardino,6071
25-0000051,CA,San Bernardino,6071
25-0000052,CA,San Bernardino,6071
25-0000053,CA,Sacramento,6067
25-0000054,CA,Sacramento,6067
25-0000055,CA,Los Angeles,6037
25-0000056,CA,Contra Costa,6013
25-0000057,CA,Los Angeles,6037
25-0000058,CA,San Bernardino,6071
25-0000059,CA,Los Angeles,6037
25-0000060,CA,Los Angeles,6037
25-0000061,CA,Lake,6033
25-0000062,CA,Contra Costa,6013
25-0000063,CA,San Bernardino,6071
25-0000064,CA,San Bernardino,6071
25-0000065,CA,San Bernardino,6071
25-0000066,CA,San Diego,6073
25-0000067,CA,Stanislaus,6099
25-0000068,CA,Riverside,6065
25-0000069,CA,San Mateo,6081
25-0000070,CA,Orange,6059
25-0000071,CA,Los Angeles,6037
25-0000072,CA,Los Angeles,6037
25-0000073,CA,Los Angeles,6037
25-0000074,CA,San Bernardino,6071
25-0000075,CA,Riverside,6065
25-0000076,CA,San Bernardino,6071
25-0000077,CA,Los Angeles,6037
25-0000078,CA,San Bernardino,6071
25-0000079,CA,Santa Barbara,6083
25-0000080,CA,Fresno,6019
25-0000081,CA,San Bernardino,6071
25-0000082,CA,Los Angeles,6037
25-0000083,CA,Los Angeles,6037
25-0000084,CA,Sacramento,6067
25-0000085,CA,Monterey,6053
25-0000086,CA,Orange,6059
25-0000087,CA,Los Angeles,6037
25-0000088,CA,Santa Barbara,6083
25-0000089,CA,Los Angeles,6037
25-0000090,CA,Yuba,6115
25-0000091,CA,Los Angeles,6037
25-0000092,CA,Riverside,6065
25-0000093,CA,Los Angeles,6037
25-0000094,CA,San Bernardino,6071
25-0000095,CA,Los Angeles,6037
25-0000096,CA,Tulare,6107
25-0000097,CA,Los Angeles,6037
25-0000098,CA,Los Angeles,6037
25-0000099,CA,Solano,6095
25-0000100,CA,Sacramento,6067
25-0000101,CA,San Bernardino,6071
25-0000102,CA,Los Angeles,6037
25-0000103,CA,Orange,6059
25-0000104,CA,Los Angeles,6037
25-0000105,CA,Los Angeles,6037
25-0000106,CA,Los Angeles,6037
25-0000107,CA,Orange,6059
25-0000108,CA,Sacramento,6067
25-0000109,CA,Riverside,6065
25-0000110,CA,Riverside,6065
25-0000111,CA,San Bernardino,6071
25-0000112,CA,San Diego,6073
25-0000113,CA,Kern,6029
25-0000114,CA,San Diego,6073
25-0000115,CA,Los Angeles,6037
25-0000116,CA,Los Angeles,6037
25-0000117,CA,Los Angeles,6037
25-0000118,CA,Orange,6059
25-0000119,CA,Marin,6041
25-0000120,CA,Los Angeles,6037
25-0000121,CA,Los Angeles,6037
25-0000122,CA,Los Angeles,6037
25-0000123,CA,Los Angeles,6037
25-0000124,CA,Orange,6059
25-0000125,CA,Los Angeles,6037
25-0000126,CA,Del Norte,6015
25-0000127,CA,Los Angeles,6037
25-0000128,CA,Los Angeles,6037
25-0000129,CA,Los Angeles,6037
25-0000130,CA,Kern,6029
25-0000131,CA,San Bernardino,6071
25-0000132,CA,Orange,6059
25-0000133,CA,Sacramento,6067
25-0000134,CA,Orange,6059
25-0000135,CA,Los Angeles,6037
25-0000136,CA,Yolo,6113
25-0000137,CA,Los Angeles,6037
25-0000138,CA,Los Angeles,6037
25-0000139,CA,Sonoma,6097
25-0000140,CA,Los Angeles,6037
25-0000141,CA,Santa Cruz,6087
25-0000142,CA,San Luis Obispo,6079
25-0000143,CA,Santa Clara,6085
25-0000144,CA,Los Angeles,6037
25-0000145,CA,Los Angeles,6037
25-0000146,CA,Los Angeles,6037
25-0000147,CA,Los Angeles,6037
25-0000148,CA,Tulare,6107
25-0000149,CA,Los Angeles,6037
25-0000150,CA,Los Angeles,6037
25-0000151,CA,Los Angeles,6037
25-0000152,CA,Kern,6029
25-0000153,CA,Los Angeles,6037
25-0000154,CA,Los Angeles,6037
25-0000155,CA,Orange,6059
25-0000156,CA,Orange,6059
25-0000157,CA,Orange,6059
25-0000158,CA,San Diego,6073
25-0000159,CA,Los Angeles,6037
25-0000160,CA,Los Angeles,6037
25-0000161,CA,Los Angeles,6037
25-0000162,CA,Santa Clara,6085
25-0000163,CA,Santa Barbara,6083
25-0000164,CA,San Bernardino,6071
25-0000165,CA,Los Angeles,6037
25-0000166,CA,Orange,6059
25-0000167,CA,San Luis Obispo,6079
25-0000168,CA,Los Angeles,6037
25-0000169,CA,Los Angeles,6037
25-0000170,CA,Alameda,6001
25-0000171,CA,Sonoma,6097
25-0000172,CA,Ventura,6111
25-0000173,CA,Los Angeles,6037
25-0000174,CA,Santa Barbara,6083
25-0000175,CA,Los Angeles,6037
25-0000176,CA,El Dorado,6017
25-0000177,CA,Fresno,6019
25-0000178,CA,Los Angeles,6037
25-0000179,CA,Kern,6029
25-0000180,CA,Los Angeles,6037
25-0000181,CA,Riverside,6065
25-0000182,CA,San Diego,6073
25-0000183,CA,Solano,6095
25-0000184,CA,Los Angeles,6037
25-0000185,CA,Los Angeles,6037
25-0000186,CA,San Bernardino,6071
25-0000187,CA,Los Angeles,6037
25-0000188,CA,Orange,6059
25-0000189,CA,Los Angeles,6037
25-0000190,CA,Orange,6059
25-0000191,CA,Orange,6059
25-0000192,CA,Santa Clara,6085
25-0000193,CA,Los Angeles,6037
25-0000194,CA,Riverside,6065
25-0000195,CA,Orange,6059
25-0000196,CA,Orange,6059
25-0000197,CA,Orange,6059
25-0000198,CA,Orange,6059
25-0000199,CA,Los Angeles,6037
25-0000200,CA,Los Angeles,6037
25-0000201,CA,Stanislaus,6099
25-0000202,CA,Los Angeles,6037
25-0000203,CA,Sacramento,6067
25-0000204,CA,Los Angeles,6037
25-0000205,CA,Sacramento,6067
25-0000206,CA,San Bernardino,6071
25-0000207,CA,Sacramento,6067
25-0000208,CA,San Bernardino,6071
25-0000209,CA,Los Angeles,6037
25-0000210,CA,Sacramento,6067
25-0000211,CA,Sacramento,6067
25-0000212,CA,Riverside,6065
25-0000213,CA,San Francisco,6075
25-0000214,CA,Los Angeles,6037
25-0000215,CA,Los Angeles,6037
25-0000216,CA,Kern,6029
25-0000217,CA,Tulare,6107
25-0000218,CA,Los Angeles,6037
25-0000219,CA,Alameda,6001
25-0000220,CA,Monterey,6053
25-0000221,CA,Riverside,6065
25-0000222,CA,Riverside,6065
25-0000223,CA,Kern,6029
25-0000224,CA,San Diego,6073
25-0000225,CA,Alameda,6001
25-0000226,CA,San Bernardino,6071
25-0000227,CA,Riverside,6065
25-0000228,CA,Sacramento,6067
25-0000229,CA,Los Angeles,6037
25-0000230,CA,Contra Costa,6013
25-0000231,CA,San Bernardino,6071
25-0000232,CA,Orange,6059
25-0000233,CA,Los Angeles,6037
25-0000234,CA,Los Angeles,6037
25-0000235,CA,San Bernardino,6071
25-0000236,CA,San Bernardino,6071
25-0000237,CA,Orange,6059
25-0000238,CA,San Mateo,6081
25-0000239,CA,Los Angeles,6037
25-0000240,CA,Riverside,6065
25-0000241,CA,Orange,6059
25-0000242,CA,Modoc,6049
25-0000243,CA,San Diego,6073
25-0000244,CA,Imperial,6025
25-0000245,CA,Riverside,6065
25-0000246,CA,Los Angeles,6037
25-0000247,CA,Los Angeles,6037
25-0000248,CA,Monterey,6053
25-0000249,CA,San Luis Obispo,6079
25-0000250,CA,Los Angeles,6037
25-0000251,CA,Los Angeles,6037
25-0000252,CA,Los Angeles,6037
25-0000253,CA,Fresno,6019
25-0000254,CA,Los Angeles,6037
25-0000255,CA,Ventura,6111
25-0000256,CA,Riverside,6065
25-0000257,CA,Santa Clara,6085
25-0000258,CA,San Bernardino,6071
25-0000259,CA,Yolo,6113
25-0000260,CA,Riverside,6065
25-0000261,CA,Los Angeles,6037
25-0000262,CA,Alameda,6001
25-0000263,CA,San Bernardino,6071
25-0000264,CA,Los Angeles,6037
25-0000265,CA,Los Angeles,6037
25-0000266,CA,Los Angeles,6037
25-0000267,CA,Santa Clara,6085
25-0000268,CA,Los Angeles,6037
25-0000269,CA,Sacramento,6067
25-0000270,CA,Sonoma,6097
25-0000271,CA,Los Angeles,6037
25-0000272,CA,Orange,6059
25-0000273,CA,Los Angeles,6037
25-0000274,CA,Los Angeles,6037
25-0000275,CA,San Francisco,6075
25-0000276,CA,Los Angeles,6037
25-0000277,CA,Lake,6033
25-0000278,CA,Orange,6059
25-0000279,CA,Los Angeles,6037
25-0000280,CA,Monterey,6053
25-0000281,CA,Los Angeles,6037
25-0000282,CA,Ventura,6111
25-0000283,CA,Los Angeles,6037
25-0000284,CA,Los Angeles,6037
25-0000285,CA,Fresno,6019
25-0000286,CA,Riverside,6065
25-0000287,CA,Riverside,6065
25-0000288,CA,Ventura,6111
25-0000289,CA,Ventura,6111
25-0000290,CA,Orange,6059
25-0000291,CA,Los Angeles,6037
25-0000292,CA,Kern,6029
25-0000293,CA,Kern,6029
25-0000294,CA,Santa Barbara,6083
25-0000295,CA,San Bernardino,6071
25-0000296,CA,Los Angeles,6037
25-0000297,CA,Santa Clara,6085
25-0000298,CA,Alameda,6001
25-0000299,CA,Los Angeles,6037
25-0000300,CA,San Diego,6073
25-0000301,CA,Los Angeles,6037
25-0000302,CA,San Diego,6073
25-0000303,CA,Los Angeles,6037
25-0000304,CA,Santa Clara,6085
25-0000305,CA,Santa Barbara,6083
25-0000306,CA,Riverside,6065
25-0000307,CA,Riverside,6065
25-0000308,CA,Santa Clara,6085
25-0000309,CA,Yolo,6113
25-0000310,CA,Los Angeles,6037
25-0000311,CA,Los Angeles,6037
25-0000312,CA,Stanislaus,6099
25-0000313,CA,Sacramento,6067
25-0000314,CA,Los Angeles,6037
25-0000315,CA,San Diego,6073
25-0000316,CA,Alameda,6001
25-0000317,CA,Los Angeles,6037
25-0000318,CA,San Francisco,6075
25-0000319,CA,Solano,6095
25-0000320,CA,Contra Costa,6013
25-0000321,CA,San Joaquin,6077
25-0000322,CA,Riverside,6065
25-0000323,CA,Riverside,6065
25-0000324,CA,Orange,6059
25-0000325,CA,San Diego,6073
25-0000326,CA,Orange,6059
25-0000327,CA,Imperial,6025
25-0000328,CA,Los Angeles,6037
25-0000329,CA,Riverside,6065
25-0000330,CA,Los Angeles,6037
25-0000331,CA,Los Angeles,6037
25-0000332,CA,San Mateo,6081
25-0000333,CA,Los Angeles,6037
25-0000334,CA,Orange,6059
25-0000335,CA,Sacramento,6067
25-0000336,CA,Kern,6029
25-0000337,CA,San Diego,6073
25-0000338,CA,Los Angeles,6037
25-0000339,CA,Orange,6059
25-0000340,CA,San Bernardino,6071
25-0000341,CA,Los Angeles,6037
25-0000342,CA,Riverside,6065
25-0000343,CA,Los Angeles,6037
25-0000344,CA,Contra Costa,6013
25-0000345,CA,San Bernardino,6071
25-0000346,CA,Orange,6059
25-0000347,CA,Los Angeles,6037
25-0000348,CA,Los Angeles,6037
25-0000349,CA,Riverside,6065
25-0000350,CA,Los Angeles,6037
25-0000351,CA,Los Angeles,6037
25-0000352,CA,Lassen,6035
25-0000353,CA,Los Angeles,6037
25-0000354,CA,Los Angeles,6037
25-0000355,CA,San Diego,6073
25-0000356,CA,San Diego,6073
25-0000357,CA,Orange,6059
25-0000358,CA,Los Angeles,6037
25-0000359,CA,Orange,6059
25-0000360,CA,Santa Clara,6085
25-0000361,CA,Los Angeles,6037
25-0000362,CA,San Bernardino,6071
25-0000363,CA,Los Angeles,6037
25-0000364,CA,Los Angeles,6037
25-0000365,CA,Ventura,6111
25-0000366,CA,Sacramento,6067
25-0000367,CA,Santa Clara,6085
25-0000368,CA,San Bernardino,6071
25-0000369,CA,Lake,6033
25-0000370,CA,Tuolumne,6109
25-0000371,CA,Los Angeles,6037
25-0000372,CA,San Bernardino,6071
25-0000373,CA,Sacramento,6067
25-0000374,CA,Los Angeles,6037
25-0000375,CA,Riverside,6065
25-0000376,CA,Los Angeles,6037
25-0000377,CA,Riverside,6065
25-0000378,CA,San Bernardino,6071
25-0000379,CA,Tulare,6107
25-0000380,CA,Riverside,6065
25-0000381,CA,San Diego,6073
25-0000382,CA,Los Angeles,6037
25-0000383,CA,Los Angeles,6037
25-0000384,CA,Los Angeles,6037
25-0000385,CA,Los Angeles,6037
25-0000386,CA,Monterey,6053
25-0000387,CA,Mendocino,6045
25-0000388,CA,Fresno,6019
25-0000389,CA,Ventura,6111
25-0000390,CA,San Bernardino,6071
25-0000391,CA,San Bernardino,6071
25-0000392,CA,Orange,6059
25-0000393,CA,Fresno,6019
25-0000394,CA,Los Angeles,6037
25-0000395,CA,Los Angeles,6037
25-0000396,CA,Sonoma,6097
25-0000397,CA,Orange,6059
25-0000398,CA,Sacramento,6067
25-0000399,CA,Los Angeles,6037
25-0000400,CA,Los Angeles,6037
25-0000401,CA,San Diego,6073
25-0000402,CA,Los Angeles,6037
25-0000403,CA,San Bernardino,6071
25-0000404,CA,Riverside,6065
25-0000405,CA,Los Angeles,6037
25-0000406,CA,Sacramento,6067
25-0000407,CA,Los Angeles,6037
25-0000408,CA,San Bernardino,6071
25-0000409,CA,Los Angeles,6037
25-0000410,CA,Los Angeles,6037
25-0000411,CA,Riverside,6065
25-0000412,CA,Los Angeles,6037
25-0000413,CA,San Bernardino,6071
25-0000414,CA,San Diego,6073
25-0000415,CA,Los Angeles,6037
25-0000416,CA,Los Angeles,6037
25-0000417,CA,Kern,6029
25-0000418,CA,Los Angeles,6037
25-0000419,CA,Fresno,6019
25-0000420,CA,Los Angeles,6037
25-0000421,CA,Placer,6061
25-0000422,CA,Los Angeles,6037
25-0000423,CA,Los Angeles,6037
25-0000424,CA,San Bernardino,6071
25-0000425,CA,Orange,6059
25-0000426,CA,Los Angeles,6037
25-0000427,CA,Los Angeles,6037
25-0000428,CA,San Bernardino,6071
25-0000429,CA,Orange,6059
25-0000430,CA,Santa Clara,6085
25-0000431,CA,Tulare,6107
25-0000432,CA,Placer,6061
25-0000433,CA,Los Angeles,6037
25-0000434,CA,Los Angeles,6037
25-0000435,CA,Santa Clara,6085
25-0000436,CA,Sacramento,6067
25-0000437,CA,Los Angeles,6037
25-0000438,CA,Los Angeles,6037
25-0000439,CA,Los Angeles,6037
25-0000440,CA,Los Angeles,6037
25-0000441,CA,Los Angeles,6037
25-0000442,CA,Los Angeles,6037
25-0000443,CA,Los Angeles,6037
25-0000444,CA,Los Angeles,6037
25-0000445,CA,Los Angeles,6037
25-0000446,CA,Riverside,6065
25-0000447,CA,San Bernardino,6071
25-0000448,CA,Los Angeles,6037
25-0000449,CA,Los Angeles,6037
25-0000450,CA,San Diego,6073
25-0000451,CA,Los Angeles,6037
25-0000452,CA,Orange,6059
25-0000453,CA,San Diego,6073
25-0000454,CA,Los Angeles,6037
25-0000455,CA,Los Angeles,6037
25-0000456,CA,Sacramento,6067
25-0000457,CA,Los Angeles,6037
25-0000458,CA,Nevada,6057
25-0000459,CA,Kern,6029
25-0000460,CA,Los Angeles,6037
25-0000461,CA,Kern,6029
25-0000462,CA,Los Angeles,6037
25-0000463,CA,Los Angeles,6037
25-0000464,CA,Los Angeles,6037
25-0000465,CA,Orange,6059
25-0000466,CA,Los Angeles,6037
25-0000467,CA,Fresno,6019
25-0000468,CA,Kern,6029
25-0000469,CA,Riverside,6065
25-0000470,CA,Orange,6059
25-0000471,CA,Imperial,6025
25-0000472,CA,Kern,6029
25-0000473,CA,Placer,6061
25-0000474,CA,San Diego,6073
25-0000475,CA,Yuba,6115
25-0000476,CA,Los Angeles,6037
25-0000477,CA,Contra Costa,6013
25-0000478,CA,Los Angeles,6037
25-0000479,CA,Riverside,6065
25-0000480,CA,Los Angeles,6037
25-0000481,CA,San Francisco,6075
25-0000482,CA,Orange,6059
25-0000483,CA,Los Angeles,6037
25-0000484,CA,San Francisco,6075
25-0000485,CA,Kings,6031
25-0000486,CA,Los Angeles,6037
25-0000487,CA,San Francisco,6075
25-0000488,CA,Fresno,6019
25-0000489,CA,Los Angeles,6037
25-0000490,CA,Los Angeles,6037
25-0000491,CA,Los Angeles,6037
25-0000492,CA,Orange,6059
25-0000493,CA,Los Angeles,6037
25-0000494,CA,Los Angeles,6037
25-0000495,CA,Los Angeles,6037
25-0000496,CA,Tulare,6107
25-0000497,CA,Los Angeles,6037
25-0000498,CA,San Bernardino,6071
25-0000499,CA,Orange,6059
25-0000500,CA,Riverside,6065
25-0000501,CA,Orange,6059
25-0000502,CA,Nevada,6057
25-0000503,CA,Los Angeles,6037
25-0000504,CA,Los Angeles,6037
25-0000505,CA,Napa,6055
25-0000506,CA,Santa Barbara,6083
25-0000507,CA,Los Angeles,6037
25-0000508,CA,San Francisco,6075
25-0000509,CA,Los Angeles,6037
25-0000510,CA,Marin,6041
25-0000511,CA,Los Angeles,6037
25-0000512,CA,Los Angeles,6037
25-0000513,CA,San Bernardino,6071
25-0000514,CA,Placer,6061
25-0000515,CA,San Joaquin,6077
25-0000516,CA,Los Angeles,6037
25-0000517,CA,Merced,6047
25-0000518,CA,San Bernardino,6071
25-0000519,CA,San Bernardino,6071
25-0000520,CA,Sacramento,6067
25-0000521,CA,Orange,6059
25-0000522,CA,Orange,6059
25-0000523,CA,San Diego,6073
25-0000524,CA,Ventura,6111
25-0000525,CA,Orange,6059
25-0000526,CA,Fresno,6019
25-0000527,CA,San Diego,6073
25-0000528,CA,Los Angeles,6037
25-0000529,CA,Los Angeles,6037
25-0000530,CA,San Bernardino,6071
25-0000531,CA,Los Angeles,6037
25-0000532,CA,Fresno,6019
25-0000533,CA,Los Angeles,6037
25-0000534,CA,Contra Costa,6013
25-0000535,CA,Los Angeles,6037
25-0000536,CA,Santa Clara,6085
25-0000537,CA,Orange,6059
25-0000538,CA,Los Angeles,6037
25-0000539,CA,Stanislaus,6099
25-0000540,CA,Mendocino,6045
25-0000541,CA,Alameda,6001
25-0000542,CA,Orange,6059
25-0000543,CA,San Joaquin,6077
25-0000544,CA,Sacramento,6067
25-0000545,CA,Los Angeles,6037
25-0000546,CA,Fresno,6019
25-0000547,CA,Los Angeles,6037
25-0000548,CA,Los Angeles,6037
25-0000549,CA,Riverside,6065
25-0000550,CA,Los Angeles,6037
25-0000551,CA,Los Angeles,6037
25-0000552,CA,Orange,6059
25-0000553,CA,Orange,6059
25-0000554,CA,Los Angeles,6037
25-0000555,CA,Placer,6061
25-0000556,CA,Riverside,6065
25-0000557,CA,San Francisco,6075
25-0000558,CA,San Bernardino,6071
25-0000559,CA,San Diego,6073
25-0000560,CA,Los Angeles,6037
25-0000561,CA,Los Angeles,6037
25-0000562,CA,Los Angeles,6037
25-0000563,CA,Marin,6041
25-0000564,CA,Los Angeles,6037
25-0000565,CA,Los Angeles,6037
25-0000566,CA,Riverside,6065
25-0000567,CA,Los Angeles,6037
25-0000568,CA,Los Angeles,6037
25-0000569,CA,Los Angeles,6037
25-0000570,CA,Orange,6059
25-0000571,CA,Los Angeles,6037
25-0000572,CA,Orange,6059
25-0000573,CA,San Bernardino,6071
25-0000574,CA,Orange,6059
25-0000575,CA,Los Angeles,6037
25-0000576,CA,Los Angeles,6037
25-0000577,CA,Riverside,6065
25-0000578,CA,San Bernardino,6071
25-0000579,CA,San Bernardino,6071
25-0000580,CA,Los Angeles,6037
25-0000581,CA,Ventura,6111
25-0000582,CA,Los Angeles,6037
25-0000583,CA,Los Angeles,6037
25-0000584,CA,Los Angeles,6037
25-0000585,CA,San Mateo,6081
25-0000586,CA,Riverside,6065
25-0000587,CA,Ventura,6111
25-0000588,CA,Kern,6029
25-0000589,CA,Los Angeles,6037
25-0000590,CA,Tulare,6107
25-0000591,CA,Contra Costa,6013
25-0000592,CA,Tulare,6107
25-0000593,CA,Tulare,6107
25-0000594,CA,Los Angeles,6037
25-0000595,CA,Contra Costa,6013
25-0000596,CA,Los Angeles,6037
25-0000597,CA,Los Angeles,6037
25-0000598,CA,Stanislaus,6099
25-0000599,CA,Los Angeles,6037
25-0000600,CA,Madera,6039
25-0000601,CA,Riverside,6065
25-0000602,CA,Los Angeles,6037
25-0000603,CA,San Joaquin,6077
25-0000604,CA,Riverside,6065
25-0000605,CA,Los Angeles,6037
25-0000606,CA,Kern,6029
25-0000607,CA,Los Angeles,6037
25-0000608,CA,Orange,6059
25-0000609,CA,Los Angeles,6037
25-0000610,CA,Los Angeles,6037
25-0000611,CA,San Diego,6073
25-0000612,CA,Kern,6029
25-0000613,CA,Los Angeles,6037
25-0000614,CA,Los Angeles,6037
25-0000615,CA,Riverside,6065
25-0000616,CA,Riverside,6065
25-0000617,CA,Los Angeles,6037
25-0000618,CA,Los Angeles,6037
25-0000619,CA,San Diego,6073
25-0000620,CA,Fresno,6019
25-0000621,CA,San Mateo,6081
25-0000622,CA,Riverside,6065
25-0000623,CA,Los Angeles,6037
25-0000624,CA,San Bernardino,6071
25-0000625,CA,Riverside,6065
25-0000626,CA,Riverside,6065
25-0000627,CA,Los Angeles,6037
25-0000628,CA,Fresno,6019
25-0000629,CA,Kern,6029
25-0000630,CA,Los Angeles,6037
25-0000631,CA,Alameda,6001
25-0000632,CA,Los Angeles,6037
25-0000633,CA,San Bernardino,6071
25-0000634,CA,Yolo,6113
25-0000635,CA,Los Angeles,6037
25-0000636,CA,Orange,6059
25-0000637,CA,Los Angeles,6037
25-0000638,CA,Riverside,6065
25-0000639,CA,Riverside,6065
25-0000640,CA,Orange,6059
25-0000641,CA,Los Angeles,6037
25-0000642,CA,Los Angeles,6037
25-0000643,CA,Los Angeles,6037
25-0000644,CA,Los Angeles,6037
25-0000645,CA,Los Angeles,6037
25-0000646,CA,Tulare,6107
25-0000647,CA,San Bernardino,6071
25-0000648,CA,Alameda,6001
25-0000649,CA,Fresno,6019
25-0000650,CA,San Joaquin,6077
25-0000651,CA,San Bernardino,6071
25-0000652,CA,Tulare,6107
25-0000653,CA,Los Angeles,6037
25-0000654,CA,Los Angeles,6037
25-0000655,CA,Los Angeles,6037
25-0000656,CA,Los Angeles,6037
25-0000657,CA,San Mateo,6081
25-0000658,CA,Los Angeles,6037
25-0000659,CA,San Diego,6073
25-0000660,CA,Los Angeles,6037
25-0000661,CA,Alameda,6001
25-0000662,CA,Los Angeles,6037
25-0000663,CA,Los Angeles,6037
25-0000664,CA,Kings,6031
25-0000665,CA,Los Angeles,6037
25-0000666,CA,San Bernardino,6071
25-0000667,CA,Los Angeles,6037
25-0000668,CA,Los Angeles,6037
25-0000669,CA,Sutter,6101
25-0000670,CA,Los Angeles,6037
25-0000671,CA,Sacramento,6067
25-0000672,CA,Riverside,6065
25-0000673,CA,Los Angeles,6037
25-0000674,CA,Monterey,6053
25-0000675,CA,Los Angeles,6037
25-0000676,CA,Sacramento,6067
25-0000677,CA,Riverside,6065
25-0000678,CA,Los Angeles,6037
25-0000679,CA,San Bernardino,6071
25-0000680,CA,Los Angeles,6037
25-0000681,CA,San Bernardino,6071
25-0000682,CA,Los Angeles,6037
25-0000683,CA,Los Angeles,6037
25-0000684,CA,San Bernardino,6071
25-0000685,CA,Kern,6029
25-0000686,CA,Los Angeles,6037
25-0000687,CA,Los Angeles,6037
25-0000688,CA,Los Angeles,6037
25-0000689,CA,San Bernardino,6071
25-0000690,CA,San Diego,6073
25-0000691,CA,El Dorado,6017
25-0000692,CA,Mono,6051
25-0000693,CA,Los Angeles,6037
25-0000694,CA,Los Angeles,6037
25-0000695,CA,Orange,6059
25-0000696,CA,Sonoma,6097
25-0000697,CA,San Diego,6073
25-0000698,CA,Stanislaus,6099
25-0000699,CA,Riverside,6065
25-0000700,CA,Orange,6059
25-0000701,CA,Los Angeles,6037
25-0000702,CA,Riverside,6065
25-0000703,CA,Orange,6059
25-0000704,CA,San Bernardino,6071
25-0000705,CA,Los Angeles,6037
25-0000706,CA,Los Angeles,6037
25-0000707,CA,Contra Costa,6013
25-0000708,CA,Los Angeles,6037
25-0000709,CA,San Bernardino,6071
25-0000710,CA,San Diego,6073
25-0000711,CA,Los Angeles,6037
25-0000712,CA,San Bernardino,6071
25-0000713,CA,San Bernardino,6071
25-0000714,CA,Sacramento,6067
25-0000715,CA,Los Angeles,6037
25-0000716,CA,Los Angeles,6037
25-0000717,CA,Riverside,6065
25-0000718,CA,Fresno,6019
25-0000719,CA,San Diego,6073
25-0000720,CA,Sutter,6101
25-0000721,CA,San Joaquin,6077
25-0000722,CA,San Diego,6073
25-0000723,CA,Los Angeles,6037
25-0000724,CA,Riverside,6065
25-0000725,CA,Los Angeles,6037
25-0000726,CA,Los Angeles,6037
25-0000727,CA,Sacramento,6067
25-0000728,CA,Los Angeles,6037
25-0000729,CA,San Diego,6073
25-0000730,CA,Los Angeles,6037
25-0000731,CA,Los Angeles,6037
25-0000732,CA,Riverside,6065
25-0000733,CA,San Joaquin,6077
25-0000734,CA,Los Angeles,6037
25-0000735,CA,Fresno,6019
25-0000736,CA,San Diego,6073
25-0000737,CA,Stanislaus,6099
25-0000738,CA,Los Angeles,6037
25-0000739,CA,Los Angeles,6037
25-0000740,CA,Los Angeles,6037
25-0000741,CA,Los Angeles,6037
25-0000742,CA,Alameda,6001
25-0000743,CA,Los Angeles,6037
25-0000744,CA,Los Angeles,6037
25-0000745,CA,San Mateo,6081
25-0000746,CA,Los Angeles,6037
25-0000747,CA,Orange,6059
25-0000748,CA,San Bernardino,6071
25-0000749,CA,San Bernardino,6071
25-0000750,CA,Merced,6047
25-0000751,CA,Los Angeles,6037
25-0000752,CA,Orange,6059
25-0000753,CA,Los Angeles,6037
25-0000754,CA,Orange,6059
25-0000755,CA,Orange,6059
25-0000756,CA,San Bernardino,6071
25-0000757,CA,Los Angeles,6037
25-0000758,CA,Riverside,6065
25-0000759,CA,Los Angeles,6037
25-0000760,CA,Los Angeles,6037
25-0000761,CA,Merced,6047
25-0000762,CA,Solano,6095
25-0000763,CA,Riverside,6065
25-0000764,CA,San Diego,6073
25-0000765,CA,Orange,6059
25-0000766,CA,Kern,6029
25-0000767,CA,Santa Barbara,6083
25-0000768,CA,Los Angeles,6037
25-0000769,CA,Los Angeles,6037
25-0000770,CA,Los Angeles,6037
25-0000771,CA,Alameda,6001
25-0000772,CA,San Diego,6073
25-0000773,CA,Orange,6059
25-0000774,CA,San Bernardino,6071
25-0000775,CA,Los Angeles,6037
25-0000776,CA,Los Angeles,6037
25-0000777,CA,Los Angeles,6037
25-0000778,CA,Los Angeles,6037
25-0000779,CA,San Benito,6069
25-0000780,CA,Orange,6059
25-0000781,CA,San Diego,6073
25-0000782,CA,Orange,6059
25-0000783,CA,Los Angeles,6037
25-0000784,CA,Los Angeles,6037
25-0000785,CA,San Bernardino,6071
25-0000786,CA,Fresno,6019
25-0000787,CA,Orange,6059
25-0000788,CA,Los Angeles,6037
25-0000789,CA,Los Angeles,6037
25-0000790,CA,Placer,6061
25-0000791,CA,Orange,6059
25-0000792,CA,San Bernardino,6071
25-0000793,CA,Santa Clara,6085
25-0000794,CA,San Joaquin,6077
25-0000795,CA,Los Angeles,6037
25-0000796,CA,Alameda,6001
25-0000797,CA,Los Angeles,6037
25-0000798,CA,Santa Barbara,6083
25-0000799,CA,Los Angeles,6037
25-0000800,CA,San Bernardino,6071
25-0000801,CA,Shasta,6089
25-0000802,CA,Los Angeles,6037
25-0000803,CA,Orange,6059
25-0000804,CA,Riverside,6065
25-0000805,CA,Kern,6029
25-0000806,CA,Los Angeles,6037
25-0000807,CA,Los Angeles,6037
25-0000808,CA,Yolo,6113
25-0000809,CA,Los Angeles,6037
25-0000810,CA,Los Angeles,6037
25-0000811,CA,Los Angeles,6037
25-0000812,CA,San Joaquin,6077
25-0000813,CA,Tulare,6107
25-0000814,CA,Sacramento,6067
25-0000815,CA,Stanislaus,6099
25-0000816,CA,Shasta,6089
25-0000817,CA,Alameda,6001
25-0000818,CA,Riverside,6065
25-0000819,CA,Los Angeles,6037
25-0000820,CA,San Mateo,6081
25-0000821,CA,San Bernardino,6071
25-0000822,CA,Los Angeles,6037
25-0000823,CA,San Bernardino,6071
25-0000824,CA,Tulare,6107
25-0000825,CA,Orange,6059
25-0000826,CA,Los Angeles,6037
25-0000827,CA,Orange,6059
25-0000828,CA,San Diego,6073
25-0000829,CA,Orange,6059
25-0000830,CA,Los Angeles,6037
25-0000831,CA,Orange,6059
25-0000832,CA,Riverside,6065
25-0000833,CA,Orange,6059
25-0000834,CA,Alameda,6001
25-0000835,CA,Los Angeles,6037
25-0000836,CA,Santa Barbara,6083
25-0000837,CA,Los Angeles,6037
25-0000838,CA,San Francisco,6075
25-0000839,CA,San Diego,6073
25-0000840,CA,Los Angeles,6037
25-0000841,CA,San Bernardino,6071
25-0000842,CA,San Bernardino,6071
25-0000843,CA,Butte,6007
25-0000844,CA,Orange,6059
25-0000845,CA,Los Angeles,6037
25-0000846,CA,Los Angeles,6037
25-0000847,CA,Orange,6059
25-0000848,CA,Fresno,6019
25-0000849,CA,Los Angeles,6037
25-0000850,CA,Los Angeles,6037
25-0000851,CA,Los Angeles,6037
25-0000852,CA,Kern,6029
25-0000853,CA,Los Angeles,6037
25-0000854,CA,Santa Clara,6085
25-0000855,CA,Los Angeles,6037
25-0000856,CA,Orange,6059
25-0000857,CA,San Bernardino,6071
25-0000858,CA,Humboldt,6023
25-0000859,CA,Riverside,6065
25-0000860,CA,Riverside,6065
25-0000861,CA,Los Angeles,6037
25-0000862,CA,Sacramento,6067
25-0000863,CA,Los Angeles,6037
25-0000864,CA,Fresno,6019
25-0000865,CA,Los Angeles,6037
25-0000866,CA,Sacramento,6067
25-0000867,CA,Los Angeles,6037
25-0000868,CA,Los Angeles,6037
25-0000869,CA,Alameda,6001
25-0000870,CA,Los Angeles,6037
25-0000871,CA,Stanislaus,6099
25-0000872,CA,Los Angeles,6037
25-0000873,CA,San Bernardino,6071
25-0000874,CA,Los Angeles,6037
25-0000875,CA,Orange,6059
25-0000876,CA,Sacramento,6067
25-0000877,CA,Ventura,6111
25-0000878,CA,Los Angeles,6037
25-0000879,CA,Riverside,6065
25-0000880,CA,San Bernardino,6071
25-0000881,CA,Sonoma,6097
25-0000882,CA,Riverside,6065
25-0000883,CA,Orange,6059
25-0000884,CA,Fresno,6019
25-0000885,CA,Los Angeles,6037
25-0000886,CA,Kern,6029
25-0000887,CA,Los Angeles,6037
25-0000888,CA,Los Angeles,6037
25-0000889,CA,Yolo,6113
25-0000890,CA,Kern,6029
25-0000891,CA,Los Angeles,6037
25-0000892,CA,San Bernardino,6071
25-0000893,CA,Contra Costa,6013
25-0000894,CA,Los Angeles,6037
25-0000895,CA,Monterey,6053
25-0000896,CA,Orange,6059
25-0000897,CA,Los Angeles,6037
25-0000898,CA,Kings,6031
25-0000899,CA,Los Angeles,6037
25-0000900,CA,Riverside,6065
25-0000901,CA,Riverside,6065
25-0000902,CA,Kern,6029
25-0000903,CA,San Bernardino,6071
25-0000904,CA,Riverside,6065
25-0000905,CA,San Bernardino,6071
25-0000906,CA,Los Angeles,6037
25-0000907,CA,Placer,6061
25-0000908,CA,Los Angeles,6037
25-0000909,CA,Shasta,6089
25-0000910,CA,Los Angeles,6037
25-0000911,CA,Shasta,6089
25-0000912,CA,Los Angeles,6037
25-0000913,CA,San Bernardino,6071
25-0000914,CA,Merced,6047
25-0000915,CA,Los Angeles,6037
25-0000916,CA,Los Angeles,6037
25-0000917,CA,Los Angeles,6037
25-0000918,CA,Orange,6059
25-0000919,CA,Fresno,6019
25-0000920,CA,Riverside,6065
25-0000921,CA,Los Angeles,6037
25-0000922,CA,San Mateo,6081
25-0000923,CA,San Bernardino,6071
25-0000924,CA,Los Angeles,6037
25-0000925,CA,Los Angeles,6037
25-0000926,CA,Riverside,6065
25-0000927,CA,Sonoma,6097
25-0000928,CA,Ventura,6111
25-0000929,CA,Los Angeles,6037
25-0000930,CA,Los Angeles,6037
25-0000931,CA,Los Angeles,6037
25-0000932,CA,Riverside,6065
25-0000933,CA,Sacramento,6067
25-0000934,CA,Fresno,6019
25-0000935,CA,Los Angeles,6037
25-0000936,CA,Orange,6059
25-0000937,CA,Tulare,6107
25-0000938,CA,Los Angeles,6037
25-0000939,CA,Los Angeles,6037
25-0000940,CA,Solano,6095
25-0000941,CA,Riverside,6065
25-0000942,CA,Riverside,6065
25-0000943,CA,Los Angeles,6037
25-0000944,CA,Los Angeles,6037
25-0000945,CA,Los Angeles,6037
25-0000946,CA,San Bernardino,6071
25-0000947,CA,Imperial,6025
25-0000948,CA,Los Angeles,6037
25-0000949,CA,Los Angeles,6037
25-0000950,CA,Madera,6039
25-0000951,CA,Tehama,6103
25-0000952,CA,San Bernardino,6071
25-0000953,CA,Los Angeles,6037
25-0000954,CA,San Diego,6073
25-0000955,CA,Los Angeles,6037
25-0000956,CA,Los Angeles,6037
25-0000957,CA,Los Angeles,6037
25-0000958,CA,Sacramento,6067
25-0000959,CA,Los Angeles,6037
25-0000960,CA,Riverside,6065
25-0000961,CA,San Diego,6073
25-0000962,CA,Sacramento,6067
25-0000963,CA,Orange,6059
25-0000964,CA,Stanislaus,6099
25-0000965,CA,Del Norte,6015
25-0000966,CA,Los Angeles,6037
25-0000967,CA,Los Angeles,6037
25-0000968,CA,Merced,6047
25-0000969,CA,San Joaquin,6077
25-0000970,CA,Butte,6007
25-0000971,CA,Los Angeles,6037
25-0000972,CA,San Diego,6073
25-0000973,CA,Orange,6059
25-0000974,CA,Los Angeles,6037
25-0000975,CA,Santa Clara,6085
25-0000976,CA,Los Angeles,6037
25-0000977,CA,San Joaquin,6077
25-0000978,CA,Los Angeles,6037
25-0000979,CA,Fresno,6019
25-0000980,CA,Ventura,6111
25-0000981,CA,San Bernardino,6071
25-0000982,CA,Los Angeles,6037
25-0000983,CA,Alameda,6001
25-0000984,CA,Orange,6059
25-0000985,CA,Los Angeles,6037
25-0000986,CA,Los Angeles,6037
25-0000987,CA,Santa Clara,6085
25-0000988,CA,Tulare,6107
25-0000989,CA,Santa Clara,6085
25-0000990,CA,Orange,6059
25-0000991,CA,Alameda,6001
25-0000992,CA,Los Angeles,6037
25-0000993,CA,Los Angeles,6037
25-0000994,CA,Los Angeles,6037
25-0000995,CA,Sacramento,6067
25-0000996,CA,San Bernardino,6071
25-0000997,CA,Riverside,6065
25-0000998,CA,Alameda,6001
25-0000999,CA,Alameda,6001
25-0001000,CA,Los Angeles,6037
25-0001001,CA,Los Angeles,6037
25-0001002,CA,Fresno,6019
25-0001003,CA,San Diego,6073
25-0001004,CA,Los Angeles,6037
25-0001005,CA,Los Angeles,6037
25-0001006,CA,Orange,6059
25-0001007,CA,Sacramento,6067
25-0001008,CA,Los Angeles,6037
25-0001009,CA,Riverside,6065
25-0001010,CA,Los Angeles,6037
25-0001011,CA,San Luis Obispo,6079
25-0001012,CA,Los Angeles,6037
25-0001013,CA,Sacramento,6067
25-0001014,CA,Los Angeles,6037
25-0001015,CA,Riverside,6065
25-0001016,CA,Los Angeles,6037
25-0001017,CA,Los Angeles,6037
25-0001018,CA,Riverside,6065
25-0001019,CA,San Diego,6073
25-0001020,CA,Orange,6059
25-0001021,CA,San Joaquin,6077
25-0001022,CA,Napa,6055
25-0001023,CA,Los Angeles,6037
25-0001024,CA,Sonoma,6097
25-0001025,CA,Alameda,6001
25-0001026,CA,Los Angeles,6037
25-0001027,CA,Los Angeles,6037
25-0001028,CA,Los Angeles,6037
25-0001029,CA,Orange,6059
25-0001030,CA,San Bernardino,6071
25-0001031,CA,Los Angeles,6037
25-0001032,CA,Los Angeles,6037
25-0001033,CA,Los Angeles,6037
25-0001034,CA,Los Angeles,6037
25-0001035,CA,Los Angeles,6037
25-0001036,CA,San Diego,6073
25-0001037,CA,Los Angeles,6037
25-0001038,CA,Orange,6059
25-0001039,CA,Riverside,6065
25-0001040,CA,Los Angeles,6037
25-0001041,CA,Los Angeles,6037
25-0001042,CA,Riverside,6065
25-0001043,CA,Los Angeles,6037
25-0001044,CA,Los Angeles,6037
25-0001045,CA,Kings,6031
25-0001046,CA,Los Angeles,6037
25-0001047,CA,Los Angeles,6037
25-0001048,CA,San Bernardino,6071
25-0001049,CA,San Bernardino,6071
25-0001050,CA,Los Angeles,6037
25-0001051,CA,Ventura,6111
25-0001052,CA,Santa Clara,6085
25-0001053,CA,Riverside,6065
25-0001054,CA,Los Angeles,6037
25-0001055,CA,Los Angeles,6037
25-0001056,CA,Fresno,6019
25-0001057,CA,Riverside,6065
25-0001058,CA,Los Angeles,6037
25-0001059,CA,Los Angeles,6037
25-0001060,CA,Los Angeles,6037
25-0001061,CA,Santa Cruz,6087
25-0001062,CA,Los Angeles,6037
25-0001063,CA,Los Angeles,6037
25-0001064,CA,San Diego,6073
25-0001065,CA,Stanislaus,6099
25-0001066,CA,Contra Costa,6013
25-0001067,CA,Imperial,6025
25-0001068,CA,Riverside,6065
25-0001069,CA,San Bernardino,6071
25-0001070,CA,Tulare,6107
25-0001071,CA,Orange,6059
25-0001072,CA,Riverside,6065
25-0001073,CA,Los Angeles,6037
25-0001074,CA,Los Angeles,6037
25-0001075,CA,Riverside,6065
25-0001076,CA,Tehama,6103
25-0001077,CA,Orange,6059
25-0001078,CA,San Bernardino,6071
25-0001079,CA,Fresno,6019
25-0001080,CA,Santa Cruz,6087
25-0001081,CA,Los Angeles,6037
25-0001082,CA,San Diego,6073
25-0001083,CA,Orange,6059
25-0001084,CA,Kern,6029
25-0001085,CA,Kern,6029
25-0001086,CA,Sacramento,6067
25-0001087,CA,Stanislaus,6099
25-0001088,CA,Imperial,6025
25-0001089,CA,Los Angeles,6037
25-0001090,CA,Alameda,6001
25-0001091,CA,Tulare,6107
25-0001092,CA,Los Angeles,6037
25-0001093,CA,Los Angeles,6037
25-0001094,CA,Sacramento,6067
25-0001095,CA,Los Angeles,6037
25-0001096,CA,Santa Clara,6085
25-0001097,CA,Los Angeles,6037
25-0001098,CA,Los Angeles,6037
25-0001099,CA,Los Angeles,6037
25-0001100,CA,Riverside,6065
25-0001101,CA,Riverside,6065
25-0001102,CA,Stanislaus,6099
25-0001103,CA,Los Angeles,6037
25-0001104,CA,Riverside,6065
25-0001105,CA,Alameda,6001
25-0001106,CA,Los Angeles,6037
25-0001107,CA,Tulare,6107
25-0001108,CA,Los Angeles,6037
25-0001109,CA,Los Angeles,6037
25-0001110,CA,Siskiyou,6093
25-0001111,CA,Stanislaus,6099
25-0001112,CA,Riverside,6065
25-0001113,CA,Los Angeles,6037
25-0001114,CA,Riverside,6065
25-0001115,CA,Los Angeles,6037
25-0001116,CA,Los Angeles,6037
25-0001117,CA,Los Angeles,6037
25-0001118,CA,Los Angeles,6037
25-0001119,CA,Alameda,6001
25-0001120,CA,Orange,6059
25-0001121,CA,Los Angeles,6037
25-0001122,CA,Los Angeles,6037
25-0001123,CA,Los Angeles,6037
25-0001124,CA,Los Angeles,6037
25-0001125,CA,Kern,6029
25-0001126,CA,Santa Cruz,6087
25-0001127,CA,Los Angeles,6037
25-0001128,CA,Riverside,6065
25-0001129,CA,Kern,6029
25-0001130,CA,San Bernardino,6071
25-0001131,CA,Stanislaus,6099
25-0001132,CA,Riverside,6065
25-0001133,CA,Los Angeles,6037
25-0001134,CA,San Bernardino,6071
25-0001135,CA,San Bernardino,6071
25-0001136,CA,Fresno,6019
25-0001137,CA,Sacramento,6067
25-0001138,CA,San Bernardino,6071
25-0001139,CA,Los Angeles,6037
25-0001140,CA,Riverside,6065
25-0001141,CA,Riverside,6065
25-0001142,CA,Fresno,6019
25-0001143,CA,Los Angeles,6037
25-0001144,CA,San Bernardino,6071
25-0001145,CA,Santa Barbara,6083
25-0001146,CA,Fresno,6019
25-0001147,CA,Fresno,6019
25-0001148,CA,Los Angeles,6037
25-0001149,CA,Los Angeles,6037
25-0001150,CA,Los Angeles,6037
25-0001151,CA,Sacramento,6067
25-0001152,CA,Calaveras,6009
25-0001153,CA,San Bernardino,6071
25-0001154,CA,Riverside,6065
25-0001155,CA,Orange,6059
25-0001156,CA,Kern,6029
25-0001157,CA,Orange,6059
25-0001158,CA,Los Angeles,6037
25-0001159,CA,Ventura,6111
25-0001160,CA,Los Angeles,6037
25-0001161,CA,San Mateo,6081
25-0001162,CA,San Diego,6073
25-0001163,CA,Los Angeles,6037
25-0001164,CA,Orange,6059
25-0001165,CA,Los Angeles,6037
25-0001166,CA,Madera,6039
25-0001167,CA,Los Angeles,6037
25-0001168,CA,Los Angeles,6037
25-0001169,CA,Los Angeles,6037
25-0001170,CA,Stanislaus,6099
25-0001171,CA,Los Angeles,6037
25-0001172,CA,San Bernardino,6071
25-0001173,CA,Riverside,6065
25-0001174,CA,Shasta,6089
25-0001175,CA,Contra Costa,6013
25-0001176,CA,Los Angeles,6037
25-0001177,CA,Riverside,6065
25-0001178,CA,San Bernardino,6071
25-0001179,CA,Kern,6029
25-0001180,CA,Riverside,6065
25-0001181,CA,Los Angeles,6037
25-0001182,CA,Sacramento,6067
25-0001183,CA,Los Angeles,6037
25-0001184,CA,Riverside,6065
25-0001185,CA,Los Angeles,6037
25-0001186,CA,San Diego,6073
25-0001187,CA,Los Angeles,6037
25-0001188,CA,Los Angeles,6037
25-0001189,CA,Los Angeles,6037
25-0001190,CA,Los Angeles,6037
25-0001191,CA,Los Angeles,6037
25-0001192,CA,San Bernardino,6071
25-0001193,CA,Los Angeles,6037
25-0001194,CA,San Diego,6073
25-0001195,CA,San Francisco,6075
25-0001196,CA,San Diego,6073
25-0001197,CA,Los Angeles,6037
25-0001198,CA,Los Angeles,6037
25-0001199,CA,San Joaquin,6077
25-0001200,CA,Los Angeles,6037
25-0001201,CA,San Bernardino,6071
25-0001202,CA,Orange,6059
25-0001203,CA,Los Angeles,6037
25-0001204,CA,Los Angeles,6037
25-0001205,CA,Imperial,6025
25-0001206,CA,Santa Barbara,6083
25-0001207,CA,San Mateo,6081
25-0001208,CA,Los Angeles,6037
25-0001209,CA,Los Angeles,6037
25-0001210,CA,Los Angeles,6037
25-0001211,CA,San Francisco,6075
25-0001212,CA,Riverside,6065
25-0001213,CA,San Bernardino,6071
25-0001214,CA,Solano,6095
25-0001215,CA,Riverside,6065
25-0001216,CA,Los Angeles,6037
25-0001217,CA,Los Angeles,6037
25-0001218,CA,Los Angeles,6037
25-0001219,CA,Los Angeles,6037
25-0001220,CA,San Bernardino,6071
25-0001221,CA,Los Angeles,6037
25-0001222,CA,Los Angeles,6037
25-0001223,CA,Los Angeles,6037
25-0001224,CA,Yolo,6113
25-0001225,CA,San Mateo,6081
25-0001226,CA,San Bernardino,6071
25-0001227,CA,Los Angeles,6037
25-0001228,CA,Los Angeles,6037
25-0001229,CA,Los Angeles,6037
25-0001230,CA,Riverside,6065
25-0001231,CA,Orange,6059
25-0001232,CA,Los Angeles,6037
25-0001233,CA,Los Angeles,6037
25-0001234,CA,Santa Cruz,6087
25-0001235,CA,Fresno,6019
25-0001236,CA,Los Angeles,6037
25-0001237,CA,Riverside,6065
25-0001238,CA,Riverside,6065
25-0001239,CA,San Mateo,6081
25-0001240,CA,Santa Clara,6085
25-0001241,CA,San Bernardino,6071
25-0001242,CA,Los Angeles,6037
25-0001243,CA,Los Angeles,6037
25-0001244,CA,Los Angeles,6037
25-0001245,CA,Los Angeles,6037
25-0001246,CA,Sacramento,6067
25-0001247,CA,Los Angeles,6037
25-0001248,CA,Los Angeles,6037
25-0001249,CA,Los Angeles,6037
25-0001250,CA,Los Angeles,6037
25-0001251,CA,Kern,6029
25-0001252,CA,Los Angeles,6037
25-0001253,CA,Los Angeles,6037
25-0001254,CA,San Bernardino,6071
25-0001255,CA,San Bernardino,6071
25-0001256,CA,Orange,6059
25-0001257,CA,Riverside,6065
25-0001258,CA,Los Angeles,6037
25-0001259,CA,Orange,6059
25-0001260,CA,San Joaquin,6077
25-0001261,CA,Alameda,6001
25-0001262,CA,Shasta,6089
25-0001263,CA,Orange,6059
25-0001264,CA,Kern,6029
25-0001265,CA,Los Angeles,6037
25-0001266,CA,Los Angeles,6037
25-0001267,CA,Kern,6029
25-0001268,CA,Los Angeles,6037
25-0001269,CA,Riverside,6065
25-0001270,CA,Los Angeles,6037
25-0001271,CA,Contra Costa,6013
25-0001272,CA,Butte,6007
25-0001273,CA,Los Angeles,6037
25-0001274,CA,Los Angeles,6037
25-0001275,CA,Santa Clara,6085
25-0001276,CA,Kern,6029
25-0001277,CA,Santa Cruz,6087
25-0001278,CA,San Bernardino,6071
25-0001279,CA,Los Angeles,6037
25-0001280,CA,Kings,6031
25-0001281,CA,Los Angeles,6037
25-0001282,CA,Los Angeles,6037
25-0001283,CA,Riverside,6065
25-0001284,CA,Ventura,6111
25-0001285,CA,Los Angeles,6037
25-0001286,CA,Los Angeles,6037
25-0001287,CA,Riverside,6065
25-0001288,CA,Los Angeles,6037
25-0001289,CA,Kern,6029
25-0001290,CA,Riverside,6065
25-0001291,CA,Los Angeles,6037
25-0001292,CA,Los Angeles,6037
25-0001293,CA,Orange,6059
25-0001294,CA,Tulare,6107
25-0001295,CA,Los Angeles,6037
25-0001296,CA,San Joaquin,6077
25-0001297,CA,Los Angeles,6037
25-0001298,CA,Los Angeles,6037
25-0001299,CA,Los Angeles,6037
25-0001300,CA,Orange,6059
25-0001301,CA,Los Angeles,6037
25-0001302,CA,Los Angeles,6037
25-0001303,CA,Los Angeles,6037
25-0001304,CA,Los Angeles,6037
25-0001305,CA,Kern,6029
25-0001306,CA,Los Angeles,6037
25-0001307,CA,Orange,6059
25-0001308,CA,Los Angeles,6037
25-0001309,CA,Los Angeles,6037
25-0001310,CA,Mendocino,6045
25-0001311,CA,Los Angeles,6037
25-0001312,CA,Los Angeles,6037
25-0001313,CA,Los Angeles,6037
25-0001314,CA,Los Angeles,6037
25-0001315,CA,Santa Barbara,6083
25-0001316,CA,San Diego,6073
25-0001317,CA,Los Angeles,6037
25-0001318,CA,Riverside,6065
25-0001319,CA,San Luis Obispo,6079
25-0001320,CA,Ventura,6111
25-0001321,CA,Los Angeles,6037
25-0001322,CA,Los Angeles,6037
25-0001323,CA,San Francisco,6075
25-0001324,CA,Los Angeles,6037
25-0001325,CA,Riverside,6065
25-0001326,CA,San Diego,6073
25-0001327,CA,Los Angeles,6037
25-0001328,CA,Los Angeles,6037
25-0001329,CA,Sonoma,6097
25-0001330,CA,Los Angeles,6037
25-0001331,CA,Los Angeles,6037
25-0001332,CA,Imperial,6025
25-0001333,CA,Orange,6059
25-0001334,CA,Orange,6059
25-0001335,CA,San Bernardino,6071
25-0001336,CA,Ventura,6111
25-0001337,CA,Los Angeles,6037
25-0001338,CA,Riverside,6065
25-0001339,CA,San Bernardino,6071
25-0001340,CA,Los Angeles,6037
25-0001341,CA,San Bernardino,6071
25-0001342,CA,Orange,6059
25-0001343,CA,El Dorado,6017
25-0001344,CA,San Bernardino,6071
25-0001345,CA,Monterey,6053
25-0001346,CA,Mariposa,6043
25-0001347,CA,San Diego,6073
25-0001348,CA,Los Angeles,6037
25-0001349,CA,Los Angeles,6037
25-0001350,CA,Riverside,6065
25-0001351,CA,Shasta,6089
25-0001352,CA,Los Angeles,6037
25-0001353,CA,Los Angeles,6037
25-0001354,CA,Sacramento,6067
25-0001355,CA,Orange,6059
25-0001356,CA,Los Angeles,6037
25-0001357,CA,Los Angeles,6037
25-0001358,CA,Los Angeles,6037
25-0001359,CA,Los Angeles,6037
25-0001360,CA,San Diego,6073
25-0001361,CA,Tulare,6107
25-0001362,CA,Los Angeles,6037
25-0001363,CA,San Bernardino,6071
25-0001364,CA,Los Angeles,6037
25-0001365,CA,Los Angeles,6037
25-0001366,CA,Sonoma,6097
25-0001367,CA,Tulare,6107
25-0001368,CA,San Bernardino,6071
25-0001369,CA,Riverside,6065
25-0001370,CA,Sutter,6101
25-0001371,CA,Inyo,6027
25-0001372,CA,Monterey,6053
25-0001373,CA,Sacramento,6067
25-0001374,CA,Yuba,6115
25-0001375,CA,Riverside,6065
25-0001376,CA,San Bernardino,6071
25-0001377,CA,Riverside,6065
25-0001378,CA,San Bernardino,6071
25-0001379,CA,Santa Cruz,6087
25-0001380,CA,Los Angeles,6037
25-0001381,CA,Humboldt,6023
25-0001382,CA,Los Angeles,6037
25-0001383,CA,Los Angeles,6037
25-0001384,CA,Los Angeles,6037
25-0001385,CA,Riverside,6065
25-0001386,CA,Alameda,6001
25-0001387,CA,Los Angeles,6037
25-0001388,CA,San Bernardino,6071
25-0001389,CA,Riverside,6065
25-0001390,CA,Stanislaus,6099
25-0001391,CA,Riverside,6065
25-0001392,CA,Los Angeles,6037
25-0001393,CA,Yolo,6113
25-0001394,CA,Placer,6061
25-0001395,CA,San Mateo,6081
25-0001396,CA,San Bernardino,6071
25-0001397,CA,Los Angeles,6037
25-0001398,CA,San Diego,6073
25-0001399,CA,Sacramento,6067
25-0001400,CA,Los Angeles,6037
25-0001401,CA,San Bernardino,6071
25-0001402,CA,Los Angeles,6037
25-0001403,CA,Los Angeles,6037
25-0001404,CA,Los Angeles,6037
25-0001405,CA,San Diego,6073
25-0001406,CA,Los Angeles,6037
25-0001407,CA,San Luis Obispo,6079
25-0001408,CA,Los Angeles,6037
25-0001409,CA,Butte,6007
25-0001410,CA,Orange,6059
25-0001411,CA,Los Angeles,6037
25-0001412,CA,Los Angeles,6037
25-0001413,CA,San Joaquin,6077
25-0001414,CA,Los Angeles,6037
25-0001415,CA,Orange,6059
25-0001416,CA,Los Angeles,6037
25-0001417,CA,Orange,6059
25-0001418,CA,Los Angeles,6037
25-0001419,CA,Sacramento,6067
25-0001420,CA,Orange,6059
25-0001421,CA,Humboldt,6023
25-0001422,CA,San Bernardino,6071
25-0001423,CA,Orange,6059
25-0001424,CA,Los Angeles,6037
25-0001425,CA,San Diego,6073
25-0001426,CA,Santa Cruz,6087
25-0001427,CA,Kern,6029
25-0001428,CA,San Francisco,6075
25-0001429,CA,Santa Barbara,6083
25-0001430,CA,Riverside,6065
25-0001431,CA,Butte,6007
25-0001432,CA,Orange,6059
25-0001433,CA,Los Angeles,6037
25-0001434,CA,Alameda,6001
25-0001435,CA,Los Angeles,6037
25-0001436,CA,Kern,6029
25-0001437,CA,Los Angeles,6037
25-0001438,CA,San Bernardino,6071
25-0001439,CA,Riverside,6065
25-0001440,CA,Shasta,6089
25-0001441,CA,San Diego,6073
25-0001442,CA,San Francisco,6075
25-0001443,CA,El Dorado,6017
25-0001444,CA,Riverside,6065
25-0001445,CA,Sacramento,6067
25-0001446,CA,Los Angeles,6037
25-0001447,CA,Los Angeles,6037
25-0001448,CA,San Bernardino,6071
25-0001449,CA,Los Angeles,6037
25-0001450,CA,Los Angeles,6037
25-0001451,CA,Tulare,6107
25-0001452,CA,San Diego,6073
25-0001453,CA,Stanislaus,6099
25-0001454,CA,San Bernardino,6071
25-0001455,CA,Los Angeles,6037
25-0001456,CA,Alameda,6001
25-0001457,CA,Riverside,6065
25-0001458,CA,Los Angeles,6037
25-0001459,CA,Los Angeles,6037
25-0001460,CA,Orange,6059
25-0001461,CA,Los Angeles,6037
25-0001462,CA,Sacramento,6067
25-0001463,CA,San Diego,6073
25-0001464,CA,Los Angeles,6037
25-0001465,CA,Los Angeles,6037
25-0001466,CA,San Bernardino,6071
25-0001467,CA,Los Angeles,6037
25-0001468,CA,Los Angeles,6037
25-0001469,CA,Ventura,6111
25-0001470,CA,Los Angeles,6037
25-0001471,CA,Los Angeles,6037
25-0001472,CA,Tulare,6107
25-0001473,CA,Los Angeles,6037
25-0001474,CA,Los Angeles,6037
25-0001475,CA,Riverside,6065
25-0001476,CA,San Diego,6073
25-0001477,CA,San Bernardino,6071
25-0001478,CA,Yuba,6115
25-0001479,CA,Los Angeles,6037
25-0001480,CA,Los Angeles,6037
25-0001481,CA,Fresno,6019
25-0001482,CA,Sacramento,6067
25-0001483,CA,Los Angeles,6037
25-0001484,CA,Orange,6059
25-0001485,CA,Los Angeles,6037
25-0001486,CA,San Luis Obispo,6079
25-0001487,CA,Orange,6059
25-0001488,CA,Los Angeles,6037
25-0001489,CA,Merced,6047
25-0001490,CA,Los Angeles,6037
25-0001491,CA,Riverside,6065
25-0001492,CA,Contra Costa,6013
25-0001493,CA,Sacramento,6067
25-0001494,CA,Los Angeles,6037
25-0001495,CA,Amador,6005
25-0001496,CA,Riverside,6065
25-0001497,CA,Sacramento,6067
25-0001498,CA,Orange,6059
25-0001499,CA,San Bernardino,6071
25-0001500,CA,Orange,6059
25-0001501,CA,Fresno,6019
25-0001502,CA,Los Angeles,6037
25-0001503,CA,Ventura,6111
25-0001504,CA,Los Angeles,6037
25-0001505,CA,Los Angeles,6037
25-0001506,CA,San Bernardino,6071
25-0001507,CA,Lassen,6035
25-0001508,CA,Riverside,6065
25-0001509,CA,Los Angeles,6037
25-0001510,CA,Los Angeles,6037
25-0001511,CA,Los Angeles,6037
25-0001512,CA,Ventura,6111
25-0001513,CA,Butte,6007
25-0001514,CA,Los Angeles,6037
25-0001515,CA,Los Angeles,6037
25-0001516,CA,Los Angeles,6037
25-0001517,CA,Los Angeles,6037
25-0001518,CA,San Bernardino,6071
25-0001519,CA,Butte,6007
25-0001520,CA,San Bernardino,6071
25-0001521,CA,Los Angeles,6037
25-0001522,CA,Los Angeles,6037
25-0001523,CA,San Luis Obispo,6079
25-0001524,CA,Los Angeles,6037
25-0001525,CA,Sacramento,6067
25-0001526,CA,Yolo,6113
25-0001527,CA,Santa Barbara,6083
25-0001528,CA,Lake,6033
25-0001529,CA,Los Angeles,6037
25-0001530,CA,Riverside,6065
25-0001531,CA,Los Angeles,6037
25-0001532,CA,San Joaquin,6077
25-0001533,CA,Los Angeles,6037
25-0001534,CA,Los Angeles,6037
25-0001535,CA,Tulare,6107
25-0001536,CA,Los Angeles,6037
25-0001537,CA,Riverside,6065
25-0001538,CA,Los Angeles,6037
25-0001539,CA,Tulare,6107
25-0001540,CA,Orange,6059
25-0001541,CA,Los Angeles,6037
25-0001542,CA,Alameda,6001
25-0001543,CA,Kings,6031
25-0001544,CA,Sacramento,6067
25-0001545,CA,Sacramento,6067
25-0001546,CA,Kern,6029
25-0001547,CA,Orange,6059
25-0001548,CA,San Bernardino,6071
25-0001549,CA,Riverside,6065
25-0001550,CA,Orange,6059
25-0001551,CA,Sacramento,6067
25-0001552,CA,San Diego,6073
25-0001553,CA,Los Angeles,6037
25-0001554,CA,Los Angeles,6037
25-0001555,CA,San Bernardino,6071
25-0001556,CA,Los Angeles,6037
25-0001557,CA,Los Angeles,6037
25-0001558,CA,Shasta,6089
25-0001559,CA,Kern,6029
25-0001560,CA,Los Angeles,6037
25-0001561,CA,Kern,6029
25-0001562,CA,Los Angeles,6037
25-0001563,CA,Los Angeles,6037
25-0001564,CA,Merced,6047
25-0001565,CA,San Bernardino,6071
25-0001566,CA,Los Angeles,6037
25-0001567,CA,Imperial,6025
25-0001568,CA,Los Angeles,6037
25-0001569,CA,Los Angeles,6037
25-0001570,CA,Los Angeles,6037
25-0001571,CA,Contra Costa,6013
25-0001572,CA,Los Angeles,6037
25-0001573,CA,Los Angeles,6037
25-0001574,CA,Los Angeles,6037
25-0001575,CA,Los Angeles,6037
25-0001576,CA,Sonoma,6097
25-0001577,CA,Riverside,6065
25-0001578,CA,Sacramento,6067
25-0001579,CA,Alameda,6001
25-0001580,CA,Riverside,6065
25-0001581,CA,Los Angeles,6037
25-0001582,CA,Stanislaus,6099
25-0001583,CA,Monterey,6053
25-0001584,CA,Riverside,6065
25-0001585,CA,Los Angeles,6037
25-0001586,CA,Los Angeles,6037
25-0001587,CA,San Diego,6073
25-0001588,CA,Los Angeles,6037
25-0001589,CA,Los Angeles,6037
25-0001590,CA,Los Angeles,6037
25-0001591,CA,Fresno,6019
25-0001592,CA,Riverside,6065
25-0001593,CA,Los Angeles,6037
25-0001594,CA,Los Angeles,6037
25-0001595,CA,Monterey,6053
25-0001596,CA,Fresno,6019
25-0001597,CA,Santa Cruz,6087
25-0001598,CA,Los Angeles,6037
25-0001599,CA,Santa Clara,6085
25-0001600,CA,San Diego,6073
25-0001601,CA,Los Angeles,6037
25-0001602,CA,Contra Costa,6013
25-0001603,CA,San Diego,6073
25-0001604,CA,Orange,6059
25-0001605,CA,Los Angeles,6037
25-0001606,CA,Kern,6029
25-0001607,CA,San Bernardino,6071
25-0001608,CA,Merced,6047
25-0001609,CA,Orange,6059
25-0001610,CA,Los Angeles,6037
25-0001611,CA,Orange,6059
25-0001612,CA,Los Angeles,6037
25-0001613,CA,Los Angeles,6037
25-0001614,CA,Sonoma,6097
25-0001615,CA,San Francisco,6075
25-0001616,CA,Tehama,6103
25-0001617,CA,Riverside,6065
25-0001618,CA,Los Angeles,6037
25-0001619,CA,Stanislaus,6099
25-0001620,CA,Riverside,6065
25-0001621,CA,Los Angeles,6037
25-0001622,CA,Santa Barbara,6083
25-0001623,CA,Los Angeles,6037
25-0001624,CA,Orange,6059
25-0001625,CA,San Diego,6073
25-0001626,CA,San Diego,6073
25-0001627,CA,Los Angeles,6037
25-0001628,CA,Los Angeles,6037
25-0001629,CA,San Francisco,6075
25-0001630,CA,Imperial,6025
25-0001631,CA,Santa Cruz,6087
25-0001632,CA,Humboldt,6023
25-0001633,CA,Sacramento,6067
25-0001634,CA,Los Angeles,6037
25-0001635,CA,Riverside,6065
25-0001636,CA,Kern,6029
25-0001637,CA,Riverside,6065
25-0001638,CA,Los Angeles,6037
25-0001639,CA,Orange,6059
25-0001640,CA,Orange,6059
25-0001641,CA,Los Angeles,6037
25-0001642,CA,San Diego,6073
25-0001643,CA,Riverside,6065
25-0001644,CA,Imperial,6025
25-0001645,CA,Los Angeles,6037
25-0001646,CA,Los Angeles,6037
25-0001647,CA,Los Angeles,6037
25-0001648,CA,San Francisco,6075
25-0001649,CA,Orange,6059
25-0001650,CA,San Bernardino,6071
25-0001651,CA,Kern,6029
25-0001652,CA,San Bernardino,6071
25-0001653,CA,Kern,6029
25-0001654,CA,Orange,6059
25-0001655,CA,Los Angeles,6037
25-0001656,CA,Los Angeles,6037
25-0001657,CA,Nevada,6057
25-0001658,CA,Los Angeles,6037
25-0001659,CA,San Bernardino,6071
25-0001660,CA,Stanislaus,6099
25-0001661,CA,Los Angeles,6037
25-0001662,CA,Santa Clara,6085
25-0001663,CA,San Bernardino,6071
25-0001664,CA,San Bernardino,6071
25-0001665,CA,Los Angeles,6037
25-0001666,CA,Orange,6059
25-0001667,CA,San Bernardino,6071
25-0001668,CA,Orange,6059
25-0001669,CA,Los Angeles,6037
25-0001670,CA,Alameda,6001
25-0001671,CA,Los Angeles,6037
25-0001672,CA,Lake,6033
25-0001673,CA,Orange,6059
25-0001674,CA,Stanislaus,6099
25-0001675,CA,Los Angeles,6037
25-0001676,CA,Los Angeles,6037
25-0001677,CA,Los Angeles,6037
25-0001678,CA,Los Angeles,6037
25-0001679,CA,Los Angeles,6037
25-0001680,CA,Los Angeles,6037
25-0001681,CA,Solano,6095
25-0001682,CA,San Bernardino,6071
25-0001683,CA,Fresno,6019
25-0001684,CA,Alameda,6001
25-0001685,CA,Orange,6059
25-0001686,CA,Riverside,6065
25-0001687,CA,Los Angeles,6037
25-0001688,CA,Los Angeles,6037
25-0001689,CA,San Diego,6073
25-0001690,CA,Los Angeles,6037
25-0001691,CA,Contra Costa,6013
25-0001692,CA,San Bernardino,6071
25-0001693,CA,Orange,6059
25-0001694,CA,Imperial,6025
25-0001695,CA,Humboldt,6023
25-0001696,CA,Stanislaus,6099
25-0001697,CA,San Diego,6073
25-0001698,CA,Fresno,6019
25-0001699,CA,San Bernardino,6071
25-0001700,CA,Los Angeles,6037
25-0001701,CA,Los Angeles,6037
25-0001702,CA,Orange,6059
25-0001703,CA,Los Angeles,6037
25-0001704,CA,Santa Barbara,6083
25-0001705,CA,Yolo,6113
25-0001706,CA,Los Angeles,6037
25-0001707,CA,Kern,6029
25-0001708,CA,Los Angeles,6037
25-0001709,CA,San Diego,6073
25-0001710,CA,Los Angeles,6037
25-0001711,CA,Los Angeles,6037
25-0001712,CA,Los Angeles,6037
25-0001713,CA,Orange,6059
25-0001714,CA,Orange,6059
25-0001715,CA,Butte,6007
25-0001716,CA,San Mateo,6081
25-0001717,CA,Sonoma,6097
25-0001718,CA,Kern,6029
25-0001719,CA,Yolo,6113
25-0001720,CA,Santa Barbara,6083
25-0001721,CA,Orange,6059
25-0001722,CA,Los Angeles,6037
25-0001723,CA,Riverside,6065
25-0001724,CA,San Bernardino,6071
25-0001725,CA,San Bernardino,6071
25-0001726,CA,Los Angeles,6037
25-0001727,CA,Los Angeles,6037
25-0001728,CA,Monterey,6053
25-0001729,CA,Sacramento,6067
25-0001730,CA,Los Angeles,6037
25-0001731,CA,Los Angeles,6037
25-0001732,CA,San Luis Obispo,6079
25-0001733,CA,Los Angeles,6037
25-0001734,CA,Fresno,6019
25-0001735,CA,Los Angeles,6037
25-0001736,CA,Los Angeles,6037
25-0001737,CA,Orange,6059
25-0001738,CA,Fresno,6019
25-0001739,CA,Los Angeles,6037
25-0001740,CA,Los Angeles,6037
25-0001741,CA,Los Angeles,6037
25-0001742,CA,Orange,6059
25-0001743,CA,Los Angeles,6037
25-0001744,CA,San Diego,6073
25-0001745,CA,Los Angeles,6037
25-0001746,CA,Los Angeles,6037
25-0001747,CA,Los Angeles,6037
25-0001748,CA,Kern,6029
25-0001749,CA,Alameda,6001
25-0001750,CA,San Bernardino,6071
25-0001751,CA,Los Angeles,6037
25-0001752,CA,Los Angeles,6037
25-0001753,CA,Kern,6029
25-0001754,CA,Los Angeles,6037
25-0001755,CA,Los Angeles,6037
25-0001756,CA,Nevada,6057
25-0001757,CA,Merced,6047
25-0001758,CA,San Diego,6073
25-0001759,CA,San Bernardino,6071
25-0001760,CA,Los Angeles,6037
25-0001761,CA,Tulare,6107
25-0001762,CA,Los Angeles,6037
25-0001763,CA,San Mateo,6081
25-0001764,CA,San Bernardino,6071
25-0001765,CA,Alameda,6001
25-0001766,CA,San Bernardino,6071
25-0001767,CA,Solano,6095
25-0001768,CA,Los Angeles,6037
25-0001769,CA,Los Angeles,6037
25-0001770,CA,Stanislaus,6099
25-0001771,CA,Alameda,6001
25-0001772,CA,Los Angeles,6037
25-0001773,CA,Los Angeles,6037
25-0001774,CA,Orange,6059
25-0001775,CA,San Bernardino,6071
25-0001776,CA,San Bernardino,6071
25-0001777,CA,Los Angeles,6037
25-0001778,CA,Los Angeles,6037
25-0001779,CA,Orange,6059
25-0001780,CA,San Bernardino,6071
25-0001781,CA,San Diego,6073
25-0001782,CA,Sacramento,6067
25-0001783,CA,Fresno,6019
25-0001784,CA,San Bernardino,6071
25-0001785,CA,San Mateo,6081
25-0001786,CA,Los Angeles,6037
25-0001787,CA,Los Angeles,6037
25-0001788,CA,Los Angeles,6037
25-0001789,CA,Los Angeles,6037
25-0001790,CA,Merced,6047
25-0001791,CA,Sutter,6101
25-0001792,CA,Ventura,6111
25-0001793,CA,Humboldt,6023
25-0001794,CA,Los Angeles,6037
25-0001795,CA,Los Angeles,6037
25-0001796,CA,Los Angeles,6037
25-0001797,CA,Los Angeles,6037
25-0001798,CA,Los Angeles,6037
25-0001799,CA,Ventura,6111
25-0001800,CA,Los Angeles,6037
25-0001801,CA,Riverside,6065
25-0001802,CA,Alameda,6001
25-0001803,CA,San Bernardino,6071
25-0001804,CA,Santa Barbara,6083
25-0001805,CA,Riverside,6065
25-0001806,CA,Los Angeles,6037
25-0001807,CA,Los Angeles,6037
25-0001808,CA,Los Angeles,6037
25-0001809,CA,San Bernardino,6071
25-0001810,CA,Los Angeles,6037
25-0001811,CA,Fresno,6019
25-0001812,CA,Riverside,6065
25-0001813,CA,San Bernardino,6071
25-0001814,CA,Los Angeles,6037
25-0001815,CA,Ventura,6111
25-0001816,CA,Los Angeles,6037
25-0001817,CA,Los Angeles,6037
25-0001818,CA,Los Angeles,6037
25-0001819,CA,Ventura,6111
25-0001820,CA,Los Angeles,6037
25-0001821,CA,Los Angeles,6037
25-0001822,CA,Los Angeles,6037
25-0001823,CA,Orange,6059
25-0001824,CA,Monterey,6053
25-0001825,CA,Alameda,6001
25-0001826,CA,Riverside,6065
25-0001827,CA,Merced,6047
25-0001828,CA,Fresno,6019
25-0001829,CA,Riverside,6065
25-0001830,CA,Los Angeles,6037
25-0001831,CA,Los Angeles,6037
25-0001832,CA,Riverside,6065
25-0001833,CA,Riverside,6065
25-0001834,CA,Los Angeles,6037
25-0001835,CA,Orange,6059
25-0001836,CA,Kern,6029
25-0001837,CA,Sonoma,6097
25-0001838,CA,Fresno,6019
25-0001839,CA,Los Angeles,6037
25-0001840,CA,Los Angeles,6037
25-0001841,CA,Fresno,6019
25-0001842,CA,San Bernardino,6071
25-0001843,CA,Placer,6061
25-0001844,CA,Tulare,6107
25-0001845,CA,Alameda,6001
25-0001846,CA,Stanislaus,6099
25-0001847,CA,San Bernardino,6071
25-0001848,CA,Los Angeles,6037
25-0001849,CA,San Diego,6073
25-0001850,CA,Los Angeles,6037
25-0001851,CA,Kern,6029
25-0001852,CA,Stanislaus,6099
25-0001853,CA,Los Angeles,6037
25-0001854,CA,Calaveras,6009
25-0001855,CA,Los Angeles,6037
25-0001856,CA,Orange,6059
25-0001857,CA,Orange,6059
25-0001858,CA,Los Angeles,6037
25-0001859,CA,Kern,6029
25-0001860,CA,Los Angeles,6037
25-0001861,CA,Alameda,6001
25-0001862,CA,San Bernardino,6071
25-0001863,CA,Fresno,6019
25-0001864,CA,San Joaquin,6077
25-0001865,CA,Los Angeles,6037
25-0001866,CA,San Diego,6073
25-0001867,CA,San Mateo,6081
25-0001868,CA,Los Angeles,6037
25-0001869,CA,Los Angeles,6037
25-0001870,CA,Los Angeles,6037
25-0001871,CA,Orange,6059
25-0001872,CA,San Bernardino,6071
25-0001873,CA,Riverside,6065
25-0001874,CA,Santa Clara,6085
25-0001875,CA,San Joaquin,6077
25-0001876,CA,Los Angeles,6037
25-0001877,CA,Los Angeles,6037
25-0001878,CA,Los Angeles,6037
25-0001879,CA,Alameda,6001
25-0001880,CA,Los Angeles,6037
25-0001881,CA,Los Angeles,6037
25-0001882,CA,Humboldt,6023
25-0001883,CA,San Bernardino,6071
25-0001884,CA,San Francisco,6075
25-0001885,CA,San Bernardino,6071
25-0001886,CA,Los Angeles,6037
25-0001887,CA,Los Angeles,6037
25-0001888,CA,Los Angeles,6037
25-0001889,CA,Contra Costa,6013
25-0001890,CA,Kern,6029
25-0001891,CA,Los Angeles,6037
25-0001892,CA,Los Angeles,6037
25-0001893,CA,Ventura,6111
25-0001894,CA,Los Angeles,6037
25-0001895,CA,Contra Costa,6013
25-0001896,CA,Riverside,6065
25-0001897,CA,Los Angeles,6037
25-0001898,CA,Alameda,6001
25-0001899,CA,Los Angeles,6037
25-0001900,CA,Los Angeles,6037
25-0001901,CA,Santa Cruz,6087
25-0001902,CA,Los Angeles,6037
25-0001903,CA,Alameda,6001
25-0001904,CA,San Mateo,6081
25-0001905,CA,Alameda,6001
25-0001906,CA,Los Angeles,6037
25-0001907,CA,Stanislaus,6099
25-0001908,CA,San Bernardino,6071
25-0001909,CA,Riverside,6065
25-0001910,CA,Kings,6031
25-0001911,CA,Orange,6059
25-0001912,CA,Los Angeles,6037
25-0001913,CA,Lake,6033
25-0001914,CA,Monterey,6053
25-0001915,CA,Butte,6007
25-0001916,CA,Santa Cruz,6087
25-0001917,CA,Los Angeles,6037
25-0001918,CA,Los Angeles,6037
25-0001919,CA,Los Angeles,6037
25-0001920,CA,San Joaquin,6077
25-0001921,CA,Humboldt,6023
25-0001922,CA,Los Angeles,6037
25-0001923,CA,Butte,6007
25-0001924,CA,Fresno,6019
25-0001925,CA,Sacramento,6067
25-0001926,CA,Los Angeles,6037
25-0001927,CA,Los Angeles,6037
25-0001928,CA,Los Angeles,6037
25-0001929,CA,Orange,6059
25-0001930,CA,Shasta,6089
25-0001931,CA,Kern,6029
25-0001932,CA,Los Angeles,6037
25-0001933,CA,San Luis Obispo,6079
25-0001934,CA,Alameda,6001
25-0001935,CA,Riverside,6065
25-0001936,CA,Los Angeles,6037
25-0001937,CA,Alameda,6001
25-0001938,CA,Fresno,6019
25-0001939,CA,San Bernardino,6071
25-0001940,CA,San Luis Obispo,6079
25-0001941,CA,Los Angeles,6037
25-0001942,CA,Los Angeles,6037
25-0001943,CA,Riverside,6065
25-0001944,CA,Los Angeles,6037
25-0001945,CA,Solano,6095
25-0001946,CA,Los Angeles,6037
25-0001947,CA,San Bernardino,6071
25-0001948,CA,Los Angeles,6037
25-0001949,CA,Alpine,6003
25-0001950,CA,Orange,6059
25-0001951,CA,Santa Clara,6085
25-0001952,CA,Tuolumne,6109
25-0001953,CA,Los Angeles,6037
25-0001954,CA,Fresno,6019
25-0001955,CA,Los Angeles,6037
25-0001956,CA,Los Angeles,6037
25-0001957,CA,Los Angeles,6037
25-0001958,CA,Alameda,6001
25-0001959,CA,Ventura,6111
25-0001960,CA,Kern,6029
25-0001961,CA,Butte,6007
25-0001962,CA,Riverside,6065
25-0001963,CA,San Diego,6073
25-0001964,CA,Orange,6059
25-0001965,CA,Los Angeles,6037
25-0001966,CA,Los Angeles,6037
25-0001967,CA,Los Angeles,6037
25-0001968,CA,Los Angeles,6037
25-0001969,CA,Los Angeles,6037
25-0001970,CA,Los Angeles,6037
25-0001971,CA,Los Angeles,6037
25-0001972,CA,Los Angeles,6037
25-0001973,CA,Los Angeles,6037
25-0001974,CA,Riverside,6065
25-0001975,CA,Los Angeles,6037
25-0001976,CA,Riverside,6065
25-0001977,CA,Placer,6061
25-0001978,CA,Yolo,6113
25-0001979,CA,Orange,6059
25-0001980,CA,Orange,6059
25-0001981,CA,Sacramento,6067
25-0001982,CA,Fresno,6019
25-0001983,CA,Los Angeles,6037
25-0001984,CA,Humboldt,6023
25-0001985,CA,San Bernardino,6071
25-0001986,CA,San Mateo,6081
25-0001987,CA,San Diego,6073
25-0001988,CA,Merced,6047
25-0001989,CA,Fresno,6019
25-0001990,CA,Riverside,6065
25-0001991,CA,Los Angeles,6037
25-0001992,CA,Los Angeles,6037
25-0001993,CA,Los Angeles,6037
25-0001994,CA,Orange,6059
25-0001995,CA,Orange,6059
25-0001996,CA,Kern,6029
25-0001997,CA,Los Angeles,6037
25-0001998,CA,San Bernardino,6071
25-0001999,CA,Orange,6059
25-0002000,CA,Los Angeles,6037
25-0002001,CA,San Diego,6073
25-0002002,CA,Solano,6095
25-0002003,CA,Kern,6029
25-0002004,CA,Los Angeles,6037
25-0002005,CA,Orange,6059
25-0002006,CA,Sutter,6101
25-0002007,CA,Alameda,6001
25-0002008,CA,Los Angeles,6037
25-0002009,CA,Los Angeles,6037
25-0002010,CA,Los Angeles,6037
25-0002011,CA,San Bernardino,6071
25-0002012,CA,Tuolumne,6109
25-0002013,CA,Sacramento,6067
25-0002014,CA,Riverside,6065
25-0002015,CA,Merced,6047
25-0002016,CA,Santa Cruz,6087
25-0002017,CA,Los Angeles,6037
25-0002018,CA,Ventura,6111
25-0002019,CA,San Diego,6073
25-0002020,CA,Orange,6059
25-0002021,CA,Sonoma,6097
25-0002022,CA,Monterey,6053
25-0002023,CA,San Joaquin,6077
25-0002024,CA,Alameda,6001
25-0002025,CA,San Luis Obispo,6079
25-0002026,CA,Los Angeles,6037
25-0002027,CA,Santa Clara,6085
25-0002028,CA,Los Angeles,6037
25-0002029,CA,Placer,6061
25-0002030,CA,Los Angeles,6037
25-0002031,CA,San Bernardino,6071
25-0002032,CA,Los Angeles,6037
25-0002033,CA,San Diego,6073
25-0002034,CA,Stanislaus,6099
25-0002035,CA,Los Angeles,6037
25-0002036,CA,Los Angeles,6037
25-0002037,CA,Fresno,6019
25-0002038,CA,San Bernardino,6071
25-0002039,CA,Los Angeles,6037
25-0002040,CA,Los Angeles,6037
25-0002041,CA,Los Angeles,6037
25-0002042,CA,Imperial,6025
25-0002043,CA,Los Angeles,6037
25-0002044,CA,Stanislaus,6099
25-0002045,CA,San Bernardino,6071
25-0002046,CA,Los Angeles,6037
25-0002047,CA,Stanislaus,6099
25-0002048,CA,Santa Barbara,6083
25-0002049,CA,Fresno,6019
25-0002050,CA,Los Angeles,6037
25-0002051,CA,Alameda,6001
25-0002052,CA,Santa Clara,6085
25-0002053,CA,Siskiyou,6093
25-0002054,CA,San Bernardino,6071
25-0002055,CA,Los Angeles,6037
25-0002056,CA,Merced,6047
25-0002057,CA,Sonoma,6097
25-0002058,CA,San Bernardino,6071
25-0002059,CA,San Bernardino,6071
25-0002060,CA,Los Angeles,6037
25-0002061,CA,Los Angeles,6037
25-0002062,CA,Fresno,6019
25-0002063,CA,Alameda,6001
25-0002064,CA,San Joaquin,6077
25-0002065,CA,Tulare,6107
25-0002066,CA,Los Angeles,6037
25-0002067,CA,Riverside,6065
25-0002068,CA,Los Angeles,6037
25-0002069,CA,Tulare,6107
25-0002070,CA,Contra Costa,6013
25-0002071,CA,Los Angeles,6037
25-0002072,CA,San Bernardino,6071
25-0002073,CA,Los Angeles,6037
25-0002074,CA,Los Angeles,6037
25-0002075,CA,San Bernardino,6071
25-0002076,CA,Los Angeles,6037
25-0002077,CA,San Bernardino,6071
25-0002078,CA,Los Angeles,6037
25-0002079,CA,Los Angeles,6037
25-0002080,CA,Los Angeles,6037
25-0002081,CA,Santa Clara,6085
25-0002082,CA,Sacramento,6067
25-0002083,CA,Solano,6095
25-0002084,CA,Fresno,6019
25-0002085,CA,Los Angeles,6037
25-0002086,CA,Los Angeles,6037
25-0002087,CA,Orange,6059
25-0002088,CA,Los Angeles,6037
25-0002089,CA,San Diego,6073
25-0002090,CA,Los Angeles,6037
25-0002091,CA,San Diego,6073
25-0002092,CA,Los Angeles,6037
25-0002093,CA,Los Angeles,6037
25-0002094,CA,Orange,6059
25-0002095,CA,San Bernardino,6071
25-0002096,CA,Los Angeles,6037
25-0002097,CA,Los Angeles,6037
25-0002098,CA,Merced,6047
25-0002099,CA,Riverside,6065
25-0002100,CA,San Luis Obispo,6079
25-0002101,CA,Los Angeles,6037
25-0002102,CA,Los Angeles,6037
25-0002103,CA,Ventura,6111
25-0002104,CA,Los Angeles,6037
25-0002105,CA,Riverside,6065
25-0002106,CA,Sonoma,6097
25-0002107,CA,Nevada,6057
25-0002108,CA,Los Angeles,6037
25-0002109,CA,Riverside,6065
25-0002110,CA,San Joaquin,6077
25-0002111,CA,Los Angeles,6037
25-0002112,CA,San Diego,6073
25-0002113,CA,San Diego,6073
25-0002114,CA,Ventura,6111
25-0002115,CA,Los Angeles,6037
25-0002116,CA,Los Angeles,6037
25-0002117,CA,Orange,6059
25-0002118,CA,San Bernardino,6071
25-0002119,CA,Sonoma,6097
25-0002120,CA,Orange,6059
25-0002121,CA,Fresno,6019
25-0002122,CA,Los Angeles,6037
25-0002123,CA,Riverside,6065
25-0002124,CA,San Bernardino,6071
25-0002125,CA,Los Angeles,6037
25-0002126,CA,Los Angeles,6037
25-0002127,CA,Los Angeles,6037
25-0002128,CA,Tulare,6107
25-0002129,CA,Riverside,6065
25-0002130,CA,Santa Clara,6085
25-0002131,CA,Riverside,6065
25-0002132,CA,Merced,6047
25-0002133,CA,Orange,6059
25-0002134,CA,San Bernardino,6071
25-0002135,CA,San Bernardino,6071
25-0002136,CA,San Bernardino,6071
25-0002137,CA,Los Angeles,6037
25-0002138,CA,Riverside,6065
25-0002139,CA,Los Angeles,6037
25-0002140,CA,Santa Barbara,6083
25-0002141,CA,Los Angeles,6037
25-0002142,CA,Kern,6029
25-0002143,CA,San Luis Obispo,6079
25-0002144,CA,Los Angeles,6037
25-0002145,CA,Orange,6059
25-0002146,CA,Los Angeles,6037
25-0002147,CA,Santa Clara,6085
25-0002148,CA,Los Angeles,6037
25-0002149,CA,Orange,6059
25-0002150,CA,Los Angeles,6037
25-0002151,CA,Los Angeles,6037
25-0002152,CA,Los Angeles,6037
25-0002153,CA,San Bernardino,6071
25-0002154,CA,San Bernardino,6071
25-0002155,CA,Sacramento,6067
25-0002156,CA,Los Angeles,6037
25-0002157,CA,Madera,6039
25-0002158,CA,Orange,6059
25-0002159,CA,Los Angeles,6037
25-0002160,CA,Sacramento,6067
25-0002161,CA,Los Angeles,6037
25-0002162,CA,Los Angeles,6037
25-0002163,CA,Orange,6059
25-0002164,CA,San Bernardino,6071
25-0002165,CA,Los Angeles,6037
25-0002166,CA,Placer,6061
25-0002167,CA,Los Angeles,6037
25-0002168,CA,Los Angeles,6037
25-0002169,CA,Los Angeles,6037
25-0002170,CA,Orange,6059
25-0002171,CA,San Francisco,6075
25-0002172,CA,Los Angeles,6037
25-0002173,CA,San Bernardino,6071
25-0002174,CA,Santa Clara,6085
25-0002175,CA,Los Angeles,6037
25-0002176,CA,Placer,6061
25-0002177,CA,Los Angeles,6037
25-0002178,CA,Los Angeles,6037
25-0002179,CA,Los Angeles,6037
25-0002180,CA,Riverside,6065
25-0002181,CA,Riverside,6065
25-0002182,CA,Alameda,6001
25-0002183,CA,Los Angeles,6037
25-0002184,CA,Los Angeles,6037
25-0002185,CA,San Diego,6073
25-0002186,CA,Los Angeles,6037
25-0002187,CA,Los Angeles,6037
25-0002188,CA,Sacramento,6067
25-0002189,CA,Los Angeles,6037
25-0002190,CA,Los Angeles,6037
25-0002191,CA,San Diego,6073
25-0002192,CA,Los Angeles,6037
25-0002193,CA,San Bernardino,6071
25-0002194,CA,Kern,6029
25-0002195,CA,Kern,6029
25-0002196,CA,Orange,6059
25-0002197,CA,Los Angeles,6037
25-0002198,CA,Butte,6007
25-0002199,CA,Yolo,6113
25-0002200,CA,Riverside,6065
25-0002201,CA,San Mateo,6081
25-0002202,CA,Los Angeles,6037
25-0002203,CA,Santa Clara,6085
25-0002204,CA,Orange,6059
25-0002205,CA,Sonoma,6097
25-0002206,CA,San Diego,6073
25-0002207,CA,San Francisco,6075
25-0002208,CA,Kern,6029
25-0002209,CA,San Bernardino,6071
25-0002210,CA,Orange,6059
25-0002211,CA,Orange,6059
25-0002212,CA,Orange,6059
25-0002213,CA,Orange,6059
25-0002214,CA,Riverside,6065
25-0002215,CA,Riverside,6065
25-0002216,CA,Santa Barbara,6083
25-0002217,CA,Los Angeles,6037
25-0002218,CA,San Diego,6073
25-0002219,CA,Los Angeles,6037
25-0002220,CA,Orange,6059
25-0002221,CA,Los Angeles,6037
25-0002222,CA,Los Angeles,6037
25-0002223,CA,Orange,6059
25-0002224,CA,Los Angeles,6037
25-0002225,CA,Sacramento,6067
25-0002226,CA,San Bernardino,6071
25-0002227,CA,San Bernardino,6071
25-0002228,CA,Los Angeles,6037
25-0002229,CA,Solano,6095
25-0002230,CA,Santa Clara,6085
25-0002231,CA,Los Angeles,6037
25-0002232,CA,Los Angeles,6037
25-0002233,CA,Los Angeles,6037
25-0002234,CA,Los Angeles,6037
25-0002235,CA,Riverside,6065
25-0002236,CA,San Bernardino,6071
25-0002237,CA,Orange,6059
25-0002238,CA,Sacramento,6067
25-0002239,CA,Kern,6029
25-0002240,CA,Los Angeles,6037
25-0002241,CA,Los Angeles,6037
25-0002242,CA,Orange,6059
25-0002243,CA,Los Angeles,6037
25-0002244,CA,Santa Clara,6085
25-0002245,CA,Los Angeles,6037
25-0002246,CA,Mendocino,6045
25-0002247,CA,Los Angeles,6037
25-0002248,CA,Santa Clara,6085
25-0002249,CA,Alameda,6001
25-0002250,CA,Los Angeles,6037
25-0002251,CA,Los Angeles,6037
25-0002252,CA,San Diego,6073
25-0002253,CA,El Dorado,6017
25-0002254,CA,Los Angeles,6037
25-0002255,CA,Fresno,6019
25-0002256,CA,Los Angeles,6037
25-0002257,CA,Merced,6047
25-0002258,CA,Los Angeles,6037
25-0002259,CA,Ventura,6111
25-0002260,CA,Los Angeles,6037
25-0002261,CA,Riverside,6065
25-0002262,CA,Los Angeles,6037
25-0002263,CA,Santa Cruz,6087
25-0002264,CA,Orange,6059
25-0002265,CA,Los Angeles,6037
25-0002266,CA,Riverside,6065
25-0002267,CA,Los Angeles,6037
25-0002268,CA,Sacramento,6067
25-0002269,CA,Riverside,6065
25-0002270,CA,Tulare,6107
25-0002271,CA,Riverside,6065
25-0002272,CA,Calaveras,6009
25-0002273,CA,Los Angeles,6037
25-0002274,CA,Riverside,6065
25-0002275,CA,Santa Clara,6085
25-0002276,CA,San Bernardino,6071
25-0002277,CA,Sacramento,6067
25-0002278,CA,Los Angeles,6037
25-0002279,CA,Imperial,6025
25-0002280,CA,Los Angeles,6037
25-0002281,CA,Los Angeles,6037
25-0002282,CA,Orange,6059
25-0002283,CA,Santa Clara,6085
25-0002284,CA,Riverside,6065
25-0002285,CA,Los Angeles,6037
25-0002286,CA,Riverside,6065
25-0002287,CA,Los Angeles,6037
25-0002288,CA,Los Angeles,6037
25-0002289,CA,Sacramento,6067
25-0002290,CA,San Benito,6069
25-0002291,CA,Los Angeles,6037
25-0002292,CA,Los Angeles,6037
25-0002293,CA,Alameda,6001
25-0002294,CA,Kern,6029
25-0002295,CA,Santa Barbara,6083
25-0002296,CA,San Benito,6069
25-0002297,CA,Kings,6031
25-0002298,CA,San Diego,6073
25-0002299,CA,Los Angeles,6037
25-0002300,CA,Santa Clara,6085
25-0002301,CA,San Diego,6073
25-0002302,CA,Los Angeles,6037
25-0002303,CA,Riverside,6065
25-0002304,CA,Los Angeles,6037
25-0002305,CA,Madera,6039
25-0002306,CA,Los Angeles,6037
25-0002307,CA,Los Angeles,6037
25-0002308,CA,San Diego,6073
25-0002309,CA,Los Angeles,6037
25-0002310,CA,Riverside,6065
25-0002311,CA,Contra Costa,6013
25-0002312,CA,Yolo,6113
25-0002313,CA,Fresno,6019
25-0002314,CA,San Diego,6073
25-0002315,CA,Los Angeles,6037
25-0002316,CA,Sacramento,6067
25-0002317,CA,San Bernardino,6071
25-0002318,CA,Orange,6059
25-0002319,CA,Los Angeles,6037
25-0002320,CA,Santa Cruz,6087
25-0002321,CA,Fresno,6019
25-0002322,CA,Los Angeles,6037
25-0002323,CA,Kings,6031
25-0002324,CA,Santa Barbara,6083
25-0002325,CA,Tulare,6107
25-0002326,CA,San Francisco,6075
25-0002327,CA,Los Angeles,6037
25-0002328,CA,Shasta,6089
25-0002329,CA,Los Angeles,6037
25-0002330,CA,Los Angeles,6037
25-0002331,CA,San Diego,6073
25-0002332,CA,Ventura,6111
25-0002333,CA,Yolo,6113
25-0002334,CA,Contra Costa,6013
25-0002335,CA,Los Angeles,6037
25-0002336,CA,Los Angeles,6037
25-0002337,CA,San Bernardino,6071
25-0002338,CA,Los Angeles,6037
25-0002339,CA,San Bernardino,6071
25-0002340,CA,Sacramento,6067
25-0002341,CA,San Bernardino,6071
25-0002342,CA,Los Angeles,6037
25-0002343,CA,Los Angeles,6037
25-0002344,CA,Los Angeles,6037
25-0002345,CA,Riverside,6065
25-0002346,CA,Imperial,6025
25-0002347,CA,Madera,6039
25-0002348,CA,San Bernardino,6071
25-0002349,CA,San Bernardino,6071
25-0002350,CA,Los Angeles,6037
25-0002351,CA,Humboldt,6023
25-0002352,CA,Plumas,6063
25-0002353,CA,Riverside,6065
25-0002354,CA,San Diego,6073
25-0002355,CA,San Bernardino,6071
25-0002356,CA,Santa Clara,6085
25-0002357,CA,Orange,6059
25-0002358,CA,Los Angeles,6037
25-0002359,CA,Orange,6059
25-0002360,CA,Solano,6095
25-0002361,CA,Los Angeles,6037
25-0002362,CA,Yolo,6113
25-0002363,CA,Los Angeles,6037
25-0002364,CA,San Bernardino,6071
25-0002365,CA,Orange,6059
25-0002366,CA,Alameda,6001
25-0002367,CA,Riverside,6065
25-0002368,CA,Los Angeles,6037
25-0002369,CA,Ventura,6111
25-0002370,CA,Placer,6061
25-0002371,CA,San Bernardino,6071
25-0002372,CA,Alameda,6001
25-0002373,CA,Tulare,6107
25-0002374,CA,Los Angeles,6037
25-0002375,CA,Kern,6029
25-0002376,CA,San Diego,6073
25-0002377,CA,Santa Cruz,6087
25-0002378,CA,Santa Clara,6085
25-0002379,CA,Los Angeles,6037
25-0002380,CA,Orange,6059
25-0002381,CA,San Francisco,6075
25-0002382,CA,San Bernardino,6071
25-0002383,CA,Riverside,6065
25-0002384,CA,San Bernardino,6071
25-0002385,CA,San Bernardino,6071
25-0002386,CA,Orange,6059
25-0002387,CA,Orange,6059
25-0002388,CA,Santa Clara,6085
25-0002389,CA,Riverside,6065
25-0002390,CA,Los Angeles,6037
25-0002391,CA,Orange,6059
25-0002392,CA,Fresno,6019
25-0002393,CA,Los Angeles,6037
25-0002394,CA,Orange,6059
25-0002395,CA,Los Angeles,6037
25-0002396,CA,Kings,6031
25-0002397,CA,Los Angeles,6037
25-0002398,CA,San Bernardino,6071
25-0002399,CA,Los Angeles,6037
25-0002400,CA,San Joaquin,6077
25-0002401,CA,San Bernardino,6071
25-0002402,CA,Los Angeles,6037
25-0002403,CA,Santa Clara,6085
25-0002404,CA,Orange,6059
25-0002405,CA,Sonoma,6097
25-0002406,CA,Santa Clara,6085
25-0002407,CA,Los Angeles,6037
25-0002408,CA,Sacramento,6067
25-0002409,CA,Los Angeles,6037
25-0002410,CA,San Luis Obispo,6079
25-0002411,CA,Los Angeles,6037
25-0002412,CA,Los Angeles,6037
25-0002413,CA,Los Angeles,6037
25-0002414,CA,Los Angeles,6037
25-0002415,CA,Los Angeles,6037
25-0002416,CA,Los Angeles,6037
25-0002417,CA,Sacramento,6067
25-0002418,CA,Solano,6095
25-0002419,CA,Los Angeles,6037
25-0002420,CA,Orange,6059
25-0002421,CA,Los Angeles,6037
25-0002422,CA,San Bernardino,6071
25-0002423,CA,San Joaquin,6077
25-0002424,CA,Tehama,6103
25-0002425,CA,Orange,6059
25-0002426,CA,Alameda,6001
25-0002427,CA,Kern,6029
25-0002428,CA,Fresno,6019
25-0002429,CA,Riverside,6065
25-0002430,CA,Sonoma,6097
25-0002431,CA,Los Angeles,6037
25-0002432,CA,Sacramento,6067
25-0002433,CA,Orange,6059
25-0002434,CA,San Bernardino,6071
25-0002435,CA,Fresno,6019
25-0002436,CA,San Joaquin,6077
25-0002437,CA,Los Angeles,6037
25-0002438,CA,San Diego,6073
25-0002439,CA,Santa Clara,6085
25-0002440,CA,Los Angeles,6037
25-0002441,CA,Los Angeles,6037
25-0002442,CA,Santa Clara,6085
25-0002443,CA,Shasta,6089
25-0002444,CA,Orange,6059
25-0002445,CA,Imperial,6025
25-0002446,CA,Los Angeles,6037
25-0002447,CA,Los Angeles,6037
25-0002448,CA,Kern,6029
25-0002449,CA,Riverside,6065
25-0002450,CA,San Bernardino,6071
25-0002451,CA,San Bernardino,6071
25-0002452,CA,San Bernardino,6071
25-0002453,CA,Riverside,6065
25-0002454,CA,Orange,6059
25-0002455,CA,Madera,6039
25-0002456,CA,Los Angeles,6037
25-0002457,CA,Orange,6059
25-0002458,CA,Fresno,6019
25-0002459,CA,Alameda,6001
25-0002460,CA,Los Angeles,6037
25-0002461,CA,Los Angeles,6037
25-0002462,CA,Orange,6059
25-0002463,CA,Los Angeles,6037
25-0002464,CA,Los Angeles,6037
25-0002465,CA,Riverside,6065
25-0002466,CA,Los Angeles,6037
25-0002467,CA,Los Angeles,6037
25-0002468,CA,Los Angeles,6037
25-0002469,CA,Los Angeles,6037
25-0002470,CA,Los Angeles,6037
25-0002471,CA,Los Angeles,6037
25-0002472,CA,San Mateo,6081
25-0002473,CA,San Bernardino,6071
25-0002474,CA,San Bernardino,6071
25-0002475,CA,Los Angeles,6037
25-0002476,CA,San Francisco,6075
25-0002477,CA,Los Angeles,6037
25-0002478,CA,Riverside,6065
25-0002479,CA,Riverside,6065
25-0002480,CA,Los Angeles,6037
25-0002481,CA,Orange,6059
25-0002482,CA,Contra Costa,6013
25-0002483,CA,San Francisco,6075
25-0002484,CA,Yolo,6113
25-0002485,CA,Los Angeles,6037
25-0002486,CA,Los Angeles,6037
25-0002487,CA,San Bernardino,6071
25-0002488,CA,Orange,6059
25-0002489,CA,San Bernardino,6071
25-0002490,CA,Los Angeles,6037
25-0002491,CA,Sacramento,6067
25-0002492,CA,Los Angeles,6037
25-0002493,CA,Stanislaus,6099
25-0002494,CA,San Diego,6073
25-0002495,CA,Fresno,6019
25-0002496,CA,Fresno,6019
25-0002497,CA,Tulare,6107
25-0002498,CA,Los Angeles,6037
25-0002499,CA,Los Angeles,6037
25-0002500,CA,Los Angeles,6037
25-0002501,CA,Riverside,6065
25-0002502,CA,San Bernardino,6071
25-0002503,CA,Los Angeles,6037
25-0002504,CA,Riverside,6065
25-0002505,CA,San Joaquin,6077
25-0002506,CA,Los Angeles,6037
25-0002507,CA,Los Angeles,6037
25-0002508,CA,Los Angeles,6037
25-0002509,CA,Los Angeles,6037
25-0002510,CA,Los Angeles,6037
25-0002511,CA,Los Angeles,6037
25-0002512,CA,Los Angeles,6037
25-0002513,CA,Los Angeles,6037
25-0002514,CA,Los Angeles,6037
25-0002515,CA,Los Angeles,6037
25-0002516,CA,Los Angeles,6037
25-0002517,CA,Riverside,6065
25-0002518,CA,Kings,6031
25-0002519,CA,Los Angeles,6037
25-0002520,CA,San Bernardino,6071
25-0002521,CA,San Bernardino,6071
25-0002522,CA,Napa,6055
25-0002523,CA,Contra Costa,6013
25-0002524,CA,Riverside,6065
25-0002525,CA,Los Angeles,6037
25-0002526,CA,Sonoma,6097
25-0002527,CA,Los Angeles,6037
25-0002528,CA,Los Angeles,6037
25-0002529,CA,Los Angeles,6037
25-0002530,CA,Alameda,6001
25-0002531,CA,El Dorado,6017
25-0002532,CA,Orange,6059
25-0002533,CA,San Bernardino,6071
25-0002534,CA,Santa Clara,6085
25-0002535,CA,Contra Costa,6013
25-0002536,CA,Napa,6055
25-0002537,CA,Yolo,6113
25-0002538,CA,Los Angeles,6037
25-0002539,CA,Los Angeles,6037
25-0002540,CA,San Diego,6073
25-0002541,CA,Tulare,6107
25-0002542,CA,Kings,6031
25-0002543,CA,Santa Clara,6085
25-0002544,CA,Kings,6031
25-0002545,CA,Los Angeles,6037
25-0002546,CA,Los Angeles,6037
25-0002547,CA,Alameda,6001
25-0002548,CA,Lake,6033
25-0002549,CA,Los Angeles,6037
25-0002550,CA,Los Angeles,6037
25-0002551,CA,Los Angeles,6037
25-0002552,CA,Siskiyou,6093
25-0002553,CA,Trinity,6105
25-0002554,CA,Los Angeles,6037
25-0002555,CA,Riverside,6065
25-0002556,CA,Los Angeles,6037
25-0002557,CA,San Bernardino,6071
25-0002558,CA,Riverside,6065
25-0002559,CA,Los Angeles,6037
25-0002560,CA,Fresno,6019
25-0002561,CA,Orange,6059
25-0002562,CA,Merced,6047
25-0002563,CA,Los Angeles,6037
25-0002564,CA,Los Angeles,6037
25-0002565,CA,Contra Costa,6013
25-0002566,CA,San Bernardino,6071
25-0002567,CA,Contra Costa,6013
25-0002568,CA,Los Angeles,6037
25-0002569,CA,Los Angeles,6037
25-0002570,CA,Orange,6059
25-0002571,CA,Orange,6059
25-0002572,CA,Los Angeles,6037
25-0002573,CA,Los Angeles,6037
25-0002574,CA,Los Angeles,6037
25-0002575,CA,San Joaquin,6077
25-0002576,CA,Sacramento,6067
25-0002577,CA,Imperial,6025
25-0002578,CA,Alameda,6001
25-0002579,CA,Orange,6059
25-0002580,CA,San Bernardino,6071
25-0002581,CA,Los Angeles,6037
25-0002582,CA,Riverside,6065
25-0002583,CA,San Diego,6073
25-0002584,CA,Los Angeles,6037
25-0002585,CA,Sonoma,6097
25-0002586,CA,Los Angeles,6037
25-0002587,CA,Riverside,6065
25-0002588,CA,Los Angeles,6037
25-0002589,CA,Los Angeles,6037
25-0002590,CA,San Mateo,6081
25-0002591,CA,Kern,6029
25-0002592,CA,Ventura,6111
25-0002593,CA,San Francisco,6075
25-0002594,CA,Riverside,6065
25-0002595,CA,Contra Costa,6013
25-0002596,CA,San Bernardino,6071
25-0002597,CA,Los Angeles,6037
25-0002598,CA,Los Angeles,6037
25-0002599,CA,Los Angeles,6037
25-0002600,CA,Kern,6029
25-0002601,CA,Los Angeles,6037
25-0002602,CA,Los Angeles,6037
25-0002603,CA,San Diego,6073
25-0002604,CA,Alameda,6001
25-0002605,CA,Los Angeles,6037
25-0002606,CA,Orange,6059
25-0002607,CA,Tulare,6107
25-0002608,CA,Alameda,6001
25-0002609,CA,Los Angeles,6037
25-0002610,CA,Los Angeles,6037
25-0002611,CA,Kern,6029
25-0002612,CA,Los Angeles,6037
25-0002613,CA,Los Angeles,6037
25-0002614,CA,Orange,6059
25-0002615,CA,Riverside,6065
25-0002616,CA,Los Angeles,6037
25-0002617,CA,Los Angeles,6037
25-0002618,CA,Kings,6031
25-0002619,CA,San Benito,6069
25-0002620,CA,Los Angeles,6037
25-0002621,CA,San Luis Obispo,6079
25-0002622,CA,Yolo,6113
25-0002623,CA,San Bernardino,6071
25-0002624,CA,Alameda,6001
25-0002625,CA,Los Angeles,6037
25-0002626,CA,Riverside,6065
25-0002627,CA,Los Angeles,6037
25-0002628,CA,Riverside,6065
25-0002629,CA,Alameda,6001
25-0002630,CA,San Bernardino,6071
25-0002631,CA,Riverside,6065
25-0002632,CA,Los Angeles,6037
25-0002633,CA,San Bernardino,6071
25-0002634,CA,Los Angeles,6037
25-0002635,CA,San Mateo,6081
25-0002636,CA,Orange,6059
25-0002637,CA,Tulare,6107
25-0002638,CA,Los Angeles,6037
25-0002639,CA,Los Angeles,6037
25-0002640,CA,Los Angeles,6037
25-0002641,CA,Los Angeles,6037
25-0002642,CA,Contra Costa,6013
25-0002643,CA,Butte,6007
25-0002644,CA,Los Angeles,6037
25-0002645,CA,Riverside,6065
25-0002646,CA,Los Angeles,6037
25-0002647,CA,Sacramento,6067
25-0002648,CA,Los Angeles,6037
25-0002649,CA,Riverside,6065
25-0002650,CA,Los Angeles,6037
25-0002651,CA,Fresno,6019
25-0002652,CA,San Diego,6073
25-0002653,CA,Los Angeles,6037
25-0002654,CA,San Bernardino,6071
25-0002655,CA,Los Angeles,6037
25-0002656,CA,Fresno,6019
25-0002657,CA,San Bernardino,6071
25-0002658,CA,Los Angeles,6037
25-0002659,CA,Orange,6059
25-0002660,CA,San Diego,6073
25-0002661,CA,Los Angeles,6037
25-0002662,CA,San Joaquin,6077
25-0002663,CA,Los Angeles,6037
25-0002664,CA,Los Angeles,6037
25-0002665,CA,Sacramento,6067
25-0002666,CA,Santa Clara,6085
25-0002667,CA,San Bernardino,6071
25-0002668,CA,San Diego,6073
25-0002669,CA,Santa Barbara,6083
25-0002670,CA,Contra Costa,6013
25-0002671,CA,Los Angeles,6037
25-0002672,CA,Fresno,6019
25-0002673,CA,Solano,6095
25-0002674,CA,Los Angeles,6037
25-0002675,CA,Los Angeles,6037
25-0002676,CA,Orange,6059
25-0002677,CA,Riverside,6065
25-0002678,CA,Santa Clara,6085
25-0002679,CA,Los Angeles,6037
25-0002680,CA,Sacramento,6067
25-0002681,CA,Los Angeles,6037
25-0002682,CA,Lake,6033
25-0002683,CA,Sacramento,6067
25-0002684,CA,San Diego,6073
25-0002685,CA,Alameda,6001
25-0002686,CA,Los Angeles,6037
25-0002687,CA,Riverside,6065
25-0002688,CA,Sacramento,6067
25-0002689,CA,San Bernardino,6071
25-0002690,CA,Los Angeles,6037
25-0002691,CA,Riverside,6065
25-0002692,CA,Los Angeles,6037
25-0002693,CA,Orange,6059
25-0002694,CA,Los Angeles,6037
25-0002695,CA,Riverside,6065
25-0002696,CA,Los Angeles,6037
25-0002697,CA,Orange,6059
25-0002698,CA,Orange,6059
25-0002699,CA,Merced,6047
25-0002700,CA,Fresno,6019
25-0002701,CA,Los Angeles,6037
25-0002702,CA,Los Angeles,6037
25-0002703,CA,Los Angeles,6037
25-0002704,CA,Fresno,6019
25-0002705,CA,San Bernardino,6071
25-0002706,CA,Los Angeles,6037
25-0002707,CA,Riverside,6065
25-0002708,CA,Los Angeles,6037
25-0002709,CA,San Bernardino,6071
25-0002710,CA,Los Angeles,6037
25-0002711,CA,Los Angeles,6037
25-0002712,CA,San Bernardino,6071
25-0002713,CA,Orange,6059
25-0002714,CA,Sacramento,6067
25-0002715,CA,Ventura,6111
25-0002716,CA,Los Angeles,6037
25-0002717,CA,Los Angeles,6037
25-0002718,CA,Orange,6059
25-0002719,CA,Los Angeles,6037
25-0002720,CA,Riverside,6065
25-0002721,CA,Los Angeles,6037
25-0002722,CA,Fresno,6019
25-0002723,CA,Los Angeles,6037
25-0002724,CA,Riverside,6065
25-0002725,CA,Butte,6007
25-0002726,CA,Yolo,6113
25-0002727,CA,Solano,6095
25-0002728,CA,Los Angeles,6037
25-0002729,CA,Santa Barbara,6083
25-0002730,CA,San Bernardino,6071
25-0002731,CA,Orange,6059
25-0002732,CA,Riverside,6065
25-0002733,CA,Calaveras,6009
25-0002734,CA,Nevada,6057
25-0002735,CA,Yuba,6115
25-0002736,CA,Sonoma,6097
25-0002737,CA,San Francisco,6075
25-0002738,CA,San Bernardino,6071
25-0002739,CA,Orange,6059
25-0002740,CA,Orange,6059
25-0002741,CA,Los Angeles,6037
25-0002742,CA,Los Angeles,6037
25-0002743,CA,Placer,6061
25-0002744,CA,Marin,6041
25-0002745,CA,Los Angeles,6037
25-0002746,CA,Riverside,6065
25-0002747,CA,Placer,6061
25-0002748,CA,Orange,6059
25-0002749,CA,Kern,6029
25-0002750,CA,Sacramento,6067
25-0002751,CA,San Bernardino,6071
25-0002752,CA,Los Angeles,6037
25-0002753,CA,Los Angeles,6037
25-0002754,CA,Butte,6007
25-0002755,CA,Santa Clara,6085
25-0002756,CA,El Dorado,6017
25-0002757,CA,San Luis Obispo,6079
25-0002758,CA,Los Angeles,6037
25-0002759,CA,Los Angeles,6037
25-0002760,CA,Los Angeles,6037
25-0002761,CA,Los Angeles,6037
25-0002762,CA,Los Angeles,6037
25-0002763,CA,Riverside,6065
25-0002764,CA,Orange,6059
25-0002765,CA,San Diego,6073
25-0002766,CA,San Bernardino,6071
25-0002767,CA,San Bernardino,6071
25-0002768,CA,Los Angeles,6037
25-0002769,CA,San Bernardino,6071
25-0002770,CA,Los Angeles,6037
25-0002771,CA,Orange,6059
25-0002772,CA,Sacramento,6067
25-0002773,CA,Los Angeles,6037
25-0002774,CA,Los Angeles,6037
25-0002775,CA,Los Angeles,6037
25-0002776,CA,Alameda,6001
25-0002777,CA,Riverside,6065
25-0002778,CA,Contra Costa,6013
25-0002779,CA,Los Angeles,6037
25-0002780,CA,San Diego,6073
25-0002781,CA,Orange,6059
25-0002782,CA,Los Angeles,6037
25-0002783,CA,Nevada,6057
25-0002784,CA,Glenn,6021
25-0002785,CA,Los Angeles,6037
25-0002786,CA,Los Angeles,6037
25-0002787,CA,Los Angeles,6037
25-0002788,CA,Los Angeles,6037
25-0002789,CA,Sacramento,6067
25-0002790,CA,Los Angeles,6037
25-0002791,CA,Los Angeles,6037
25-0002792,CA,Los Angeles,6037
25-0002793,CA,Los Angeles,6037
25-0002794,CA,Fresno,6019
25-0002795,CA,Los Angeles,6037
25-0002796,CA,Kern,6029
25-0002797,CA,Solano,6095
25-0002798,CA,Humboldt,6023
25-0002799,CA,Los Angeles,6037
25-0002800,CA,Riverside,6065
25-0002801,CA,Los Angeles,6037
25-0002802,CA,Orange,6059
25-0002803,CA,Los Angeles,6037
25-0002804,CA,San Joaquin,6077
25-0002805,CA,Stanislaus,6099
25-0002806,CA,Los Angeles,6037
25-0002807,CA,Riverside,6065
25-0002808,CA,Sacramento,6067
25-0002809,CA,Riverside,6065
25-0002810,CA,Riverside,6065
25-0002811,CA,Orange,6059
25-0002812,CA,Los Angeles,6037
25-0002813,CA,Riverside,6065
25-0002814,CA,San Diego,6073
25-0002815,CA,Los Angeles,6037
25-0002816,CA,Los Angeles,6037
25-0002817,CA,Los Angeles,6037
25-0002818,CA,Los Angeles,6037
25-0002819,CA,Orange,6059
25-0002820,CA,Sacramento,6067
25-0002821,CA,San Diego,6073
25-0002822,CA,Los Angeles,6037
25-0002823,CA,Los Angeles,6037
25-0002824,CA,Los Angeles,6037
25-0002825,CA,Contra Costa,6013
25-0002826,CA,Los Angeles,6037
25-0002827,CA,Los Angeles,6037
25-0002828,CA,Santa Clara,6085
25-0002829,CA,San Mateo,6081
25-0002830,CA,San Bernardino,6071
25-0002831,CA,Riverside,6065
25-0002832,CA,Santa Barbara,6083
25-0002833,CA,Kern,6029
25-0002834,CA,Orange,6059
25-0002835,CA,Santa Clara,6085
25-0002836,CA,Los Angeles,6037
25-0002837,CA,Riverside,6065
25-0002838,CA,Riverside,6065
25-0002839,CA,Contra Costa,6013
25-0002840,CA,Madera,6039
25-0002841,CA,Los Angeles,6037
25-0002842,CA,Kern,6029
25-0002843,CA,Los Angeles,6037
25-0002844,CA,Fresno,6019
25-0002845,CA,Los Angeles,6037
25-0002846,CA,Los Angeles,6037
25-0002847,CA,San Joaquin,6077
25-0002848,CA,San Bernardino,6071
25-0002849,CA,Orange,6059
25-0002850,CA,Fresno,6019
25-0002851,CA,Contra Costa,6013
25-0002852,CA,Riverside,6065
25-0002853,CA,Los Angeles,6037
25-0002854,CA,Madera,6039
25-0002855,CA,Los Angeles,6037
25-0002856,CA,Los Angeles,6037
25-0002857,CA,Orange,6059
25-0002858,CA,Riverside,6065
25-0002859,CA,Sacramento,6067
25-0002860,CA,San Francisco,6075
25-0002861,CA,Riverside,6065
25-0002862,CA,Los Angeles,6037
25-0002863,CA,Tulare,6107
25-0002864,CA,Santa Clara,6085
25-0002865,CA,San Bernardino,6071
25-0002866,CA,San Mateo,6081
25-0002867,CA,Los Angeles,6037
25-0002868,CA,Riverside,6065
25-0002869,CA,Los Angeles,6037
25-0002870,CA,Orange,6059
25-0002871,CA,Los Angeles,6037
25-0002872,CA,Orange,6059
25-0002873,CA,Los Angeles,6037
25-0002874,CA,Los Angeles,6037
25-0002875,CA,Los Angeles,6037
25-0002876,CA,Los Angeles,6037
25-0002877,CA,San Bernardino,6071
25-0002878,CA,Los Angeles,6037
25-0002879,CA,Los Angeles,6037
25-0002880,CA,San Diego,6073
25-0002881,CA,Fresno,6019
25-0002882,CA,Los Angeles,6037
25-0002883,CA,Kings,6031
25-0002884,CA,Orange,6059
25-0002885,CA,Humboldt,6023
25-0002886,CA,Orange,6059
25-0002887,CA,Sutter,6101
25-0002888,CA,Riverside,6065
25-0002889,CA,Los Angeles,6037
25-0002890,CA,Los Angeles,6037
25-0002891,CA,Los Angeles,6037
25-0002892,CA,Fresno,6019
25-0002893,CA,Contra Costa,6013
25-0002894,CA,Calaveras,6009
25-0002895,CA,Los Angeles,6037
25-0002896,CA,San Bernardino,6071
25-0002897,CA,Los Angeles,6037
25-0002898,CA,Los Angeles,6037
25-0002899,CA,Los Angeles,6037
25-0002900,CA,San Bernardino,6071
25-0002901,CA,Butte,6007
25-0002902,CA,San Diego,6073
25-0002903,CA,Merced,6047
25-0002904,CA,San Bernardino,6071
25-0002905,CA,San Bernardino,6071
25-0002906,CA,Los Angeles,6037
25-0002907,CA,San Joaquin,6077
25-0002908,CA,Kern,6029
25-0002909,CA,Orange,6059
25-0002910,CA,Los Angeles,6037
25-0002911,CA,Los Angeles,6037
25-0002912,CA,Los Angeles,6037
25-0002913,CA,Sacramento,6067
25-0002914,CA,Solano,6095
25-0002915,CA,San Bernardino,6071
25-0002916,CA,Los Angeles,6037
25-0002917,CA,San Diego,6073
25-0002918,CA,Los Angeles,6037
25-0002919,CA,San Bernardino,6071
25-0002920,CA,Orange,6059
25-0002921,CA,Los Angeles,6037
25-0002922,CA,Orange,6059
25-0002923,CA,Fresno,6019
25-0002924,CA,Alameda,6001
25-0002925,CA,Riverside,6065
25-0002926,CA,San Bernardino,6071
25-0002927,CA,San Bernardino,6071
25-0002928,CA,Sacramento,6067
25-0002929,CA,Fresno,6019
25-0002930,CA,Los Angeles,6037
25-0002931,CA,San Diego,6073
25-0002932,CA,San Bernardino,6071
25-0002933,CA,Orange,6059
25-0002934,CA,Los Angeles,6037
25-0002935,CA,Madera,6039
25-0002936,CA,Monterey,6053
25-0002937,CA,Los Angeles,6037
25-0002938,CA,Orange,6059
25-0002939,CA,Orange,6059
25-0002940,CA,Placer,6061
25-0002941,CA,San Bernardino,6071
25-0002942,CA,Sacramento,6067
25-0002943,CA,San Diego,6073
25-0002944,CA,Los Angeles,6037
25-0002945,CA,Los Angeles,6037
25-0002946,CA,San Diego,6073
25-0002947,CA,Los Angeles,6037
25-0002948,CA,Los Angeles,6037
25-0002949,CA,Los Angeles,6037
25-0002950,CA,San Bernardino,6071
25-0002951,CA,Orange,6059
25-0002952,CA,Los Angeles,6037
25-0002953,CA,Riverside,6065
25-0002954,CA,Fresno,6019
25-0002955,CA,Los Angeles,6037
25-0002956,CA,San Bernardino,6071
25-0002957,CA,Los Angeles,6037
25-0002958,CA,Los Angeles,6037
25-0002959,CA,Los Angeles,6037
25-0002960,CA,San Bernardino,6071
25-0002961,CA,Los Angeles,6037
25-0002962,CA,Los Angeles,6037
25-0002963,CA,Sacramento,6067
25-0002964,CA,Orange,6059
25-0002965,CA,San Diego,6073
25-0002966,CA,Los Angeles,6037
25-0002967,CA,Los Angeles,6037
25-0002968,CA,Los Angeles,6037
25-0002969,CA,Orange,6059
25-0002970,CA,San Bernardino,6071
25-0002971,CA,San Francisco,6075
25-0002972,CA,Los Angeles,6037
25-0002973,CA,Los Angeles,6037
25-0002974,CA,Stanislaus,6099
25-0002975,CA,Sonoma,6097
25-0002976,CA,Los Angeles,6037
25-0002977,CA,Los Angeles,6037
25-0002978,CA,Marin,6041
25-0002979,CA,Orange,6059
25-0002980,CA,San Diego,6073
25-0002981,CA,Solano,6095
25-0002982,CA,Los Angeles,6037
25-0002983,CA,Los Angeles,6037
25-0002984,CA,Los Angeles,6037
25-0002985,CA,Riverside,6065
25-0002986,CA,Los Angeles,6037
25-0002987,CA,Riverside,6065
25-0002988,CA,Los Angeles,6037
25-0002989,CA,Los Angeles,6037
25-0002990,CA,Los Angeles,6037
25-0002991,CA,Los Angeles,6037
25-0002992,CA,Santa Clara,6085
25-0002993,CA,Riverside,6065
25-0002994,CA,Los Angeles,6037
25-0002995,CA,Stanislaus,6099
25-0002996,CA,Marin,6041
25-0002997,CA,San Diego,6073
25-0002998,CA,Los Angeles,6037
25-0002999,CA,Santa Clara,6085
25-0003000,CA,Sacramento,6067
25-0003001,CA,Los Angeles,6037
25-0003002,CA,Los Angeles,6037
25-0003003,CA,Sacramento,6067
25-0003004,CA,San Luis Obispo,6079
25-0003005,CA,San Bernardino,6071
25-0003006,CA,Los Angeles,6037
25-0003007,CA,Los Angeles,6037
25-0003008,CA,Fresno,6019
25-0003009,CA,Los Angeles,6037
25-0003010,CA,San Diego,6073
25-0003011,CA,San Bernardino,6071
25-0003012,CA,Los Angeles,6037
25-0003013,CA,Santa Clara,6085
25-0003014,CA,Orange,6059
25-0003015,CA,Los Angeles,6037
25-0003016,CA,Santa Clara,6085
25-0003017,CA,San Joaquin,6077
25-0003018,CA,Santa Clara,6085
25-0003019,CA,Orange,6059
25-0003020,CA,Los Angeles,6037
25-0003021,CA,Orange,6059
25-0003022,CA,Stanislaus,6099
25-0003023,CA,San Diego,6073
25-0003024,CA,Riverside,6065
25-0003025,CA,Los Angeles,6037
25-0003026,CA,Riverside,6065
25-0003027,CA,Riverside,6065
25-0003028,CA,Los Angeles,6037
25-0003029,CA,Los Angeles,6037
25-0003030,CA,Stanislaus,6099
25-0003031,CA,Los Angeles,6037
25-0003032,CA,Riverside,6065
25-0003033,CA,Los Angeles,6037
25-0003034,CA,San Bernardino,6071
25-0003035,CA,Orange,6059
25-0003036,CA,Orange,6059
25-0003037,CA,Los Angeles,6037
25-0003038,CA,San Bernardino,6071
25-0003039,CA,Imperial,6025
25-0003040,CA,Los Angeles,6037
25-0003041,CA,Los Angeles,6037
25-0003042,CA,San Diego,6073
25-0003043,CA,Alameda,6001
25-0003044,CA,Alameda,6001
25-0003045,CA,Contra Costa,6013
25-0003046,CA,Los Angeles,6037
25-0003047,CA,Riverside,6065
25-0003048,CA,Riverside,6065
25-0003049,CA,Riverside,6065
25-0003050,CA,Los Angeles,6037
25-0003051,CA,Butte,6007
25-0003052,CA,Riverside,6065
25-0003053,CA,Los Angeles,6037
25-0003054,CA,Fresno,6019
25-0003055,CA,San Bernardino,6071
25-0003056,CA,Fresno,6019
25-0003057,CA,San Bernardino,6071
25-0003058,CA,San Bernardino,6071
25-0003059,CA,Los Angeles,6037
25-0003060,CA,Los Angeles,6037
25-0003061,CA,Los Angeles,6037
25-0003062,CA,Los Angeles,6037
25-0003063,CA,Los Angeles,6037
25-0003064,CA,Los Angeles,6037
25-0003065,CA,Yolo,6113
25-0003066,CA,San Luis Obispo,6079
25-0003067,CA,Los Angeles,6037
25-0003068,CA,Santa Barbara,6083
25-0003069,CA,Los Angeles,6037
25-0003070,CA,Los Angeles,6037
25-0003071,CA,Kings,6031
25-0003072,CA,Los Angeles,6037
25-0003073,CA,Los Angeles,6037
25-0003074,CA,Los Angeles,6037
25-0003075,CA,Los Angeles,6037
25-0003076,CA,Riverside,6065
25-0003077,CA,Los Angeles,6037
25-0003078,CA,Riverside,6065
25-0003079,CA,Lake,6033
25-0003080,CA,Riverside,6065
25-0003081,CA,Ventura,6111
25-0003082,CA,Los Angeles,6037
25-0003083,CA,San Bernardino,6071
25-0003084,CA,San Diego,6073
25-0003085,CA,Los Angeles,6037
25-0003086,CA,Los Angeles,6037
25-0003087,CA,Los Angeles,6037
25-0003088,CA,San Bernardino,6071
25-0003089,CA,Los Angeles,6037
25-0003090,CA,San Francisco,6075
25-0003091,CA,Los Angeles,6037
25-0003092,CA,San Diego,6073
25-0003093,CA,Kern,6029
25-0003094,CA,Sacramento,6067
25-0003095,CA,Riverside,6065
25-0003096,CA,Lake,6033
25-0003097,CA,Tulare,6107
25-0003098,CA,Mendocino,6045
25-0003099,CA,Orange,6059
25-0003100,CA,San Diego,6073
25-0003101,CA,Alameda,6001
25-0003102,CA,Tulare,6107
25-0003103,CA,Orange,6059
25-0003104,CA,Los Angeles,6037
25-0003105,CA,Riverside,6065
25-0003106,CA,Los Angeles,6037
25-0003107,CA,Yolo,6113
25-0003108,CA,Butte,6007
25-0003109,CA,Los Angeles,6037
25-0003110,CA,Mendocino,6045
25-0003111,CA,Orange,6059
25-0003112,CA,Los Angeles,6037
25-0003113,CA,Sacramento,6067
25-0003114,CA,Riverside,6065
25-0003115,CA,Los Angeles,6037
25-0003116,CA,San Diego,6073
25-0003117,CA,Santa Clara,6085
25-0003118,CA,San Francisco,6075
25-0003119,CA,San Francisco,6075
25-0003120,CA,Fresno,6019
25-0003121,CA,San Joaquin,6077
25-0003122,CA,Ventura,6111
25-0003123,CA,San Diego,6073
25-0003124,CA,San Bernardino,6071
25-0003125,CA,Los Angeles,6037
25-0003126,CA,Marin,6041
25-0003127,CA,Sacramento,6067
25-0003128,CA,Los Angeles,6037
25-0003129,CA,Placer,6061
25-0003130,CA,Los Angeles,6037
25-0003131,CA,El Dorado,6017
25-0003132,CA,Los Angeles,6037
25-0003133,CA,Plumas,6063
25-0003134,CA,Los Angeles,6037
25-0003135,CA,Los Angeles,6037
25-0003136,CA,Los Angeles,6037
25-0003137,CA,Sonoma,6097
25-0003138,CA,Sacramento,6067
25-0003139,CA,Los Angeles,6037
25-0003140,CA,San Bernardino,6071
25-0003141,CA,Kern,6029
25-0003142,CA,Los Angeles,6037
25-0003143,CA,Los Angeles,6037
25-0003144,CA,San Bernardino,6071
25-0003145,CA,Riverside,6065
25-0003146,CA,Tulare,6107
25-0003147,CA,Riverside,6065
25-0003148,CA,Los Angeles,6037
25-0003149,CA,Madera,6039
25-0003150,CA,Riverside,6065
25-0003151,CA,Inyo,6027
25-0003152,CA,Los Angeles,6037
25-0003153,CA,Stanislaus,6099
25-0003154,CA,Los Angeles,6037
25-0003155,CA,Riverside,6065
25-0003156,CA,Mendocino,6045
25-0003157,CA,Orange,6059
25-0003158,CA,Imperial,6025
25-0003159,CA,Los Angeles,6037
25-0003160,CA,San Bernardino,6071
25-0003161,CA,Orange,6059
25-0003162,CA,Nevada,6057
25-0003163,CA,Los Angeles,6037
25-0003164,CA,Orange,6059
25-0003165,CA,Los Angeles,6037
25-0003166,CA,Los Angeles,6037
25-0003167,CA,Los Angeles,6037
25-0003168,CA,San Bernardino,6071
25-0003169,CA,Madera,6039
25-0003170,CA,Santa Clara,6085
25-0003171,CA,Fresno,6019
25-0003172,CA,Los Angeles,6037
25-0003173,CA,Fresno,6019
25-0003174,CA,San Diego,6073
25-0003175,CA,Los Angeles,6037
25-0003176,CA,Riverside,6065
25-0003177,CA,Sacramento,6067
25-0003178,CA,Orange,6059
25-0003179,CA,Los Angeles,6037
25-0003180,CA,San Diego,6073
25-0003181,CA,Los Angeles,6037
25-0003182,CA,Orange,6059
25-0003183,CA,Los Angeles,6037
25-0003184,CA,Alameda,6001
25-0003185,CA,Stanislaus,6099
25-0003186,CA,Los Angeles,6037
25-0003187,CA,Kern,6029
25-0003188,CA,Imperial,6025
25-0003189,CA,Los Angeles,6037
25-0003190,CA,Los Angeles,6037
25-0003191,CA,Los Angeles,6037
25-0003192,CA,Los Angeles,6037
25-0003193,CA,San Diego,6073
25-0003194,CA,Contra Costa,6013
25-0003195,CA,San Bernardino,6071
25-0003196,CA,Riverside,6065
25-0003197,CA,San Bernardino,6071
25-0003198,CA,Orange,6059
25-0003199,CA,Santa Clara,6085
25-0003200,CA,Los Angeles,6037
25-0003201,CA,Los Angeles,6037
25-0003202,CA,Los Angeles,6037
25-0003203,CA,Los Angeles,6037
25-0003204,CA,Los Angeles,6037
25-0003205,CA,Solano,6095
25-0003206,CA,Los Angeles,6037
25-0003207,CA,Los Angeles,6037
25-0003208,CA,Alameda,6001
25-0003209,CA,Santa Cruz,6087
25-0003210,CA,Calaveras,6009
25-0003211,CA,Los Angeles,6037
25-0003212,CA,Los Angeles,6037
25-0003213,CA,Orange,6059
25-0003214,CA,Los Angeles,6037
25-0003215,CA,Kern,6029
25-0003216,CA,Los Angeles,6037
25-0003217,CA,Contra Costa,6013
25-0003218,CA,Riverside,6065
25-0003219,CA,Riverside,6065
25-0003220,CA,Los Angeles,6037
25-0003221,CA,Los Angeles,6037
25-0003222,CA,Orange,6059
25-0003223,CA,San Francisco,6075
25-0003224,CA,Orange,6059
25-0003225,CA,Sacramento,6067
25-0003226,CA,Los Angeles,6037
25-0003227,CA,San Bernardino,6071
25-0003228,CA,Orange,6059
25-0003229,CA,Fresno,6019
25-0003230,CA,San Bernardino,6071
25-0003231,CA,Los Angeles,6037
25-0003232,CA,Santa Barbara,6083
25-0003233,CA,San Bernardino,6071
25-0003234,CA,San Diego,6073
25-0003235,CA,Orange,6059
25-0003236,CA,Los Angeles,6037
25-0003237,CA,Orange,6059
25-0003238,CA,Santa Clara,6085
25-0003239,CA,Los Angeles,6037
25-0003240,CA,Los Angeles,6037
25-0003241,CA,Los Angeles,6037
25-0003242,CA,Fresno,6019
25-0003243,CA,Tulare,6107
25-0003244,CA,Los Angeles,6037
25-0003245,CA,San Francisco,6075
25-0003246,CA,Sonoma,6097
25-0003247,CA,San Diego,6073
25-0003248,CA,Los Angeles,6037
25-0003249,CA,Los Angeles,6037
25-0003250,CA,Los Angeles,6037
25-0003251,CA,Alameda,6001
25-0003252,CA,Los Angeles,6037
25-0003253,CA,Los Angeles,6037
25-0003254,CA,Los Angeles,6037
25-0003255,CA,Los Angeles,6037
25-0003256,CA,San Mateo,6081
25-0003257,CA,Alameda,6001
25-0003258,CA,Orange,6059
25-0003259,CA,Los Angeles,6037
25-0003260,CA,Stanislaus,6099
25-0003261,CA,Los Angeles,6037
25-0003262,CA,Los Angeles,6037
25-0003263,CA,Tulare,6107
25-0003264,CA,Orange,6059
25-0003265,CA,Los Angeles,6037
25-0003266,CA,Santa Barbara,6083
25-0003267,CA,Ventura,6111
25-0003268,CA,Los Angeles,6037
25-0003269,CA,Los Angeles,6037
25-0003270,CA,Orange,6059
25-0003271,CA,Los Angeles,6037
25-0003272,CA,Orange,6059
25-0003273,CA,San Bernardino,6071
25-0003274,CA,San Bernardino,6071
25-0003275,CA,Los Angeles,6037
25-0003276,CA,Los Angeles,6037
25-0003277,CA,Los Angeles,6037
25-0003278,CA,Sacramento,6067
25-0003279,CA,Contra Costa,6013
25-0003280,CA,San Diego,6073
25-0003281,CA,Los Angeles,6037
25-0003282,CA,Riverside,6065
25-0003283,CA,Merced,6047
25-0003284,CA,Los Angeles,6037
25-0003285,CA,Yuba,6115
25-0003286,CA,Riverside,6065
25-0003287,CA,Riverside,6065
25-0003288,CA,Stanislaus,6099
25-0003289,CA,Los Angeles,6037
25-0003290,CA,Imperial,6025
25-0003291,CA,San Diego,6073
25-0003292,CA,Orange,6059
25-0003293,CA,Ventura,6111
25-0003294,CA,San Bernardino,6071
25-0003295,CA,Sonoma,6097
25-0003296,CA,Imperial,6025
25-0003297,CA,Los Angeles,6037
25-0003298,CA,Riverside,6065
25-0003299,CA,Butte,6007
25-0003300,CA,Alameda,6001
25-0003301,CA,Los Angeles,6037
25-0003302,CA,Los Angeles,6037
25-0003303,CA,Santa Clara,6085
25-0003304,CA,Los Angeles,6037
25-0003305,CA,Los Angeles,6037
25-0003306,CA,Marin,6041
25-0003307,CA,Los Angeles,6037
25-0003308,CA,Los Angeles,6037
25-0003309,CA,Los Angeles,6037
25-0003310,CA,San Bernardino,6071
25-0003311,CA,Los Angeles,6037
25-0003312,CA,Ventura,6111
25-0003313,CA,Los Angeles,6037
25-0003314,CA,Orange,6059
25-0003315,CA,San Diego,6073
25-0003316,CA,Los Angeles,6037
25-0003317,CA,Los Angeles,6037
25-0003318,CA,Los Angeles,6037
25-0003319,CA,El Dorado,6017
25-0003320,CA,Sacramento,6067
25-0003321,CA,San Diego,6073
25-0003322,CA,Santa Barbara,6083
25-0003323,CA,San Bernardino,6071
25-0003324,CA,Riverside,6065
25-0003325,CA,Los Angeles,6037
25-0003326,CA,Los Angeles,6037
25-0003327,CA,Los Angeles,6037
25-0003328,CA,San Luis Obispo,6079
25-0003329,CA,Los Angeles,6037
25-0003330,CA,Riverside,6065
25-0003331,CA,Los Angeles,6037
25-0003332,CA,San Mateo,6081
25-0003333,CA,Los Angeles,6037
25-0003334,CA,Shasta,6089
25-0003335,CA,Santa Barbara,6083
25-0003336,CA,Riverside,6065
25-0003337,CA,San Bernardino,6071
25-0003338,CA,Sacramento,6067
25-0003339,CA,Sonoma,6097
25-0003340,CA,Sacramento,6067
25-0003341,CA,Contra Costa,6013
25-0003342,CA,Los Angeles,6037
25-0003343,CA,Los Angeles,6037
25-0003344,CA,Santa Clara,6085
25-0003345,CA,Alameda,6001
25-0003346,CA,Los Angeles,6037
25-0003347,CA,Los Angeles,6037
25-0003348,CA,Riverside,6065
25-0003349,CA,Riverside,6065
25-0003350,CA,San Diego,6073
25-0003351,CA,Riverside,6065
25-0003352,CA,Sacramento,6067
25-0003353,CA,Los Angeles,6037
25-0003354,CA,Los Angeles,6037
25-0003355,CA,Los Angeles,6037
25-0003356,CA,San Diego,6073
25-0003357,CA,San Bernardino,6071
25-0003358,CA,Kings,6031
25-0003359,CA,San Bernardino,6071
25-0003360,CA,Los Angeles,6037
25-0003361,CA,Los Angeles,6037
25-0003362,CA,Alameda,6001
25-0003363,CA,Los Angeles,6037
25-0003364,CA,Los Angeles,6037
25-0003365,CA,San Joaquin,6077
25-0003366,CA,Tulare,6107
25-0003367,CA,Los Angeles,6037
25-0003368,CA,Los Angeles,6037
25-0003369,CA,Fresno,6019
25-0003370,CA,Alameda,6001
25-0003371,CA,Los Angeles,6037
25-0003372,CA,Los Angeles,6037
25-0003373,CA,Riverside,6065
25-0003374,CA,San Francisco,6075
25-0003375,CA,Los Angeles,6037
25-0003376,CA,Yuba,6115
25-0003377,CA,Santa Clara,6085
25-0003378,CA,San Joaquin,6077
25-0003379,CA,Los Angeles,6037
25-0003380,CA,Los Angeles,6037
25-0003381,CA,Los Angeles,6037
25-0003382,CA,Fresno,6019
25-0003383,CA,Los Angeles,6037
25-0003384,CA,Los Angeles,6037
25-0003385,CA,Riverside,6065
25-0003386,CA,San Diego,6073
25-0003387,CA,Alameda,6001
25-0003388,CA,Riverside,6065
25-0003389,CA,Riverside,6065
25-0003390,CA,Los Angeles,6037
25-0003391,CA,Los Angeles,6037
25-0003392,CA,Los Angeles,6037
25-0003393,CA,Santa Clara,6085
25-0003394,CA,Los Angeles,6037
25-0003395,CA,Contra Costa,6013
25-0003396,CA,San Bernardino,6071
25-0003397,CA,Contra Costa,6013
25-0003398,CA,Los Angeles,6037
25-0003399,CA,Los Angeles,6037
25-0003400,CA,Riverside,6065
25-0003401,CA,Contra Costa,6013
25-0003402,CA,Los Angeles,6037
25-0003403,CA,Los Angeles,6037
25-0003404,CA,Riverside,6065
25-0003405,CA,Los Angeles,6037
25-0003406,CA,Orange,6059
25-0003407,CA,Los Angeles,6037
25-0003408,CA,Riverside,6065
25-0003409,CA,Los Angeles,6037
25-0003410,CA,Los Angeles,6037
25-0003411,CA,Los Angeles,6037
25-0003412,CA,Fresno,6019
25-0003413,CA,Los Angeles,6037
25-0003414,CA,Contra Costa,6013
25-0003415,CA,San Bernardino,6071
25-0003416,CA,San Diego,6073
25-0003417,CA,Alameda,6001
25-0003418,CA,Sacramento,6067
25-0003419,CA,Los Angeles,6037
25-0003420,CA,San Joaquin,6077
25-0003421,CA,Santa Cruz,6087
25-0003422,CA,Los Angeles,6037
25-0003423,CA,Butte,6007
25-0003424,CA,Sonoma,6097
25-0003425,CA,Los Angeles,6037
25-0003426,CA,Mendocino,6045
25-0003427,CA,Los Angeles,6037
25-0003428,CA,Riverside,6065
25-0003429,CA,Los Angeles,6037
25-0003430,CA,Los Angeles,6037
25-0003431,CA,Lassen,6035
25-0003432,CA,Riverside,6065
25-0003433,CA,Los Angeles,6037
25-0003434,CA,San Joaquin,6077
25-0003435,CA,Alameda,6001
25-0003436,CA,Kern,6029
25-0003437,CA,Del Norte,6015
25-0003438,CA,Riverside,6065
25-0003439,CA,Kern,6029
25-0003440,CA,Los Angeles,6037
25-0003441,CA,Orange,6059
25-0003442,CA,Alameda,6001
25-0003443,CA,Los Angeles,6037
25-0003444,CA,Los Angeles,6037
25-0003445,CA,Imperial,6025
25-0003446,CA,Los Angeles,6037
25-0003447,CA,San Bernardino,6071
25-0003448,CA,Los Angeles,6037
25-0003449,CA,Los Angeles,6037
25-0003450,CA,Placer,6061
25-0003451,CA,Stanislaus,6099
25-0003452,CA,Los Angeles,6037
25-0003453,CA,Riverside,6065
25-0003454,CA,Santa Barbara,6083
25-0003455,CA,Santa Clara,6085
25-0003456,CA,San Bernardino,6071
25-0003457,CA,Los Angeles,6037
25-0003458,CA,San Francisco,6075
25-0003459,CA,Los Angeles,6037
25-0003460,CA,Contra Costa,6013
25-0003461,CA,Orange,6059
25-0003462,CA,San Diego,6073
25-0003463,CA,Los Angeles,6037
25-0003464,CA,Los Angeles,6037
25-0003465,CA,Los Angeles,6037
25-0003466,CA,Los Angeles,6037
25-0003467,CA,Contra Costa,6013
25-0003468,CA,Los Angeles,6037
25-0003469,CA,Orange,6059
25-0003470,CA,San Bernardino,6071
25-0003471,CA,Los Angeles,6037
25-0003472,CA,Los Angeles,6037
25-0003473,CA,Los Angeles,6037
25-0003474,CA,San Bernardino,6071
25-0003475,CA,Sacramento,6067
25-0003476,CA,Stanislaus,6099
25-0003477,CA,Los Angeles,6037
25-0003478,CA,Los Angeles,6037
25-0003479,CA,Ventura,6111
25-0003480,CA,Butte,6007
25-0003481,CA,Los Angeles,6037
25-0003482,CA,Los Angeles,6037
25-0003483,CA,Imperial,6025
25-0003484,CA,Los Angeles,6037
25-0003485,CA,Los Angeles,6037
25-0003486,CA,Orange,6059
25-0003487,CA,Solano,6095
25-0003488,CA,Los Angeles,6037
25-0003489,CA,Los Angeles,6037
25-0003490,CA,San Bernardino,6071
25-0003491,CA,Riverside,6065
25-0003492,CA,Riverside,6065
25-0003493,CA,Los Angeles,6037
25-0003494,CA,Los Angeles,6037
25-0003495,CA,Placer,6061
25-0003496,CA,Los Angeles,6037
25-0003497,CA,Ventura,6111
25-0003498,CA,Contra Costa,6013
25-0003499,CA,Sonoma,6097
25-0003500,CA,Los Angeles,6037
25-0003501,CA,San Bernardino,6071
25-0003502,CA,Orange,6059
25-0003503,CA,Alameda,6001
25-0003504,CA,Fresno,6019
25-0003505,CA,San Bernardino,6071
25-0003506,CA,Los Angeles,6037
25-0003507,CA,Los Angeles,6037
25-0003508,CA,Los Angeles,6037
25-0003509,CA,San Francisco,6075
25-0003510,CA,San Bernardino,6071
25-0003511,CA,Los Angeles,6037
25-0003512,CA,Santa Cruz,6087
25-0003513,CA,Orange,6059
25-0003514,CA,Contra Costa,6013
25-0003515,CA,Los Angeles,6037
25-0003516,CA,Orange,6059
25-0003517,CA,Riverside,6065
25-0003518,CA,Alameda,6001
25-0003519,CA,Merced,6047
25-0003520,CA,Los Angeles,6037
25-0003521,CA,Orange,6059
25-0003522,CA,Sacramento,6067
25-0003523,CA,San Bernardino,6071
25-0003524,CA,Los Angeles,6037
25-0003525,CA,Los Angeles,6037
25-0003526,CA,Los Angeles,6037
25-0003527,CA,Orange,6059
25-0003528,CA,Riverside,6065
25-0003529,CA,Contra Costa,6013
25-0003530,CA,Orange,6059
25-0003531,CA,Orange,6059
25-0003532,CA,Solano,6095
25-0003533,CA,Marin,6041
25-0003534,CA,Orange,6059
25-0003535,CA,Riverside,6065
25-0003536,CA,Fresno,6019
25-0003537,CA,Los Angeles,6037
25-0003538,CA,Los Angeles,6037
25-0003539,CA,Riverside,6065
25-0003540,CA,Los Angeles,6037
25-0003541,CA,Riverside,6065
25-0003542,CA,Los Angeles,6037
25-0003543,CA,Los Angeles,6037
25-0003544,CA,Los Angeles,6037
25-0003545,CA,Los Angeles,6037
25-0003546,CA,San Diego,6073
25-0003547,CA,Contra Costa,6013
25-0003548,CA,Fresno,6019
25-0003549,CA,Los Angeles,6037
25-0003550,CA,Los Angeles,6037
25-0003551,CA,Alameda,6001
25-0003552,CA,Los Angeles,6037
25-0003553,CA,Fresno,6019
25-0003554,CA,Tulare,6107
25-0003555,CA,San Bernardino,6071
25-0003556,CA,San Luis Obispo,6079
25-0003557,CA,San Bernardino,6071
25-0003558,CA,Madera,6039
25-0003559,CA,Los Angeles,6037
25-0003560,CA,Riverside,6065
25-0003561,CA,Los Angeles,6037
25-0003562,CA,Los Angeles,6037
25-0003563,CA,Los Angeles,6037
25-0003564,CA,Los Angeles,6037
25-0003565,CA,Los Angeles,6037
25-0003566,CA,Los Angeles,6037
25-0003567,CA,Santa Clara,6085
25-0003568,CA,Solano,6095
25-0003569,CA,San Diego,6073
25-0003570,CA,Ventura,6111
25-0003571,CA,Los Angeles,6037
25-0003572,CA,Riverside,6065
25-0003573,CA,Tulare,6107
25-0003574,CA,San Diego,6073
25-0003575,CA,Orange,6059
25-0003576,CA,Merced,6047
25-0003577,CA,Kern,6029
25-0003578,CA,Los Angeles,6037
25-0003579,CA,Los Angeles,6037
25-0003580,CA,San Bernardino,6071
25-0003581,CA,Yuba,6115
25-0003582,CA,Los Angeles,6037
25-0003583,CA,Los Angeles,6037
25-0003584,CA,Riverside,6065
25-0003585,CA,San Bernardino,6071
25-0003586,CA,Fresno,6019
25-0003587,CA,Orange,6059
25-0003588,CA,Los Angeles,6037
25-0003589,CA,Los Angeles,6037
25-0003590,CA,Stanislaus,6099
25-0003591,CA,Los Angeles,6037
25-0003592,CA,Ventura,6111
25-0003593,CA,Santa Clara,6085
25-0003594,CA,San Bernardino,6071
25-0003595,CA,San Bernardino,6071
25-0003596,CA,Fresno,6019
25-0003597,CA,San Mateo,6081
25-0003598,CA,Yolo,6113
25-0003599,CA,Kern,6029
25-0003600,CA,San Bernardino,6071
25-0003601,CA,Kern,6029
25-0003602,CA,San Diego,6073
25-0003603,CA,Contra Costa,6013
25-0003604,CA,Fresno,6019
25-0003605,CA,Los Angeles,6037
25-0003606,CA,Los Angeles,6037
25-0003607,CA,San Diego,6073
25-0003608,CA,Imperial,6025
25-0003609,CA,Riverside,6065
25-0003610,CA,Contra Costa,6013
25-0003611,CA,Los Angeles,6037
25-0003612,CA,Los Angeles,6037
25-0003613,CA,Los Angeles,6037
25-0003614,CA,San Luis Obispo,6079
25-0003615,CA,Orange,6059
25-0003616,CA,El Dorado,6017
25-0003617,CA,San Joaquin,6077
25-0003618,CA,Los Angeles,6037
25-0003619,CA,Sacramento,6067
25-0003620,CA,Ventura,6111
25-0003621,CA,Los Angeles,6037
25-0003622,CA,Butte,6007
25-0003623,CA,Fresno,6019
25-0003624,CA,Tulare,6107
25-0003625,CA,San Diego,6073
25-0003626,CA,Riverside,6065
25-0003627,CA,Riverside,6065
25-0003628,CA,Santa Clara,6085
25-0003629,CA,Santa Cruz,6087
25-0003630,CA,Los Angeles,6037
25-0003631,CA,Los Angeles,6037
25-0003632,CA,San Joaquin,6077
25-0003633,CA,Los Angeles,6037
25-0003634,CA,Los Angeles,6037
25-0003635,CA,Los Angeles,6037
25-0003636,CA,Riverside,6065
25-0003637,CA,Los Angeles,6037
25-0003638,CA,Imperial,6025
25-0003639,CA,Los Angeles,6037
25-0003640,CA,Los Angeles,6037
25-0003641,CA,Orange,6059
25-0003642,CA,San Francisco,6075
25-0003643,CA,Los Angeles,6037
25-0003644,CA,Riverside,6065
25-0003645,CA,San Bernardino,6071
25-0003646,CA,Los Angeles,6037
25-0003647,CA,Fresno,6019
25-0003648,CA,Los Angeles,6037
25-0003649,CA,Riverside,6065
25-0003650,CA,Kings,6031
25-0003651,CA,Los Angeles,6037
25-0003652,CA,Los Angeles,6037
25-0003653,CA,San Bernardino,6071
25-0003654,CA,Alameda,6001
25-0003655,CA,Santa Barbara,6083
25-0003656,CA,Solano,6095
25-0003657,CA,Sonoma,6097
25-0003658,CA,Orange,6059
25-0003659,CA,Ventura,6111
25-0003660,CA,Inyo,6027
25-0003661,CA,San Bernardino,6071
25-0003662,CA,Riverside,6065
25-0003663,CA,Orange,6059
25-0003664,CA,San Joaquin,6077
25-0003665,CA,Orange,6059
25-0003666,CA,Los Angeles,6037
25-0003667,CA,Sacramento,6067
25-0003668,CA,Riverside,6065
25-0003669,CA,Orange,6059
25-0003670,CA,Los Angeles,6037
25-0003671,CA,Los Angeles,6037
25-0003672,CA,Los Angeles,6037
25-0003673,CA,Contra Costa,6013
25-0003674,CA,Riverside,6065
25-0003675,CA,Los Angeles,6037
25-0003676,CA,Los Angeles,6037
25-0003677,CA,Los Angeles,6037
25-0003678,CA,San Diego,6073
25-0003679,CA,Santa Clara,6085
25-0003680,CA,Los Angeles,6037
25-0003681,CA,Kern,6029
25-0003682,CA,Los Angeles,6037
25-0003683,CA,Los Angeles,6037
25-0003684,CA,Los Angeles,6037
25-0003685,CA,Tehama,6103
25-0003686,CA,Riverside,6065
25-0003687,CA,Los Angeles,6037
25-0003688,CA,Sonoma,6097
25-0003689,CA,Riverside,6065
25-0003690,CA,San Joaquin,6077
25-0003691,CA,Orange,6059
25-0003692,CA,San Diego,6073
25-0003693,CA,Yolo,6113
25-0003694,CA,Kern,6029
25-0003695,CA,San Joaquin,6077
25-0003696,CA,Los Angeles,6037
25-0003697,CA,Alameda,6001
25-0003698,CA,Los Angeles,6037
25-0003699,CA,San Bernardino,6071
25-0003700,CA,Merced,6047
25-0003701,CA,Fresno,6019
25-0003702,CA,Orange,6059
25-0003703,CA,Los Angeles,6037
25-0003704,CA,Los Angeles,6037
25-0003705,CA,Orange,6059
25-0003706,CA,San Diego,6073
25-0003707,CA,Lake,6033
25-0003708,CA,Los Angeles,6037
25-0003709,CA,Los Angeles,6037
25-0003710,CA,Los Angeles,6037
25-0003711,CA,San Bernardino,6071
25-0003712,CA,Los Angeles,6037
25-0003713,CA,Kern,6029
25-0003714,CA,Los Angeles,6037
25-0003715,CA,San Bernardino,6071
25-0003716,CA,Los Angeles,6037
25-0003717,CA,Riverside,6065
25-0003718,CA,Ventura,6111
25-0003719,CA,Sacramento,6067
25-0003720,CA,Riverside,6065
25-0003721,CA,Los Angeles,6037
25-0003722,CA,Los Angeles,6037
25-0003723,CA,Orange,6059
25-0003724,CA,Kern,6029
25-0003725,CA,Kern,6029
25-0003726,CA,Sonoma,6097
25-0003727,CA,Los Angeles,6037
25-0003728,CA,Yuba,6115
25-0003729,CA,Los Angeles,6037
25-0003730,CA,Los Angeles,6037
25-0003731,CA,Stanislaus,6099
25-0003732,CA,San Diego,6073
25-0003733,CA,Los Angeles,6037
25-0003734,CA,Los Angeles,6037
25-0003735,CA,Riverside,6065
25-0003736,CA,Humboldt,6023
25-0003737,CA,Santa Clara,6085
25-0003738,CA,Santa Clara,6085
25-0003739,CA,Riverside,6065
25-0003740,CA,Alameda,6001
25-0003741,CA,San Joaquin,6077
25-0003742,CA,Orange,6059
25-0003743,CA,Ventura,6111
25-0003744,CA,Orange,6059
25-0003745,CA,Los Angeles,6037
25-0003746,CA,Los Angeles,6037
25-0003747,CA,Riverside,6065
25-0003748,CA,Los Angeles,6037
25-0003749,CA,Los Angeles,6037
25-0003750,CA,Santa Clara,6085
25-0003751,CA,Los Angeles,6037
25-0003752,CA,Orange,6059
25-0003753,CA,Orange,6059
25-0003754,CA,Los Angeles,6037
25-0003755,CA,Sacramento,6067
25-0003756,CA,Riverside,6065
25-0003757,CA,San Joaquin,6077
25-0003758,CA,Orange,6059
25-0003759,CA,Los Angeles,6037
25-0003760,CA,Tulare,6107
25-0003761,CA,Contra Costa,6013
25-0003762,CA,Fresno,6019
25-0003763,CA,Santa Clara,6085
25-0003764,CA,Los Angeles,6037
25-0003765,CA,San Joaquin,6077
25-0003766,CA,Alameda,6001
25-0003767,CA,Orange,6059
25-0003768,CA,Los Angeles,6037
25-0003769,CA,Orange,6059
25-0003770,CA,Sacramento,6067
25-0003771,CA,San Joaquin,6077
25-0003772,CA,Riverside,6065
25-0003773,CA,Riverside,6065
25-0003774,CA,Placer,6061
25-0003775,CA,Los Angeles,6037
25-0003776,CA,Los Angeles,6037
25-0003777,CA,Los Angeles,6037
25-0003778,CA,Los Angeles,6037
25-0003779,CA,Los Angeles,6037
25-0003780,CA,Los Angeles,6037
25-0003781,CA,Orange,6059
25-0003782,CA,San Bernardino,6071
25-0003783,CA,Sacramento,6067
25-0003784,CA,Orange,6059
25-0003785,CA,Los Angeles,6037
25-0003786,CA,Santa Clara,6085
25-0003787,CA,Orange,6059
25-0003788,CA,Los Angeles,6037
25-0003789,CA,Los Angeles,6037
25-0003790,CA,Los Angeles,6037
25-0003791,CA,Fresno,6019
25-0003792,CA,Orange,6059
25-0003793,CA,Napa,6055
25-0003794,CA,Los Angeles,6037
25-0003795,CA,Los Angeles,6037
25-0003796,CA,Santa Cruz,6087
25-0003797,CA,Kern,6029
25-0003798,CA,Orange,6059
25-0003799,CA,Fresno,6019
25-0003800,CA,Solano,6095
25-0003801,CA,Los Angeles,6037
25-0003802,CA,San Bernardino,6071
25-0003803,CA,Los Angeles,6037
25-0003804,CA,Riverside,6065
25-0003805,CA,Stanislaus,6099
25-0003806,CA,Los Angeles,6037
25-0003807,CA,San Francisco,6075
25-0003808,CA,Lake,6033
25-0003809,CA,Marin,6041
25-0003810,CA,Imperial,6025
25-0003811,CA,Stanislaus,6099
25-0003812,CA,San Francisco,6075
25-0003813,CA,Los Angeles,6037
25-0003814,CA,Los Angeles,6037
25-0003815,CA,San Francisco,6075
25-0003816,CA,Los Angeles,6037
25-0003817,CA,Sacramento,6067
25-0003818,CA,Los Angeles,6037
25-0003819,CA,Los Angeles,6037
25-0003820,CA,Los Angeles,6037
25-0003821,CA,Tulare,6107
25-0003822,CA,El Dorado,6017
25-0003823,CA,Los Angeles,6037
25-0003824,CA,Los Angeles,6037
25-0003825,CA,Solano,6095
25-0003826,CA,San Bernardino,6071
25-0003827,CA,Merced,6047
25-0003828,CA,San Diego,6073
25-0003829,CA,Los Angeles,6037
25-0003830,CA,Orange,6059
25-0003831,CA,Los Angeles,6037
25-0003832,CA,Fresno,6019
25-0003833,CA,Santa Cruz,6087
25-0003834,CA,San Mateo,6081
25-0003835,CA,Los Angeles,6037
25-0003836,CA,Los Angeles,6037
25-0003837,CA,Madera,6039
25-0003838,CA,Sacramento,6067
25-0003839,CA,Los Angeles,6037
25-0003840,CA,Orange,6059
25-0003841,CA,Los Angeles,6037
25-0003842,CA,Orange,6059
25-0003843,CA,Nevada,6057
25-0003844,CA,Los Angeles,6037
25-0003845,CA,Fresno,6019
25-0003846,CA,Los Angeles,6037
25-0003847,CA,Los Angeles,6037
25-0003848,CA,Kern,6029
25-0003849,CA,San Benito,6069
25-0003850,CA,Los Angeles,6037
25-0003851,CA,Los Angeles,6037
25-0003852,CA,Alameda,6001
25-0003853,CA,Los Angeles,6037
25-0003854,CA,Los Angeles,6037
25-0003855,CA,Ventura,6111
25-0003856,CA,Los Angeles,6037
25-0003857,CA,Los Angeles,6037
25-0003858,CA,Orange,6059
25-0003859,CA,Los Angeles,6037
25-0003860,CA,Alameda,6001
25-0003861,CA,Los Angeles,6037
25-0003862,CA,Orange,6059
25-0003863,CA,Los Angeles,6037
25-0003864,CA,Los Angeles,6037
25-0003865,CA,Alameda,6001
25-0003866,CA,Solano,6095
25-0003867,CA,Orange,6059
25-0003868,CA,Riverside,6065
25-0003869,CA,Los Angeles,6037
25-0003870,CA,Orange,6059
25-0003871,CA,Alameda,6001
25-0003872,CA,Placer,6061
25-0003873,CA,San Bernardino,6071
25-0003874,CA,Fresno,6019
25-0003875,CA,Los Angeles,6037
25-0003876,CA,Fresno,6019
25-0003877,CA,Los Angeles,6037
25-0003878,CA,Orange,6059
25-0003879,CA,San Joaquin,6077
25-0003880,CA,Contra Costa,6013
25-0003881,CA,Alameda,6001
25-0003882,CA,Santa Barbara,6083
25-0003883,CA,Riverside,6065
25-0003884,CA,San Diego,6073
25-0003885,CA,Los Angeles,6037
25-0003886,CA,Orange,6059
25-0003887,CA,San Bernardino,6071
25-0003888,CA,Los Angeles,6037
25-0003889,CA,Riverside,6065
25-0003890,CA,Los Angeles,6037
25-0003891,CA,Orange,6059
25-0003892,CA,Los Angeles,6037
25-0003893,CA,Alameda,6001
25-0003894,CA,Los Angeles,6037
25-0003895,CA,Nevada,6057
25-0003896,CA,San Bernardino,6071
25-0003897,CA,Fresno,6019
25-0003898,CA,Los Angeles,6037
25-0003899,CA,Kern,6029
25-0003900,CA,Los Angeles,6037
25-0003901,CA,San Francisco,6075
25-0003902,CA,Solano,6095
25-0003903,CA,Sacramento,6067
25-0003904,CA,Los Angeles,6037
25-0003905,CA,Los Angeles,6037
25-0003906,CA,Stanislaus,6099
25-0003907,CA,Riverside,6065
25-0003908,CA,Los Angeles,6037
25-0003909,CA,Riverside,6065
25-0003910,CA,Imperial,6025
25-0003911,CA,Fresno,6019
25-0003912,CA,Riverside,6065
25-0003913,CA,San Joaquin,6077
25-0003914,CA,Los Angeles,6037
25-0003915,CA,Tulare,6107
25-0003916,CA,Orange,6059
25-0003917,CA,Los Angeles,6037
25-0003918,CA,Riverside,6065
25-0003919,CA,Los Angeles,6037
25-0003920,CA,Los Angeles,6037
25-0003921,CA,Los Angeles,6037
25-0003922,CA,San Bernardino,6071
25-0003923,CA,Orange,6059
25-0003924,CA,San Bernardino,6071
25-0003925,CA,Contra Costa,6013
25-0003926,CA,Riverside,6065
25-0003927,CA,Los Angeles,6037
25-0003928,CA,Contra Costa,6013
25-0003929,CA,Los Angeles,6037
25-0003930,CA,Alameda,6001
25-0003931,CA,Sacramento,6067
25-0003932,CA,Orange,6059
25-0003933,CA,Los Angeles,6037
25-0003934,CA,Los Angeles,6037
25-0003935,CA,Riverside,6065
25-0003936,CA,Los Angeles,6037
25-0003937,CA,Los Angeles,6037
25-0003938,CA,Riverside,6065
25-0003939,CA,Riverside,6065
25-0003940,CA,Los Angeles,6037
25-0003941,CA,San Bernardino,6071
25-0003942,CA,Sonoma,6097
25-0003943,CA,Orange,6059
25-0003944,CA,Fresno,6019
25-0003945,CA,Orange,6059
25-0003946,CA,Los Angeles,6037
25-0003947,CA,San Bernardino,6071
25-0003948,CA,Los Angeles,6037
25-0003949,CA,Los Angeles,6037
25-0003950,CA,Kern,6029
25-0003951,CA,Kings,6031
25-0003952,CA,Los Angeles,6037
25-0003953,CA,Santa Clara,6085
25-0003954,CA,San Diego,6073
25-0003955,CA,Los Angeles,6037
25-0003956,CA,Los Angeles,6037
25-0003957,CA,Los Angeles,6037
25-0003958,CA,Los Angeles,6037
25-0003959,CA,Riverside,6065
25-0003960,CA,Ventura,6111
25-0003961,CA,Santa Barbara,6083
25-0003962,CA,Los Angeles,6037
25-0003963,CA,Los Angeles,6037
25-0003964,CA,Los Angeles,6037
25-0003965,CA,Orange,6059
25-0003966,CA,Sacramento,6067
25-0003967,CA,Sacramento,6067
25-0003968,CA,Ventura,6111
25-0003969,CA,Riverside,6065
25-0003970,CA,Los Angeles,6037
25-0003971,CA,Los Angeles,6037
25-0003972,CA,San Joaquin,6077
25-0003973,CA,Los Angeles,6037
25-0003974,CA,Los Angeles,6037
25-0003975,CA,Los Angeles,6037
25-0003976,CA,Riverside,6065
25-0003977,CA,Orange,6059
25-0003978,CA,Santa Clara,6085
25-0003979,CA,Kern,6029
25-0003980,CA,Orange,6059
25-0003981,CA,Orange,6059
25-0003982,CA,Placer,6061
25-0003983,CA,San Francisco,6075
25-0003984,CA,Monterey,6053
25-0003985,CA,Los Angeles,6037
25-0003986,CA,Stanislaus,6099
25-0003987,CA,Orange,6059
25-0003988,CA,Orange,6059
25-0003989,CA,Placer,6061
25-0003990,CA,San Bernardino,6071
25-0003991,CA,Stanislaus,6099
25-0003992,CA,Orange,6059
25-0003993,CA,Los Angeles,6037
25-0003994,CA,San Diego,6073
25-0003995,CA,El Dorado,6017
25-0003996,CA,Yolo,6113
25-0003997,CA,Orange,6059
25-0003998,CA,Riverside,6065
25-0003999,CA,Los Angeles,6037
25-0004000,CA,Los Angeles,6037
25-0004001,CA,Los Angeles,6037
25-0004002,CA,Los Angeles,6037
25-0004003,CA,Los Angeles,6037
25-0004004,CA,San Francisco,6075
25-0004005,CA,Los Angeles,6037
25-0004006,CA,Sacramento,6067
25-0004007,CA,Lassen,6035
25-0004008,CA,Santa Barbara,6083
25-0004009,CA,Yolo,6113
25-0004010,CA,Los Angeles,6037
25-0004011,CA,Los Angeles,6037
25-0004012,CA,Fresno,6019
25-0004013,CA,San Bernardino,6071
25-0004014,CA,Riverside,6065
25-0004015,CA,Los Angeles,6037
25-0004016,CA,Los Angeles,6037
25-0004017,CA,Contra Costa,6013
25-0004018,CA,Orange,6059
25-0004019,CA,Riverside,6065
25-0004020,CA,Los Angeles,6037
25-0004021,CA,San Bernardino,6071
25-0004022,CA,Los Angeles,6037
25-0004023,CA,Los Angeles,6037
25-0004024,CA,San Diego,6073
25-0004025,CA,Los Angeles,6037
25-0004026,CA,Contra Costa,6013
25-0004027,CA,Los Angeles,6037
25-0004028,CA,Los Angeles,6037
25-0004029,CA,San Bernardino,6071
25-0004030,CA,San Bernardino,6071
25-0004031,CA,Calaveras,6009
25-0004032,CA,Fresno,6019
25-0004033,CA,Contra Costa,6013
25-0004034,CA,Riverside,6065
25-0004035,CA,Los Angeles,6037
25-0004036,CA,Tulare,6107
25-0004037,CA,San Joaquin,6077
25-0004038,CA,Riverside,6065
25-0004039,CA,Kern,6029
25-0004040,CA,Los Angeles,6037
25-0004041,CA,San Bernardino,6071
25-0004042,CA,Orange,6059
25-0004043,CA,Riverside,6065
25-0004044,CA,Humboldt,6023
25-0004045,CA,Los Angeles,6037
25-0004046,CA,Los Angeles,6037
25-0004047,CA,Los Angeles,6037
25-0004048,CA,Alameda,6001
25-0004049,CA,Los Angeles,6037
25-0004050,CA,Orange,6059
25-0004051,CA,San Bernardino,6071
25-0004052,CA,Riverside,6065
25-0004053,CA,Los Angeles,6037
25-0004054,CA,Orange,6059
25-0004055,CA,Stanislaus,6099
25-0004056,CA,Los Angeles,6037
25-0004057,CA,San Bernardino,6071
25-0004058,CA,Los Angeles,6037
25-0004059,CA,Kern,6029
25-0004060,CA,Tulare,6107
25-0004061,CA,Los Angeles,6037
25-0004062,CA,Los Angeles,6037
25-0004063,CA,Los Angeles,6037
25-0004064,CA,Alameda,6001
25-0004065,CA,Placer,6061
25-0004066,CA,Contra Costa,6013
25-0004067,CA,Los Angeles,6037
25-0004068,CA,San Diego,6073
25-0004069,CA,Sonoma,6097
25-0004070,CA,Sierra,6091
25-0004071,CA,Los Angeles,6037
25-0004072,CA,Santa Clara,6085
25-0004073,CA,San Francisco,6075
25-0004074,CA,Alameda,6001
25-0004075,CA,Orange,6059
25-0004076,CA,Los Angeles,6037
25-0004077,CA,Los Angeles,6037
25-0004078,CA,San Bernardino,6071
25-0004079,CA,Riverside,6065
25-0004080,CA,Riverside,6065
25-0004081,CA,Los Angeles,6037
25-0004082,CA,Los Angeles,6037
25-0004083,CA,Los Angeles,6037
25-0004084,CA,Tulare,6107
25-0004085,CA,Monterey,6053
25-0004086,CA,Kern,6029
25-0004087,CA,Ventura,6111
25-0004088,CA,Los Angeles,6037
25-0004089,CA,Los Angeles,6037
25-0004090,CA,San Diego,6073
25-0004091,CA,Los Angeles,6037
25-0004092,CA,Los Angeles,6037
25-0004093,CA,Monterey,6053
25-0004094,CA,Los Angeles,6037
25-0004095,CA,San Bernardino,6071
25-0004096,CA,Placer,6061
25-0004097,CA,Riverside,6065
25-0004098,CA,San Francisco,6075
25-0004099,CA,Orange,6059
25-0004100,CA,Riverside,6065
25-0004101,CA,Riverside,6065
25-0004102,CA,Tehama,6103
25-0004103,CA,Los Angeles,6037
25-0004104,CA,Sonoma,6097
25-0004105,CA,Riverside,6065
25-0004106,CA,Orange,6059
25-0004107,CA,Santa Cruz,6087
25-0004108,CA,Los Angeles,6037
25-0004109,CA,Los Angeles,6037
25-0004110,CA,San Diego,6073
25-0004111,CA,Los Angeles,6037
25-0004112,CA,Merced,6047
25-0004113,CA,Los Angeles,6037
25-0004114,CA,Los Angeles,6037
25-0004115,CA,Los Angeles,6037
25-0004116,CA,Los Angeles,6037
25-0004117,CA,Alameda,6001
25-0004118,CA,Riverside,6065
25-0004119,CA,San Bernardino,6071
25-0004120,CA,Amador,6005
25-0004121,CA,Santa Clara,6085
25-0004122,CA,Orange,6059
25-0004123,CA,San Bernardino,6071
25-0004124,CA,Kern,6029
25-0004125,CA,Santa Clara,6085
25-0004126,CA,Butte,6007
25-0004127,CA,San Bernardino,6071
25-0004128,CA,Yolo,6113
25-0004129,CA,Orange,6059
25-0004130,CA,Stanislaus,6099
25-0004131,CA,Los Angeles,6037
25-0004132,CA,Riverside,6065
25-0004133,CA,San Diego,6073
25-0004134,CA,Los Angeles,6037
25-0004135,CA,Glenn,6021
25-0004136,CA,Sonoma,6097
25-0004137,CA,Los Angeles,6037
25-0004138,CA,Orange,6059
25-0004139,CA,Orange,6059
25-0004140,CA,San Joaquin,6077
25-0004141,CA,San Bernardino,6071
25-0004142,CA,Orange,6059
25-0004143,CA,Los Angeles,6037
25-0004144,CA,Los Angeles,6037
25-0004145,CA,Orange,6059
25-0004146,CA,Los Angeles,6037
25-0004147,CA,Alameda,6001
25-0004148,CA,Ventura,6111
25-0004149,CA,Los Angeles,6037
25-0004150,CA,Los Angeles,6037
25-0004151,CA,Los Angeles,6037
25-0004152,CA,San Mateo,6081
25-0004153,CA,San Bernardino,6071
25-0004154,CA,San Bernardino,6071
25-0004155,CA,Los Angeles,6037
25-0004156,CA,Los Angeles,6037
25-0004157,CA,Los Angeles,6037
25-0004158,CA,Riverside,6065
25-0004159,CA,San Diego,6073
25-0004160,CA,Alameda,6001
25-0004161,CA,Santa Clara,6085
25-0004162,CA,Riverside,6065
25-0004163,CA,Stanislaus,6099
25-0004164,CA,San Diego,6073
25-0004165,CA,Santa Clara,6085
25-0004166,CA,Merced,6047
25-0004167,CA,Contra Costa,6013
25-0004168,CA,San Joaquin,6077
25-0004169,CA,Los Angeles,6037
25-0004170,CA,Los Angeles,6037
25-0004171,CA,Riverside,6065
25-0004172,CA,Riverside,6065
25-0004173,CA,San Joaquin,6077
25-0004174,CA,San Diego,6073
25-0004175,CA,Humboldt,6023
25-0004176,CA,Los Angeles,6037
25-0004177,CA,Los Angeles,6037
25-0004178,CA,San Diego,6073
25-0004179,CA,Sacramento,6067
25-0004180,CA,Los Angeles,6037
25-0004181,CA,Los Angeles,6037
25-0004182,CA,Alameda,6001
25-0004183,CA,Los Angeles,6037
25-0004184,CA,Los Angeles,6037
25-0004185,CA,Los Angeles,6037
25-0004186,CA,Los Angeles,6037
25-0004187,CA,San Bernardino,6071
25-0004188,CA,Los Angeles,6037
25-0004189,CA,Riverside,6065
25-0004190,CA,San Bernardino,6071
25-0004191,CA,Los Angeles,6037
25-0004192,CA,Riverside,6065
25-0004193,CA,Los Angeles,6037
25-0004194,CA,San Bernardino,6071
25-0004195,CA,Fresno,6019
25-0004196,CA,San Diego,6073
25-0004197,CA,Sacramento,6067
25-0004198,CA,Los Angeles,6037
25-0004199,CA,Los Angeles,6037
25-0004200,CA,Los Angeles,6037
25-0004201,CA,Monterey,6053
25-0004202,CA,San Joaquin,6077
25-0004203,CA,San Bernardino,6071
25-0004204,CA,Alameda,6001
25-0004205,CA,Kern,6029
25-0004206,CA,Sacramento,6067
25-0004207,CA,Santa Cruz,6087
25-0004208,CA,Stanislaus,6099
25-0004209,CA,Fresno,6019
25-0004210,CA,Ventura,6111
25-0004211,CA,Los Angeles,6037
25-0004212,CA,Sacramento,6067
25-0004213,CA,Los Angeles,6037
25-0004214,CA,San Bernardino,6071
25-0004215,CA,San Joaquin,6077
25-0004216,CA,Riverside,6065
25-0004217,CA,Los Angeles,6037
25-0004218,CA,Los Angeles,6037
25-0004219,CA,Ventura,6111
25-0004220,CA,Los Angeles,6037
25-0004221,CA,San Diego,6073
25-0004222,CA,Sacramento,6067
25-0004223,CA,Los Angeles,6037
25-0004224,CA,Yuba,6115
25-0004225,CA,Los Angeles,6037
25-0004226,CA,Los Angeles,6037
25-0004227,CA,Los Angeles,6037
25-0004228,CA,Los Angeles,6037
25-0004229,CA,Orange,6059
25-0004230,CA,Los Angeles,6037
25-0004231,CA,Riverside,6065
25-0004232,CA,San Bernardino,6071
25-0004233,CA,Los Angeles,6037
25-0004234,CA,Kern,6029
25-0004235,CA,Los Angeles,6037
25-0004236,CA,Los Angeles,6037
25-0004237,CA,Los Angeles,6037
25-0004238,CA,Kern,6029
25-0004239,CA,Los Angeles,6037
25-0004240,CA,Fresno,6019
25-0004241,CA,San Bernardino,6071
25-0004242,CA,San Luis Obispo,6079
25-0004243,CA,San Francisco,6075
25-0004244,CA,San Bernardino,6071
25-0004245,CA,Los Angeles,6037
25-0004246,CA,San Francisco,6075
25-0004247,CA,Orange,6059
25-0004248,CA,Stanislaus,6099
25-0004249,CA,Riverside,6065
25-0004250,CA,San Joaquin,6077
25-0004251,CA,Los Angeles,6037
25-0004252,CA,Riverside,6065
25-0004253,CA,Santa Barbara,6083
25-0004254,CA,Riverside,6065
25-0004255,CA,Yolo,6113
25-0004256,CA,Orange,6059
25-0004257,CA,San Diego,6073
25-0004258,CA,Los Angeles,6037
25-0004259,CA,Riverside,6065
25-0004260,CA,Sacramento,6067
25-0004261,CA,Riverside,6065
25-0004262,CA,San Bernardino,6071
25-0004263,CA,Monterey,6053
25-0004264,CA,Los Angeles,6037
25-0004265,CA,Orange,6059
25-0004266,CA,Los Angeles,6037
25-0004267,CA,Los Angeles,6037
25-0004268,CA,Riverside,6065
25-0004269,CA,Alameda,6001
25-0004270,CA,Riverside,6065
25-0004271,CA,Ventura,6111
25-0004272,CA,Merced,6047
25-0004273,CA,Sacramento,6067
25-0004274,CA,Alameda,6001
25-0004275,CA,Kern,6029
25-0004276,CA,San Diego,6073
25-0004277,CA,Riverside,6065
25-0004278,CA,Los Angeles,6037
25-0004279,CA,Los Angeles,6037
25-0004280,CA,Los Angeles,6037
25-0004281,CA,Solano,6095
25-0004282,CA,Santa Clara,6085
25-0004283,CA,Ventura,6111
25-0004284,CA,San Francisco,6075
25-0004285,CA,Riverside,6065
25-0004286,CA,Sacramento,6067
25-0004287,CA,Sacramento,6067
25-0004288,CA,San Diego,6073
25-0004289,CA,San Bernardino,6071
25-0004290,CA,Los Angeles,6037
25-0004291,CA,Tulare,6107
25-0004292,CA,Kings,6031
25-0004293,CA,Fresno,6019
25-0004294,CA,Los Angeles,6037
25-0004295,CA,Orange,6059
25-0004296,CA,San Diego,6073
25-0004297,CA,Riverside,6065
25-0004298,CA,Los Angeles,6037
25-0004299,CA,Madera,6039
25-0004300,CA,Los Angeles,6037
25-0004301,CA,Riverside,6065
25-0004302,CA,San Bernardino,6071
25-0004303,CA,Los Angeles,6037
25-0004304,CA,Orange,6059
25-0004305,CA,San Bernardino,6071
25-0004306,CA,San Francisco,6075
25-0004307,CA,Kern,6029
25-0004308,CA,Los Angeles,6037
25-0004309,CA,Los Angeles,6037
25-0004310,CA,Riverside,6065
25-0004311,CA,Riverside,6065
25-0004312,CA,Kern,6029
25-0004313,CA,Los Angeles,6037
25-0004314,CA,Los Angeles,6037
25-0004315,CA,Fresno,6019
25-0004316,CA,Los Angeles,6037
25-0004317,CA,Los Angeles,6037
25-0004318,CA,Fresno,6019
25-0004319,CA,Los Angeles,6037
25-0004320,CA,Los Angeles,6037
25-0004321,CA,Nevada,6057
25-0004322,CA,San Diego,6073
25-0004323,CA,Contra Costa,6013
25-0004324,CA,Monterey,6053
25-0004325,CA,Los Angeles,6037
25-0004326,CA,San Bernardino,6071
25-0004327,CA,Los Angeles,6037
25-0004328,CA,Los Angeles,6037
25-0004329,CA,Los Angeles,6037
25-0004330,CA,San Diego,6073
25-0004331,CA,Riverside,6065
25-0004332,CA,San Diego,6073
25-0004333,CA,Santa Clara,6085
25-0004334,CA,Los Angeles,6037
25-0004335,CA,Kern,6029
25-0004336,CA,Los Angeles,6037
25-0004337,CA,Sacramento,6067
25-0004338,CA,San Mateo,6081
25-0004339,CA,Los Angeles,6037
25-0004340,CA,Sacramento,6067
25-0004341,CA,Los Angeles,6037
25-0004342,CA,Los Angeles,6037
25-0004343,CA,Sacramento,6067
25-0004344,CA,Los Angeles,6037
25-0004345,CA,Los Angeles,6037
25-0004346,CA,Santa Clara,6085
25-0004347,CA,Riverside,6065
25-0004348,CA,Fresno,6019
25-0004349,CA,Riverside,6065
25-0004350,CA,Los Angeles,6037
25-0004351,CA,Los Angeles,6037
25-0004352,CA,Ventura,6111
25-0004353,CA,San Bernardino,6071
25-0004354,CA,Los Angeles,6037
25-0004355,CA,San Bernardino,6071
25-0004356,CA,Los Angeles,6037
25-0004357,CA,San Diego,6073
25-0004358,CA,Kern,6029
25-0004359,CA,San Bernardino,6071
25-0004360,CA,Mendocino,6045
25-0004361,CA,Sacramento,6067
25-0004362,CA,Los Angeles,6037
25-0004363,CA,Los Angeles,6037
25-0004364,CA,Tulare,6107
25-0004365,CA,Orange,6059
25-0004366,CA,Imperial,6025
25-0004367,CA,Los Angeles,6037
25-0004368,CA,Amador,6005
25-0004369,CA,Los Angeles,6037
25-0004370,CA,Los Angeles,6037
25-0004371,CA,San Diego,6073
25-0004372,CA,Madera,6039
25-0004373,CA,Contra Costa,6013
25-0004374,CA,Riverside,6065
25-0004375,CA,Orange,6059
25-0004376,CA,Los Angeles,6037
25-0004377,CA,Kern,6029
25-0004378,CA,Los Angeles,6037
25-0004379,CA,Los Angeles,6037
25-0004380,CA,Los Angeles,6037
25-0004381,CA,Alameda,6001
25-0004382,CA,Los Angeles,6037
25-0004383,CA,Los Angeles,6037
25-0004384,CA,Los Angeles,6037
25-0004385,CA,San Diego,6073
25-0004386,CA,Los Angeles,6037
25-0004387,CA,San Joaquin,6077
25-0004388,CA,El Dorado,6017
25-0004389,CA,Orange,6059
25-0004390,CA,Los Angeles,6037
25-0004391,CA,Riverside,6065
25-0004392,CA,Los Angeles,6037
25-0004393,CA,Los Angeles,6037
25-0004394,CA,Los Angeles,6037
25-0004395,CA,San Diego,6073
25-0004396,CA,Los Angeles,6037
25-0004397,CA,Shasta,6089
25-0004398,CA,San Diego,6073
25-0004399,CA,Los Angeles,6037
25-0004400,CA,Los Angeles,6037
25-0004401,CA,Orange,6059
25-0004402,CA,Shasta,6089
25-0004403,CA,Marin,6041
25-0004404,CA,Los Angeles,6037
25-0004405,CA,Los Angeles,6037
25-0004406,CA,Marin,6041
25-0004407,CA,Los Angeles,6037
25-0004408,CA,Los Angeles,6037
25-0004409,CA,Los Angeles,6037
25-0004410,CA,San Bernardino,6071
25-0004411,CA,Los Angeles,6037
25-0004412,CA,San Joaquin,6077
25-0004413,CA,Santa Clara,6085
25-0004414,CA,Contra Costa,6013
25-0004415,CA,Alameda,6001
25-0004416,CA,Merced,6047
25-0004417,CA,Butte,6007
25-0004418,CA,Sacramento,6067
25-0004419,CA,Los Angeles,6037
25-0004420,CA,San Bernardino,6071
25-0004421,CA,Los Angeles,6037
25-0004422,CA,San Bernardino,6071
25-0004423,CA,Orange,6059
25-0004424,CA,Stanislaus,6099
25-0004425,CA,Los Angeles,6037
25-0004426,CA,Los Angeles,6037
25-0004427,CA,Los Angeles,6037
25-0004428,CA,Los Angeles,6037
25-0004429,CA,Tehama,6103
25-0004430,CA,Los Angeles,6037
25-0004431,CA,Sonoma,6097
25-0004432,CA,Stanislaus,6099
25-0004433,CA,Orange,6059
25-0004434,CA,Los Angeles,6037
25-0004435,CA,Napa,6055
25-0004436,CA,Santa Cruz,6087
25-0004437,CA,Los Angeles,6037
25-0004438,CA,San Diego,6073
25-0004439,CA,Los Angeles,6037
25-0004440,CA,Sacramento,6067
25-0004441,CA,Santa Clara,6085
25-0004442,CA,Kings,6031
25-0004443,CA,Los Angeles,6037
25-0004444,CA,Santa Clara,6085
25-0004445,CA,Los Angeles,6037
25-0004446,CA,Orange,6059
25-0004447,CA,Orange,6059
25-0004448,CA,San Bernardino,6071
25-0004449,CA,Los Angeles,6037
25-0004450,CA,San Diego,6073
25-0004451,CA,Los Angeles,6037
25-0004452,CA,Riverside,6065
25-0004453,CA,Orange,6059
25-0004454,CA,Fresno,6019
25-0004455,CA,Orange,6059
25-0004456,CA,San Bernardino,6071
25-0004457,CA,Los Angeles,6037
25-0004458,CA,Los Angeles,6037
25-0004459,CA,Fresno,6019
25-0004460,CA,Los Angeles,6037
25-0004461,CA,Kern,6029
25-0004462,CA,San Bernardino,6071
25-0004463,CA,Merced,6047
25-0004464,CA,Merced,6047
25-0004465,CA,Los Angeles,6037
25-0004466,CA,Los Angeles,6037
25-0004467,CA,Fresno,6019
25-0004468,CA,Los Angeles,6037
25-0004469,CA,Humboldt,6023
25-0004470,CA,Orange,6059
25-0004471,CA,Madera,6039
25-0004472,CA,Placer,6061
25-0004473,CA,San Bernardino,6071
25-0004474,CA,Contra Costa,6013
25-0004475,CA,San Francisco,6075
25-0004476,CA,Los Angeles,6037
25-0004477,CA,Riverside,6065
25-0004478,CA,Tulare,6107
25-0004479,CA,Los Angeles,6037
25-0004480,CA,Alameda,6001
25-0004481,CA,Riverside,6065
25-0004482,CA,Orange,6059
25-0004483,CA,Santa Barbara,6083
25-0004484,CA,Sacramento,6067
25-0004485,CA,Ventura,6111
25-0004486,CA,Orange,6059
25-0004487,CA,San Bernardino,6071
25-0004488,CA,Sacramento,6067
25-0004489,CA,Los Angeles,6037
25-0004490,CA,San Diego,6073
25-0004491,CA,Los Angeles,6037
25-0004492,CA,Los Angeles,6037
25-0004493,CA,Los Angeles,6037
25-0004494,CA,Monterey,6053
25-0004495,CA,San Bernardino,6071
25-0004496,CA,Fresno,6019
25-0004497,CA,San Diego,6073
25-0004498,CA,Kern,6029
25-0004499,CA,Los Angeles,6037
25-0004500,CA,Marin,6041
25-0004501,CA,Los Angeles,6037
25-0004502,CA,Los Angeles,6037
25-0004503,CA,San Bernardino,6071
25-0004504,CA,Los Angeles,6037
25-0004505,CA,Ventura,6111
25-0004506,CA,Riverside,6065
25-0004507,CA,San Diego,6073
25-0004508,CA,Fresno,6019
25-0004509,CA,Orange,6059
25-0004510,CA,San Diego,6073
25-0004511,CA,Los Angeles,6037
25-0004512,CA,San Bernardino,6071
25-0004513,CA,Los Angeles,6037
25-0004514,CA,Solano,6095
25-0004515,CA,Los Angeles,6037
25-0004516,CA,Los Angeles,6037
25-0004517,CA,San Bernardino,6071
25-0004518,CA,Los Angeles,6037
25-0004519,CA,San Bernardino,6071
25-0004520,CA,San Bernardino,6071
25-0004521,CA,San Diego,6073
25-0004522,CA,Los Angeles,6037
25-0004523,CA,Ventura,6111
25-0004524,CA,Los Angeles,6037
25-0004525,CA,San Bernardino,6071
25-0004526,CA,Riverside,6065
25-0004527,CA,Orange,6059
25-0004528,CA,San Diego,6073
25-0004529,CA,Alameda,6001
25-0004530,CA,Los Angeles,6037
25-0004531,CA,Contra Costa,6013
25-0004532,CA,Stanislaus,6099
25-0004533,CA,San Bernardino,6071
25-0004534,CA,Riverside,6065
25-0004535,CA,Los Angeles,6037
25-0004536,CA,Santa Clara,6085
25-0004537,CA,San Bernardino,6071
25-0004538,CA,San Bernardino,6071
25-0004539,CA,Los Angeles,6037
25-0004540,CA,Sacramento,6067
25-0004541,CA,Santa Barbara,6083
25-0004542,CA,Fresno,6019
25-0004543,CA,Los Angeles,6037
25-0004544,CA,Los Angeles,6037
25-0004545,CA,San Francisco,6075
25-0004546,CA,Sutter,6101
25-0004547,CA,San Bernardino,6071
25-0004548,CA,Orange,6059
25-0004549,CA,Orange,6059
25-0004550,CA,San Bernardino,6071
25-0004551,CA,Mendocino,6045
25-0004552,CA,Riverside,6065
25-0004553,CA,Los Angeles,6037
25-0004554,CA,Yuba,6115
25-0004555,CA,Los Angeles,6037
25-0004556,CA,Riverside,6065
25-0004557,CA,San Diego,6073
25-0004558,CA,San Bernardino,6071
25-0004559,CA,Orange,6059
25-0004560,CA,San Bernardino,6071
25-0004561,CA,Orange,6059
25-0004562,CA,Mendocino,6045
25-0004563,CA,Los Angeles,6037
25-0004564,CA,Los Angeles,6037
25-0004565,CA,Los Angeles,6037
25-0004566,CA,Los Angeles,6037
25-0004567,CA,Los Angeles,6037
25-0004568,CA,Los Angeles,6037
25-0004569,CA,Riverside,6065
25-0004570,CA,Los Angeles,6037
25-0004571,CA,Los Angeles,6037
25-0004572,CA,Los Angeles,6037
25-0004573,CA,Sutter,6101
25-0004574,CA,Los Angeles,6037
25-0004575,CA,San Bernardino,6071
25-0004576,CA,Los Angeles,6037
25-0004577,CA,Los Angeles,6037
25-0004578,CA,Kern,6029
25-0004579,CA,Orange,6059
25-0004580,CA,Los Angeles,6037
25-0004581,CA,Marin,6041
25-0004582,CA,Los Angeles,6037
25-0004583,CA,San Bernardino,6071
25-0004584,CA,Los Angeles,6037
25-0004585,CA,Solano,6095
25-0004586,CA,Los Angeles,6037
25-0004587,CA,Los Angeles,6037
25-0004588,CA,Placer,6061
25-0004589,CA,Riverside,6065
25-0004590,CA,San Bernardino,6071
25-0004591,CA,Contra Costa,6013
25-0004592,CA,San Bernardino,6071
25-0004593,CA,Santa Barbara,6083
25-0004594,CA,Los Angeles,6037
25-0004595,CA,Alameda,6001
25-0004596,CA,Monterey,6053
25-0004597,CA,San Bernardino,6071
25-0004598,CA,Sacramento,6067
25-0004599,CA,Los Angeles,6037
25-0004600,CA,Orange,6059
25-0004601,CA,Riverside,6065
25-0004602,CA,San Bernardino,6071
25-0004603,CA,Los Angeles,6037
25-0004604,CA,San Joaquin,6077
25-0004605,CA,Los Angeles,6037
25-0004606,CA,Santa Clara,6085
25-0004607,CA,Los Angeles,6037
25-0004608,CA,Tulare,6107
25-0004609,CA,San Bernardino,6071
25-0004610,CA,Napa,6055
25-0004611,CA,Los Angeles,6037
25-0004612,CA,Los Angeles,6037
25-0004613,CA,Los Angeles,6037
25-0004614,CA,San Bernardino,6071
25-0004615,CA,Los Angeles,6037
25-0004616,CA,Madera,6039
25-0004617,CA,Sacramento,6067
25-0004618,CA,Marin,6041
25-0004619,CA,Riverside,6065
25-0004620,CA,Fresno,6019
25-0004621,CA,Los Angeles,6037
25-0004622,CA,Imperial,6025
25-0004623,CA,Contra Costa,6013
25-0004624,CA,Alameda,6001
25-0004625,CA,Los Angeles,6037
25-0004626,CA,Los Angeles,6037
25-0004627,CA,Kern,6029
25-0004628,CA,Alameda,6001
25-0004629,CA,Contra Costa,6013
25-0004630,CA,Los Angeles,6037
25-0004631,CA,Tehama,6103
25-0004632,CA,Fresno,6019
25-0004633,CA,Los Angeles,6037
25-0004634,CA,Sonoma,6097
25-0004635,CA,San Bernardino,6071
25-0004636,CA,Los Angeles,6037
25-0004637,CA,Los Angeles,6037
25-0004638,CA,Stanislaus,6099
25-0004639,CA,Los Angeles,6037
25-0004640,CA,Orange,6059
25-0004641,CA,Los Angeles,6037
25-0004642,CA,Marin,6041
25-0004643,CA,San Bernardino,6071
25-0004644,CA,Los Angeles,6037
25-0004645,CA,Kern,6029
25-0004646,CA,Kern,6029
25-0004647,CA,San Mateo,6081
25-0004648,CA,Los Angeles,6037
25-0004649,CA,Los Angeles,6037
25-0004650,CA,Riverside,6065
25-0004651,CA,San Bernardino,6071
25-0004652,CA,Sacramento,6067
25-0004653,CA,San Bernardino,6071
25-0004654,CA,Los Angeles,6037
25-0004655,CA,Fresno,6019
25-0004656,CA,Sacramento,6067
25-0004657,CA,Fresno,6019
25-0004658,CA,Los Angeles,6037
25-0004659,CA,Los Angeles,6037
25-0004660,CA,Los Angeles,6037
25-0004661,CA,Riverside,6065
25-0004662,CA,Los Angeles,6037
25-0004663,CA,San Bernardino,6071
25-0004664,CA,Sacramento,6067
25-0004665,CA,Orange,6059
25-0004666,CA,Fresno,6019
25-0004667,CA,San Diego,6073
25-0004668,CA,Los Angeles,6037
25-0004669,CA,Los Angeles,6037
25-0004670,CA,San Bernardino,6071
25-0004671,CA,Los Angeles,6037
25-0004672,CA,San Diego,6073
25-0004673,CA,Solano,6095
25-0004674,CA,Los Angeles,6037
25-0004675,CA,San Diego,6073
25-0004676,CA,Kern,6029
25-0004677,CA,Los Angeles,6037
25-0004678,CA,Los Angeles,6037
25-0004679,CA,Stanislaus,6099
25-0004680,CA,Los Angeles,6037
25-0004681,CA,Merced,6047
25-0004682,CA,San Francisco,6075
25-0004683,CA,San Bernardino,6071
25-0004684,CA,San Diego,6073
25-0004685,CA,Monterey,6053
25-0004686,CA,Los Angeles,6037
25-0004687,CA,Humboldt,6023
25-0004688,CA,Sacramento,6067
25-0004689,CA,San Francisco,6075
25-0004690,CA,San Bernardino,6071
25-0004691,CA,Los Angeles,6037
25-0004692,CA,Nevada,6057
25-0004693,CA,Orange,6059
25-0004694,CA,Orange,6059
25-0004695,CA,Los Angeles,6037
25-0004696,CA,Sacramento,6067
25-0004697,CA,Fresno,6019
25-0004698,CA,San Bernardino,6071
25-0004699,CA,San Joaquin,6077
25-0004700,CA,Riverside,6065
25-0004701,CA,Napa,6055
25-0004702,CA,Riverside,6065
25-0004703,CA,Fresno,6019
25-0004704,CA,Los Angeles,6037
25-0004705,CA,Contra Costa,6013
25-0004706,CA,San Diego,6073
25-0004707,CA,Los Angeles,6037
25-0004708,CA,Los Angeles,6037
25-0004709,CA,San Francisco,6075
25-0004710,CA,San Francisco,6075
25-0004711,CA,Los Angeles,6037
25-0004712,CA,Kern,6029
25-0004713,CA,Los Angeles,6037
25-0004714,CA,Contra Costa,6013
25-0004715,CA,Los Angeles,6037
25-0004716,CA,Los Angeles,6037
25-0004717,CA,Riverside,6065
25-0004718,CA,San Diego,6073
25-0004719,CA,Los Angeles,6037
25-0004720,CA,Los Angeles,6037
25-0004721,CA,Tehama,6103
25-0004722,CA,Santa Cruz,6087
25-0004723,CA,Los Angeles,6037
25-0004724,CA,Riverside,6065
25-0004725,CA,Los Angeles,6037
25-0004726,CA,Tulare,6107
25-0004727,CA,San Diego,6073
25-0004728,CA,Riverside,6065
25-0004729,CA,Riverside,6065
25-0004730,CA,Los Angeles,6037
25-0004731,CA,San Bernardino,6071
25-0004732,CA,Stanislaus,6099
25-0004733,CA,Riverside,6065
25-0004734,CA,Imperial,6025
25-0004735,CA,Orange,6059
25-0004736,CA,Riverside,6065
25-0004737,CA,Los Angeles,6037
25-0004738,CA,Los Angeles,6037
25-0004739,CA,Nevada,6057
25-0004740,CA,Sonoma,6097
25-0004741,CA,San Bernardino,6071
25-0004742,CA,Santa Clara,6085
25-0004743,CA,Los Angeles,6037
25-0004744,CA,Los Angeles,6037
25-0004745,CA,San Joaquin,6077
25-0004746,CA,Santa Cruz,6087
25-0004747,CA,Los Angeles,6037
25-0004748,CA,Kern,6029
25-0004749,CA,Los Angeles,6037
25-0004750,CA,Yolo,6113
25-0004751,CA,Shasta,6089
25-0004752,CA,Riverside,6065
25-0004753,CA,San Bernardino,6071
25-0004754,CA,San Diego,6073
25-0004755,CA,Stanislaus,6099
25-0004756,CA,Los Angeles,6037
25-0004757,CA,San Bernardino,6071
25-0004758,CA,Orange,6059
25-0004759,CA,Riverside,6065
25-0004760,CA,Los Angeles,6037
25-0004761,CA,Merced,6047
25-0004762,CA,Orange,6059
25-0004763,CA,Los Angeles,6037
25-0004764,CA,Los Angeles,6037
25-0004765,CA,Sonoma,6097
25-0004766,CA,Los Angeles,6037
25-0004767,CA,Los Angeles,6037
25-0004768,CA,Orange,6059
25-0004769,CA,San Bernardino,6071
25-0004770,CA,Orange,6059
25-0004771,CA,Orange,6059
25-0004772,CA,San Bernardino,6071
25-0004773,CA,San Joaquin,6077
25-0004774,CA,Los Angeles,6037
25-0004775,CA,Los Angeles,6037
25-0004776,CA,Orange,6059
25-0004777,CA,San Bernardino,6071
25-0004778,CA,Los Angeles,6037
25-0004779,CA,Kern,6029
25-0004780,CA,Los Angeles,6037
25-0004781,CA,Riverside,6065
25-0004782,CA,Los Angeles,6037
25-0004783,CA,Sonoma,6097
25-0004784,CA,Los Angeles,6037
25-0004785,CA,San Joaquin,6077
25-0004786,CA,Los Angeles,6037
25-0004787,CA,Tulare,6107
25-0004788,CA,Santa Clara,6085
25-0004789,CA,Santa Clara,6085
25-0004790,CA,Riverside,6065
25-0004791,CA,Stanislaus,6099
25-0004792,CA,Los Angeles,6037
25-0004793,CA,Los Angeles,6037
25-0004794,CA,Santa Cruz,6087
25-0004795,CA,Los Angeles,6037
25-0004796,CA,Riverside,6065
25-0004797,CA,Los Angeles,6037
25-0004798,CA,Orange,6059
25-0004799,CA,Los Angeles,6037
25-0004800,CA,Los Angeles,6037
25-0004801,CA,Marin,6041
25-0004802,CA,Los Angeles,6037
25-0004803,CA,Los Angeles,6037
25-0004804,CA,Los Angeles,6037
25-0004805,CA,Los Angeles,6037
25-0004806,CA,San Bernardino,6071
25-0004807,CA,Los Angeles,6037
25-0004808,CA,Los Angeles,6037
25-0004809,CA,Orange,6059
25-0004810,CA,Contra Costa,6013
25-0004811,CA,San Bernardino,6071
25-0004812,CA,Los Angeles,6037
25-0004813,CA,San Joaquin,6077
25-0004814,CA,Los Angeles,6037
25-0004815,CA,San Joaquin,6077
25-0004816,CA,Ventura,6111
25-0004817,CA,Riverside,6065
25-0004818,CA,Los Angeles,6037
25-0004819,CA,Los Angeles,6037
25-0004820,CA,Riverside,6065
25-0004821,CA,Santa Clara,6085
25-0004822,CA,Riverside,6065
25-0004823,CA,Los Angeles,6037
25-0004824,CA,Alameda,6001
25-0004825,CA,San Bernardino,6071
25-0004826,CA,Sacramento,6067
25-0004827,CA,San Bernardino,6071
25-0004828,CA,San Francisco,6075
25-0004829,CA,Los Angeles,6037
25-0004830,CA,Los Angeles,6037
25-0004831,CA,San Benito,6069
25-0004832,CA,Los Angeles,6037
25-0004833,CA,Orange,6059
25-0004834,CA,San Bernardino,6071
25-0004835,CA,Los Angeles,6037
25-0004836,CA,Los Angeles,6037
25-0004837,CA,Los Angeles,6037
25-0004838,CA,Los Angeles,6037
25-0004839,CA,Los Angeles,6037
25-0004840,CA,Los Angeles,6037
25-0004841,CA,Siskiyou,6093
25-0004842,CA,San Bernardino,6071
25-0004843,CA,San Diego,6073
25-0004844,CA,Sacramento,6067
25-0004845,CA,Los Angeles,6037
25-0004846,CA,Sacramento,6067
25-0004847,CA,Kern,6029
25-0004848,CA,Riverside,6065
25-0004849,CA,San Bernardino,6071
25-0004850,CA,Sutter,6101
25-0004851,CA,Los Angeles,6037
25-0004852,CA,Los Angeles,6037
25-0004853,CA,Imperial,6025
25-0004854,CA,Santa Barbara,6083
25-0004855,CA,Los Angeles,6037
25-0004856,CA,Napa,6055
25-0004857,CA,Los Angeles,6037
25-0004858,CA,San Bernardino,6071
25-0004859,CA,San Diego,6073
25-0004860,CA,Los Angeles,6037
25-0004861,CA,Santa Barbara,6083
25-0004862,CA,Los Angeles,6037
25-0004863,CA,Alameda,6001
25-0004864,CA,Orange,6059
25-0004865,CA,San Joaquin,6077
25-0004866,CA,Contra Costa,6013
25-0004867,CA,San Diego,6073
25-0004868,CA,Placer,6061
25-0004869,CA,Sonoma,6097
25-0004870,CA,Los Angeles,6037
25-0004871,CA,Madera,6039
25-0004872,CA,Riverside,6065
25-0004873,CA,San Bernardino,6071
25-0004874,CA,Sacramento,6067
25-0004875,CA,Orange,6059
25-0004876,CA,Riverside,6065
25-0004877,CA,Los Angeles,6037
25-0004878,CA,Sacramento,6067
25-0004879,CA,Orange,6059
25-0004880,CA,Sacramento,6067
25-0004881,CA,Orange,6059
25-0004882,CA,Los Angeles,6037
25-0004883,CA,Stanislaus,6099
25-0004884,CA,Placer,6061
25-0004885,CA,Monterey,6053
25-0004886,CA,Orange,6059
25-0004887,CA,Los Angeles,6037
25-0004888,CA,Santa Barbara,6083
25-0004889,CA,Fresno,6019
25-0004890,CA,Tulare,6107
25-0004891,CA,San Bernardino,6071
25-0004892,CA,Los Angeles,6037
25-0004893,CA,Los Angeles,6037
25-0004894,CA,Los Angeles,6037
25-0004895,CA,Los Angeles,6037
25-0004896,CA,Los Angeles,6037
25-0004897,CA,Alameda,6001
25-0004898,CA,Los Angeles,6037
25-0004899,CA,Riverside,6065
25-0004900,CA,Sacramento,6067
25-0004901,CA,Orange,6059
25-0004902,CA,Riverside,6065
25-0004903,CA,San Bernardino,6071
25-0004904,CA,Los Angeles,6037
25-0004905,CA,Los Angeles,6037
25-0004906,CA,San Joaquin,6077
25-0004907,CA,Stanislaus,6099
25-0004908,CA,Los Angeles,6037
25-0004909,CA,Los Angeles,6037
25-0004910,CA,Riverside,6065
25-0004911,CA,Santa Cruz,6087
25-0004912,CA,Los Angeles,6037
25-0004913,CA,Los Angeles,6037
25-0004914,CA,Riverside,6065
25-0004915,CA,Santa Cruz,6087
25-0004916,CA,Los Angeles,6037
25-0004917,CA,Orange,6059
25-0004918,CA,Los Angeles,6037
25-0004919,CA,Sacramento,6067
25-0004920,CA,Kern,6029
25-0004921,CA,Los Angeles,6037
25-0004922,CA,Los Angeles,6037
25-0004923,CA,Shasta,6089
25-0004924,CA,Los Angeles,6037
25-0004925,CA,Los Angeles,6037
25-0004926,CA,Kern,6029
25-0004927,CA,Los Angeles,6037
25-0004928,CA,Los Angeles,6037
25-0004929,CA,San Diego,6073
25-0004930,CA,Los Angeles,6037
25-0004931,CA,San Bernardino,6071
25-0004932,CA,Riverside,6065
25-0004933,CA,Los Angeles,6037
25-0004934,CA,Los Angeles,6037
25-0004935,CA,Los Angeles,6037
25-0004936,CA,Los Angeles,6037
25-0004937,CA,Los Angeles,6037
25-0004938,CA,San Joaquin,6077
25-0004939,CA,Los Angeles,6037
25-0004940,CA,San Francisco,6075
25-0004941,CA,Yuba,6115
25-0004942,CA,Los Angeles,6037
25-0004943,CA,Los Angeles,6037
25-0004944,CA,Los Angeles,6037
25-0004945,CA,Los Angeles,6037
25-0004946,CA,Riverside,6065
25-0004947,CA,San Bernardino,6071
25-0004948,CA,Santa Clara,6085
25-0004949,CA,Stanislaus,6099
25-0004950,CA,Orange,6059
25-0004951,CA,Orange,6059
25-0004952,CA,Los Angeles,6037
25-0004953,CA,Orange,6059
25-0004954,CA,Los Angeles,6037
25-0004955,CA,Riverside,6065
25-0004956,CA,Los Angeles,6037
25-0004957,CA,San Bernardino,6071
25-0004958,CA,Los Angeles,6037
25-0004959,CA,Santa Clara,6085
25-0004960,CA,Orange,6059
25-0004961,CA,Los Angeles,6037
25-0004962,CA,Santa Cruz,6087
25-0004963,CA,Los Angeles,6037
25-0004964,CA,Alameda,6001
25-0004965,CA,San Diego,6073
25-0004966,CA,Los Angeles,6037
25-0004967,CA,Los Angeles,6037
25-0004968,CA,Los Angeles,6037
25-0004969,CA,San Diego,6073
25-0004970,CA,Orange,6059
25-0004971,CA,Kern,6029
25-0004972,CA,San Bernardino,6071
25-0004973,CA,Los Angeles,6037
25-0004974,CA,Orange,6059
25-0004975,CA,Los Angeles,6037
25-0004976,CA,Orange,6059
25-0004977,CA,Los Angeles,6037
25-0004978,CA,San Francisco,6075
25-0004979,CA,Tehama,6103
25-0004980,CA,Los Angeles,6037
25-0004981,CA,San Bernardino,6071
25-0004982,CA,Orange,6059
25-0004983,CA,Alameda,6001
25-0004984,CA,Santa Clara,6085
25-0004985,CA,Los Angeles,6037
25-0004986,CA,Orange,6059
25-0004987,CA,Contra Costa,6013
25-0004988,CA,Los Angeles,6037
25-0004989,CA,Sacramento,6067
25-0004990,CA,Los Angeles,6037
25-0004991,CA,San Diego,6073
25-0004992,CA,San Bernardino,6071
25-0004993,CA,Riverside,6065
25-0004994,CA,San Bernardino,6071
25-0004995,CA,San Bernardino,6071
25-0004996,CA,Riverside,6065
25-0004997,CA,Kern,6029
25-0004998,CA,San Bernardino,6071
25-0004999,CA,Fresno,6019
25-0005000,CA,Los Angeles,6037
25-0005001,CA,Alameda,6001
25-0005002,CA,Riverside,6065
25-0005003,CA,San Diego,6073
25-0005004,CA,Marin,6041
25-0005005,CA,Orange,6059
25-0005006,CA,Yolo,6113
25-0005007,CA,San Bernardino,6071
25-0005008,CA,San Bernardino,6071
25-0005009,CA,Los Angeles,6037
25-0005010,CA,San Bernardino,6071
25-0005011,CA,San Bernardino,6071
25-0005012,CA,Los Angeles,6037
25-0005013,CA,Los Angeles,6037
25-0005014,CA,Sacramento,6067
25-0005015,CA,Sacramento,6067
25-0005016,CA,San Mateo,6081
25-0005017,CA,Los Angeles,6037
25-0005018,CA,Los Angeles,6037
25-0005019,CA,Santa Clara,6085
25-0005020,CA,Los Angeles,6037
25-0005021,CA,San Bernardino,6071
25-0005022,CA,Los Angeles,6037
25-0005023,CA,San Diego,6073
25-0005024,CA,Los Angeles,6037
25-0005025,CA,Los Angeles,6037
25-0005026,CA,Los Angeles,6037
25-0005027,CA,San Bernardino,6071
25-0005028,CA,Los Angeles,6037
25-0005029,CA,Orange,6059
25-0005030,CA,San Mateo,6081
25-0005031,CA,Orange,6059
25-0005032,CA,Sacramento,6067
25-0005033,CA,Riverside,6065
25-0005034,CA,Contra Costa,6013
25-0005035,CA,Butte,6007
25-0005036,CA,Los Angeles,6037
25-0005037,CA,Los Angeles,6037
25-0005038,CA,Los Angeles,6037
25-0005039,CA,Sonoma,6097
25-0005040,CA,Fresno,6019
25-0005041,CA,Los Angeles,6037
25-0005042,CA,Los Angeles,6037
25-0005043,CA,Riverside,6065
25-0005044,CA,Riverside,6065
25-0005045,CA,Riverside,6065
25-0005046,CA,Los Angeles,6037
25-0005047,CA,Kern,6029
25-0005048,CA,Los Angeles,6037
25-0005049,CA,Ventura,6111
25-0005050,CA,San Francisco,6075
25-0005051,CA,Orange,6059
25-0005052,CA,Kern,6029
25-0005053,CA,Mendocino,6045
25-0005054,CA,Los Angeles,6037
25-0005055,CA,Los Angeles,6037
25-0005056,CA,Santa Barbara,6083
25-0005057,CA,San Joaquin,6077
25-0005058,CA,Los Angeles,6037
25-0005059,CA,Riverside,6065
25-0005060,CA,Los Angeles,6037
25-0005061,CA,Santa Barbara,6083
25-0005062,CA,Fresno,6019
25-0005063,CA,Los Angeles,6037
25-0005064,CA,Riverside,6065
25-0005065,CA,San Bernardino,6071
25-0005066,CA,San Joaquin,6077
25-0005067,CA,Orange,6059
25-0005068,CA,San Mateo,6081
25-0005069,CA,Fresno,6019
25-0005070,CA,Alameda,6001
25-0005071,CA,Sacramento,6067
25-0005072,CA,Santa Barbara,6083
25-0005073,CA,Kern,6029
25-0005074,CA,Los Angeles,6037
25-0005075,CA,Los Angeles,6037
25-0005076,CA,Los Angeles,6037
25-0005077,CA,Los Angeles,6037
25-0005078,CA,San Francisco,6075
25-0005079,CA,San Bernardino,6071
25-0005080,CA,Imperial,6025
25-0005081,CA,Los Angeles,6037
25-0005082,CA,Los Angeles,6037
25-0005083,CA,San Bernardino,6071
25-0005084,CA,Los Angeles,6037
25-0005085,CA,Tuolumne,6109
25-0005086,CA,San Bernardino,6071
25-0005087,CA,Los Angeles,6037
25-0005088,CA,Alameda,6001
25-0005089,CA,Orange,6059
25-0005090,CA,Santa Clara,6085
25-0005091,CA,Los Angeles,6037
25-0005092,CA,San Francisco,6075
25-0005093,CA,Riverside,6065
25-0005094,CA,San Bernardino,6071
25-0005095,CA,San Bernardino,6071
25-0005096,CA,Los Angeles,6037
25-0005097,CA,Santa Clara,6085
25-0005098,CA,Alameda,6001
25-0005099,CA,Nevada,6057
25-0005100,CA,Los Angeles,6037
25-0005101,CA,Los Angeles,6037
25-0005102,CA,Los Angeles,6037
25-0005103,CA,Los Angeles,6037
25-0005104,CA,Los Angeles,6037
25-0005105,CA,Imperial,6025
25-0005106,CA,Los Angeles,6037
25-0005107,CA,Los Angeles,6037
25-0005108,CA,Solano,6095
25-0005109,CA,Los Angeles,6037
25-0005110,CA,Kern,6029
25-0005111,CA,Los Angeles,6037
25-0005112,CA,San Bernardino,6071
25-0005113,CA,Contra Costa,6013
25-0005114,CA,San Bernardino,6071
25-0005115,CA,Los Angeles,6037
25-0005116,CA,Sacramento,6067
25-0005117,CA,Orange,6059
25-0005118,CA,Santa Barbara,6083
25-0005119,CA,Los Angeles,6037
25-0005120,CA,Contra Costa,6013
25-0005121,CA,Los Angeles,6037
25-0005122,CA,Los Angeles,6037
25-0005123,CA,Orange,6059
25-0005124,CA,Stanislaus,6099
25-0005125,CA,Sacramento,6067
25-0005126,CA,Los Angeles,6037
25-0005127,CA,Kern,6029
25-0005128,CA,Orange,6059
25-0005129,CA,Los Angeles,6037
25-0005130,CA,San Bernardino,6071
25-0005131,CA,Sonoma,6097
25-0005132,CA,Orange,6059
25-0005133,CA,Los Angeles,6037
25-0005134,CA,San Diego,6073
25-0005135,CA,San Bernardino,6071
25-0005136,CA,Los Angeles,6037
25-0005137,CA,San Bernardino,6071
25-0005138,CA,Los Angeles,6037
25-0005139,CA,Los Angeles,6037
25-0005140,CA,San Bernardino,6071
25-0005141,CA,Los Angeles,6037
25-0005142,CA,San Bernardino,6071
25-0005143,CA,Los Angeles,6037
25-0005144,CA,San Bernardino,6071
25-0005145,CA,Los Angeles,6037
25-0005146,CA,Los Angeles,6037
25-0005147,CA,Orange,6059
25-0005148,CA,Los Angeles,6037
25-0005149,CA,Mendocino,6045
25-0005150,CA,Marin,6041
25-0005151,CA,Riverside,6065
25-0005152,CA,San Benito,6069
25-0005153,CA,San Bernardino,6071
25-0005154,CA,San Diego,6073
25-0005155,CA,Los Angeles,6037
25-0005156,CA,San Joaquin,6077
25-0005157,CA,Sonoma,6097
25-0005158,CA,Riverside,6065
25-0005159,CA,Los Angeles,6037
25-0005160,CA,Orange,6059
25-0005161,CA,San Bernardino,6071
25-0005162,CA,Los Angeles,6037
25-0005163,CA,Riverside,6065
25-0005164,CA,Los Angeles,6037
25-0005165,CA,San Bernardino,6071
25-0005166,CA,Los Angeles,6037
25-0005167,CA,San Francisco,6075
25-0005168,CA,San Bernardino,6071
25-0005169,CA,Fresno,6019
25-0005170,CA,Merced,6047
25-0005171,CA,San Bernardino,6071
25-0005172,CA,Alameda,6001
25-0005173,CA,Butte,6007
25-0005174,CA,Los Angeles,6037
25-0005175,CA,Los Angeles,6037
25-0005176,CA,San Mateo,6081
25-0005177,CA,Orange,6059
25-0005178,CA,Orange,6059
25-0005179,CA,Riverside,6065
25-0005180,CA,Los Angeles,6037
25-0005181,CA,San Bernardino,6071
25-0005182,CA,Los Angeles,6037
25-0005183,CA,San Bernardino,6071
25-0005184,CA,Los Angeles,6037
25-0005185,CA,Los Angeles,6037
25-0005186,CA,Los Angeles,6037
25-0005187,CA,San Mateo,6081
25-0005188,CA,Alameda,6001
25-0005189,CA,San Bernardino,6071
25-0005190,CA,Butte,6007
25-0005191,CA,Los Angeles,6037
25-0005192,CA,Los Angeles,6037
25-0005193,CA,Riverside,6065
25-0005194,CA,Ventura,6111
25-0005195,CA,Santa Barbara,6083
25-0005196,CA,Los Angeles,6037
25-0005197,CA,Los Angeles,6037
25-0005198,CA,Los Angeles,6037
25-0005199,CA,Los Angeles,6037
25-0005200,CA,San Joaquin,6077
25-0005201,CA,Los Angeles,6037
25-0005202,CA,Fresno,6019
25-0005203,CA,Fresno,6019
25-0005204,CA,Los Angeles,6037
25-0005205,CA,Los Angeles,6037
25-0005206,CA,Riverside,6065
25-0005207,CA,Los Angeles,6037
25-0005208,CA,Los Angeles,6037
25-0005209,CA,Los Angeles,6037
25-0005210,CA,Los Angeles,6037
25-0005211,CA,Butte,6007
25-0005212,CA,Los Angeles,6037
25-0005213,CA,Los Angeles,6037
25-0005214,CA,Los Angeles,6037
25-0005215,CA,Los Angeles,6037
25-0005216,CA,Santa Barbara,6083
25-0005217,CA,Fresno,6019
25-0005218,CA,Kings,6031
25-0005219,CA,Riverside,6065
25-0005220,CA,Los Angeles,6037
25-0005221,CA,Los Angeles,6037
25-0005222,CA,Riverside,6065
25-0005223,CA,Los Angeles,6037
25-0005224,CA,Los Angeles,6037
25-0005225,CA,Riverside,6065
25-0005226,CA,Riverside,6065
25-0005227,CA,San Benito,6069
25-0005228,CA,San Bernardino,6071
25-0005229,CA,Los Angeles,6037
25-0005230,CA,Los Angeles,6037
25-0005231,CA,San Bernardino,6071
25-0005232,CA,Orange,6059
25-0005233,CA,Los Angeles,6037
25-0005234,CA,Siskiyou,6093
25-0005235,CA,Los Angeles,6037
25-0005236,CA,Fresno,6019
25-0005237,CA,Tulare,6107
25-0005238,CA,Fresno,6019
25-0005239,CA,San Joaquin,6077
25-0005240,CA,Los Angeles,6037
25-0005241,CA,Madera,6039
25-0005242,CA,Los Angeles,6037
25-0005243,CA,Los Angeles,6037
25-0005244,CA,Alameda,6001
25-0005245,CA,Riverside,6065
25-0005246,CA,Ventura,6111
25-0005247,CA,Alameda,6001
25-0005248,CA,San Bernardino,6071
25-0005249,CA,Marin,6041
25-0005250,CA,Los Angeles,6037
25-0005251,CA,Shasta,6089
25-0005252,CA,Napa,6055
25-0005253,CA,Madera,6039
25-0005254,CA,Marin,6041
25-0005255,CA,Riverside,6065
25-0005256,CA,Sacramento,6067
25-0005257,CA,Los Angeles,6037
25-0005258,CA,Los Angeles,6037
25-0005259,CA,San Bernardino,6071
25-0005260,CA,Los Angeles,6037
25-0005261,CA,Fresno,6019
25-0005262,CA,San Bernardino,6071
25-0005263,CA,Los Angeles,6037
25-0005264,CA,Los Angeles,6037
25-0005265,CA,Orange,6059
25-0005266,CA,Orange,6059
25-0005267,CA,Merced,6047
25-0005268,CA,Los Angeles,6037
25-0005269,CA,Los Angeles,6037
25-0005270,CA,Los Angeles,6037
25-0005271,CA,Los Angeles,6037
25-0005272,CA,Santa Clara,6085
25-0005273,CA,Tehama,6103
25-0005274,CA,Los Angeles,6037
25-0005275,CA,San Bernardino,6071
25-0005276,CA,Los Angeles,6037
25-0005277,CA,Sonoma,6097
25-0005278,CA,Riverside,6065
25-0005279,CA,San Diego,6073
25-0005280,CA,San Diego,6073
25-0005281,CA,Santa Cruz,6087
25-0005282,CA,Los Angeles,6037
25-0005283,CA,Sacramento,6067
25-0005284,CA,Sacramento,6067
25-0005285,CA,Los Angeles,6037
25-0005286,CA,Kern,6029
25-0005287,CA,Los Angeles,6037
25-0005288,CA,Orange,6059
25-0005289,CA,San Diego,6073
25-0005290,CA,Riverside,6065
25-0005291,CA,Los Angeles,6037
25-0005292,CA,Kings,6031
25-0005293,CA,Los Angeles,6037
25-0005294,CA,Kern,6029
25-0005295,CA,Alameda,6001
25-0005296,CA,Los Angeles,6037
25-0005297,CA,Merced,6047
25-0005298,CA,Riverside,6065
25-0005299,CA,Riverside,6065
25-0005300,CA,San Bernardino,6071
25-0005301,CA,Riverside,6065
25-0005302,CA,Orange,6059
25-0005303,CA,Orange,6059
25-0005304,CA,Los Angeles,6037
25-0005305,CA,San Bernardino,6071
25-0005306,CA,Orange,6059
25-0005307,CA,San Bernardino,6071
25-0005308,CA,Los Angeles,6037
25-0005309,CA,Riverside,6065
25-0005310,CA,Sacramento,6067
25-0005311,CA,San Diego,6073
25-0005312,CA,Los Angeles,6037
25-0005313,CA,Humboldt,6023
25-0005314,CA,Los Angeles,6037
25-0005315,CA,Los Angeles,6037
25-0005316,CA,Los Angeles,6037
25-0005317,CA,Los Angeles,6037
25-0005318,CA,San Diego,6073
25-0005319,CA,Santa Barbara,6083
25-0005320,CA,Los Angeles,6037
25-0005321,CA,San Bernardino,6071
25-0005322,CA,Kern,6029
25-0005323,CA,Stanislaus,6099
25-0005324,CA,Los Angeles,6037
25-0005325,CA,San Bernardino,6071
25-0005326,CA,San Bernardino,6071
25-0005327,CA,Los Angeles,6037
25-0005328,CA,Los Angeles,6037
25-0005329,CA,Santa Clara,6085
25-0005330,CA,Los Angeles,6037
25-0005331,CA,Los Angeles,6037
25-0005332,CA,San Bernardino,6071
25-0005333,CA,Orange,6059
25-0005334,CA,Los Angeles,6037
25-0005335,CA,Los Angeles,6037
25-0005336,CA,Los Angeles,6037
25-0005337,CA,San Diego,6073
25-0005338,CA,San Diego,6073
25-0005339,CA,San Diego,6073
25-0005340,CA,Los Angeles,6037
25-0005341,CA,Sonoma,6097
25-0005342,CA,Los Angeles,6037
25-0005343,CA,Los Angeles,6037
25-0005344,CA,San Bernardino,6071
25-0005345,CA,Orange,6059
25-0005346,CA,San Bernardino,6071
25-0005347,CA,Los Angeles,6037
25-0005348,CA,Contra Costa,6013
25-0005349,CA,Los Angeles,6037
25-0005350,CA,Yolo,6113
25-0005351,CA,Los Angeles,6037
25-0005352,CA,Riverside,6065
25-0005353,CA,Los Angeles,6037
25-0005354,CA,Los Angeles,6037
25-0005355,CA,Riverside,6065
25-0005356,CA,Riverside,6065
25-0005357,CA,Orange,6059
25-0005358,CA,Orange,6059
25-0005359,CA,Los Angeles,6037
25-0005360,CA,Ventura,6111
25-0005361,CA,Los Angeles,6037
25-0005362,CA,Los Angeles,6037
25-0005363,CA,Santa Clara,6085
25-0005364,CA,Los Angeles,6037
25-0005365,CA,Tulare,6107
25-0005366,CA,Los Angeles,6037
25-0005367,CA,San Bernardino,6071
25-0005368,CA,Madera,6039
25-0005369,CA,Los Angeles,6037
25-0005370,CA,San Diego,6073
25-0005371,CA,Orange,6059
25-0005372,CA,Fresno,6019
25-0005373,CA,Riverside,6065
25-0005374,CA,Riverside,6065
25-0005375,CA,Solano,6095
25-0005376,CA,San Bernardino,6071
25-0005377,CA,Orange,6059
25-0005378,CA,Los Angeles,6037
25-0005379,CA,Los Angeles,6037
25-0005380,CA,Los Angeles,6037
25-0005381,CA,Los Angeles,6037
25-0005382,CA,San Diego,6073
25-0005383,CA,Los Angeles,6037
25-0005384,CA,Sacramento,6067
25-0005385,CA,Los Angeles,6037
25-0005386,CA,San Diego,6073
25-0005387,CA,Riverside,6065
25-0005388,CA,Contra Costa,6013
25-0005389,CA,Stanislaus,6099
25-0005390,CA,Los Angeles,6037
25-0005391,CA,Los Angeles,6037
25-0005392,CA,Butte,6007
25-0005393,CA,Alameda,6001
25-0005394,CA,Los Angeles,6037
25-0005395,CA,Los Angeles,6037
25-0005396,CA,Los Angeles,6037
25-0005397,CA,Orange,6059
25-0005398,CA,Los Angeles,6037
25-0005399,CA,Los Angeles,6037
25-0005400,CA,Riverside,6065
25-0005401,CA,Los Angeles,6037
25-0005402,CA,San Bernardino,6071
25-0005403,CA,Los Angeles,6037
25-0005404,CA,Kern,6029
25-0005405,CA,Riverside,6065
25-0005406,CA,San Joaquin,6077
25-0005407,CA,Fresno,6019
25-0005408,CA,Los Angeles,6037
25-0005409,CA,San Diego,6073
25-0005410,CA,Orange,6059
25-0005411,CA,San Francisco,6075
25-0005412,CA,San Mateo,6081
25-0005413,CA,Sonoma,6097
25-0005414,CA,Alameda,6001
25-0005415,CA,Los Angeles,6037
25-0005416,CA,Tulare,6107
25-0005417,CA,Riverside,6065
25-0005418,CA,Butte,6007
25-0005419,CA,Los Angeles,6037
25-0005420,CA,Riverside,6065
25-0005421,CA,Solano,6095
25-0005422,CA,Los Angeles,6037
25-0005423,CA,Los Angeles,6037
25-0005424,CA,San Bernardino,6071
25-0005425,CA,Lassen,6035
25-0005426,CA,San Luis Obispo,6079
25-0005427,CA,Marin,6041
25-0005428,CA,Los Angeles,6037
25-0005429,CA,Los Angeles,6037
25-0005430,CA,Merced,6047
25-0005431,CA,Riverside,6065
25-0005432,CA,San Luis Obispo,6079
25-0005433,CA,San Bernardino,6071
25-0005434,CA,Los Angeles,6037
25-0005435,CA,Los Angeles,6037
25-0005436,CA,Riverside,6065
25-0005437,CA,San Bernardino,6071
25-0005438,CA,Riverside,6065
25-0005439,CA,San Diego,6073
25-0005440,CA,Los Angeles,6037
25-0005441,CA,Los Angeles,6037
25-0005442,CA,Humboldt,6023
25-0005443,CA,Glenn,6021
25-0005444,CA,Alameda,6001
25-0005445,CA,Contra Costa,6013
25-0005446,CA,Los Angeles,6037
25-0005447,CA,San Francisco,6075
25-0005448,CA,San Diego,6073
25-0005449,CA,San Diego,6073
25-0005450,CA,Ventura,6111
25-0005451,CA,Los Angeles,6037
25-0005452,CA,San Joaquin,6077
25-0005453,CA,Riverside,6065
25-0005454,CA,Orange,6059
25-0005455,CA,San Bernardino,6071
25-0005456,CA,San Bernardino,6071
25-0005457,CA,Los Angeles,6037
25-0005458,CA,Los Angeles,6037
25-0005459,CA,Riverside,6065
25-0005460,CA,Los Angeles,6037
25-0005461,CA,Los Angeles,6037
25-0005462,CA,Riverside,6065
25-0005463,CA,Tulare,6107
25-0005464,CA,Orange,6059
25-0005465,CA,Kern,6029
25-0005466,CA,Los Angeles,6037
25-0005467,CA,Fresno,6019
25-0005468,CA,Fresno,6019
25-0005469,CA,Tulare,6107
25-0005470,CA,Los Angeles,6037
25-0005471,CA,San Francisco,6075
25-0005472,CA,San Diego,6073
25-0005473,CA,San Bernardino,6071
25-0005474,CA,San Joaquin,6077
25-0005475,CA,Los Angeles,6037
25-0005476,CA,Monterey,6053
25-0005477,CA,Los Angeles,6037
25-0005478,CA,Los Angeles,6037
25-0005479,CA,San Bernardino,6071
25-0005480,CA,Los Angeles,6037
25-0005481,CA,San Bernardino,6071
25-0005482,CA,Los Angeles,6037
25-0005483,CA,Riverside,6065
25-0005484,CA,San Francisco,6075
25-0005485,CA,Los Angeles,6037
25-0005486,CA,Los Angeles,6037
25-0005487,CA,San Bernardino,6071
25-0005488,CA,Alameda,6001
25-0005489,CA,Imperial,6025
25-0005490,CA,Los Angeles,6037
25-0005491,CA,Orange,6059
25-0005492,CA,Riverside,6065
25-0005493,CA,Stanislaus,6099
25-0005494,CA,Fresno,6019
25-0005495,CA,Orange,6059
25-0005496,CA,Los Angeles,6037
25-0005497,CA,Riverside,6065
25-0005498,CA,Los Angeles,6037
25-0005499,CA,Riverside,6065
25-0005500,CA,Sacramento,6067
25-0005501,CA,Orange,6059
25-0005502,CA,San Bernardino,6071
25-0005503,CA,Los Angeles,6037
25-0005504,CA,Sacramento,6067
25-0005505,CA,Santa Clara,6085
25-0005506,CA,Orange,6059
25-0005507,CA,Monterey,6053
25-0005508,CA,Los Angeles,6037
25-0005509,CA,Riverside,6065
25-0005510,CA,Los Angeles,6037
25-0005511,CA,San Diego,6073
25-0005512,CA,Santa Barbara,6083
25-0005513,CA,Los Angeles,6037
25-0005514,CA,Humboldt,6023
25-0005515,CA,Mariposa,6043
25-0005516,CA,Los Angeles,6037
25-0005517,CA,Los Angeles,6037
25-0005518,CA,Los Angeles,6037
25-0005519,CA,Riverside,6065
25-0005520,CA,San Diego,6073
25-0005521,CA,San Diego,6073
25-0005522,CA,Orange,6059
25-0005523,CA,Santa Clara,6085
25-0005524,CA,Los Angeles,6037
25-0005525,CA,Madera,6039
25-0005526,CA,Sonoma,6097
25-0005527,CA,Los Angeles,6037
25-0005528,CA,Kern,6029
25-0005529,CA,Los Angeles,6037
25-0005530,CA,Los Angeles,6037
25-0005531,CA,Los Angeles,6037
25-0005532,CA,Los Angeles,6037
25-0005533,CA,San Bernardino,6071
25-0005534,CA,Los Angeles,6037
25-0005535,CA,Los Angeles,6037
25-0005536,CA,Sacramento,6067
25-0005537,CA,Los Angeles,6037
25-0005538,CA,Los Angeles,6037
25-0005539,CA,Riverside,6065
25-0005540,CA,Los Angeles,6037
25-0005541,CA,Contra Costa,6013
25-0005542,CA,Sacramento,6067
25-0005543,CA,Alameda,6001
25-0005544,CA,Los Angeles,6037
25-0005545,CA,Los Angeles,6037
25-0005546,CA,Los Angeles,6037
25-0005547,CA,San Bernardino,6071
25-0005548,CA,Los Angeles,6037
25-0005549,CA,Riverside,6065
25-0005550,CA,Los Angeles,6037
25-0005551,CA,Riverside,6065
25-0005552,CA,Nevada,6057
25-0005553,CA,Los Angeles,6037
25-0005554,CA,Marin,6041
25-0005555,CA,Los Angeles,6037
25-0005556,CA,Merced,6047
25-0005557,CA,Los Angeles,6037
25-0005558,CA,Los Angeles,6037
25-0005559,CA,Los Angeles,6037
25-0005560,CA,Los Angeles,6037
25-0005561,CA,Ventura,6111
25-0005562,CA,Riverside,6065
25-0005563,CA,Placer,6061
25-0005564,CA,Tulare,6107
25-0005565,CA,Santa Clara,6085
25-0005566,CA,Los Angeles,6037
25-0005567,CA,Los Angeles,6037
25-0005568,CA,Los Angeles,6037
25-0005569,CA,Fresno,6019
25-0005570,CA,Santa Clara,6085
25-0005571,CA,Los Angeles,6037
25-0005572,CA,Orange,6059
25-0005573,CA,Fresno,6019
25-0005574,CA,Los Angeles,6037
25-0005575,CA,Orange,6059
25-0005576,CA,Los Angeles,6037
25-0005577,CA,Los Angeles,6037
25-0005578,CA,Los Angeles,6037
25-0005579,CA,Ventura,6111
25-0005580,CA,Orange,6059
25-0005581,CA,Los Angeles,6037
25-0005582,CA,Los Angeles,6037
25-0005583,CA,Contra Costa,6013
25-0005584,CA,Sacramento,6067
25-0005585,CA,Los Angeles,6037
25-0005586,CA,Orange,6059
25-0005587,CA,Los Angeles,6037
25-0005588,CA,Riverside,6065
25-0005589,CA,Los Angeles,6037
25-0005590,CA,Los Angeles,6037
25-0005591,CA,Orange,6059
25-0005592,CA,Orange,6059
25-0005593,CA,San Bernardino,6071
25-0005594,CA,Riverside,6065
25-0005595,CA,San Diego,6073
25-0005596,CA,Alameda,6001
25-0005597,CA,Orange,6059
25-0005598,CA,San Bernardino,6071
25-0005599,CA,Los Angeles,6037
25-0005600,CA,Santa Clara,6085
25-0005601,CA,Los Angeles,6037
25-0005602,CA,Los Angeles,6037
25-0005603,CA,Alameda,6001
25-0005604,CA,Santa Clara,6085
25-0005605,CA,Butte,6007
25-0005606,CA,Fresno,6019
25-0005607,CA,Marin,6041
25-0005608,CA,Los Angeles,6037
25-0005609,CA,Los Angeles,6037
25-0005610,CA,Santa Clara,6085
25-0005611,CA,Sacramento,6067
25-0005612,CA,Los Angeles,6037
25-0005613,CA,Lassen,6035
25-0005614,CA,Los Angeles,6037
25-0005615,CA,Ventura,6111
25-0005616,CA,San Bernardino,6071
25-0005617,CA,Los Angeles,6037
25-0005618,CA,Riverside,6065
25-0005619,CA,Santa Clara,6085
25-0005620,CA,Los Angeles,6037
25-0005621,CA,Los Angeles,6037
25-0005622,CA,Kern,6029
25-0005623,CA,El Dorado,6017
25-0005624,CA,Los Angeles,6037
25-0005625,CA,Los Angeles,6037
25-0005626,CA,Sacramento,6067
25-0005627,CA,Kern,6029
25-0005628,CA,Contra Costa,6013
25-0005629,CA,San Francisco,6075
25-0005630,CA,Riverside,6065
25-0005631,CA,Los Angeles,6037
25-0005632,CA,Kern,6029
25-0005633,CA,Riverside,6065
25-0005634,CA,Riverside,6065
25-0005635,CA,Los Angeles,6037
25-0005636,CA,Alameda,6001
25-0005637,CA,San Diego,6073
25-0005638,CA,Los Angeles,6037
25-0005639,CA,Riverside,6065
25-0005640,CA,San Bernardino,6071
25-0005641,CA,Los Angeles,6037
25-0005642,CA,Los Angeles,6037
25-0005643,CA,Los Angeles,6037
25-0005644,CA,Tehama,6103
25-0005645,CA,Imperial,6025
25-0005646,CA,Riverside,6065
25-0005647,CA,Kern,6029
25-0005648,CA,Los Angeles,6037
25-0005649,CA,Sonoma,6097
25-0005650,CA,San Bernardino,6071
25-0005651,CA,San Benito,6069
25-0005652,CA,Los Angeles,6037
25-0005653,CA,Fresno,6019
25-0005654,CA,Los Angeles,6037
25-0005655,CA,Los Angeles,6037
25-0005656,CA,Los Angeles,6037
25-0005657,CA,Los Angeles,6037
25-0005658,CA,Contra Costa,6013
25-0005659,CA,Sacramento,6067
25-0005660,CA,Los Angeles,6037
25-0005661,CA,Imperial,6025
25-0005662,CA,Orange,6059
25-0005663,CA,Los Angeles,6037
25-0005664,CA,San Bernardino,6071
25-0005665,CA,Merced,6047
25-0005666,CA,Los Angeles,6037
25-0005667,CA,Alameda,6001
25-0005668,CA,Los Angeles,6037
25-0005669,CA,Los Angeles,6037
25-0005670,CA,San Bernardino,6071
25-0005671,CA,Los Angeles,6037
25-0005672,CA,Orange,6059
25-0005673,CA,Sacramento,6067
25-0005674,CA,Los Angeles,6037
25-0005675,CA,Los Angeles,6037
25-0005676,CA,San Bernardino,6071
25-0005677,CA,Los Angeles,6037
25-0005678,CA,Mariposa,6043
25-0005679,CA,Los Angeles,6037
25-0005680,CA,Sacramento,6067
25-0005681,CA,Tulare,6107
25-0005682,CA,Alameda,6001
25-0005683,CA,Riverside,6065
25-0005684,CA,Alameda,6001
25-0005685,CA,Los Angeles,6037
25-0005686,CA,Los Angeles,6037
25-0005687,CA,Riverside,6065
25-0005688,CA,San Bernardino,6071
25-0005689,CA,San Bernardino,6071
25-0005690,CA,Santa Barbara,6083
25-0005691,CA,Shasta,6089
25-0005692,CA,Los Angeles,6037
25-0005693,CA,Contra Costa,6013
25-0005694,CA,Los Angeles,6037
25-0005695,CA,Los Angeles,6037
25-0005696,CA,Santa Clara,6085
25-0005697,CA,Riverside,6065
25-0005698,CA,Alameda,6001
25-0005699,CA,Los Angeles,6037
25-0005700,CA,Riverside,6065
25-0005701,CA,Sacramento,6067
25-0005702,CA,Los Angeles,6037
25-0005703,CA,Kern,6029
25-0005704,CA,Los Angeles,6037
25-0005705,CA,Los Angeles,6037
25-0005706,CA,San Francisco,6075
25-0005707,CA,Alameda,6001
25-0005708,CA,Los Angeles,6037
25-0005709,CA,Los Angeles,6037
25-0005710,CA,Los Angeles,6037
25-0005711,CA,Madera,6039
25-0005712,CA,Los Angeles,6037
25-0005713,CA,San Diego,6073
25-0005714,CA,Orange,6059
25-0005715,CA,Los Angeles,6037
25-0005716,CA,Los Angeles,6037
25-0005717,CA,San Bernardino,6071
25-0005718,CA,Los Angeles,6037
25-0005719,CA,San Bernardino,6071
25-0005720,CA,Kern,6029
25-0005721,CA,Imperial,6025
25-0005722,CA,Sacramento,6067
25-0005723,CA,Ventura,6111
25-0005724,CA,Monterey,6053
25-0005725,CA,San Bernardino,6071
25-0005726,CA,Los Angeles,6037
25-0005727,CA,Riverside,6065
25-0005728,CA,Los Angeles,6037
25-0005729,CA,Los Angeles,6037
25-0005730,CA,Los Angeles,6037
25-0005731,CA,Los Angeles,6037
25-0005732,CA,San Diego,6073
25-0005733,CA,Los Angeles,6037
25-0005734,CA,San Bernardino,6071
25-0005735,CA,Riverside,6065
25-0005736,CA,San Bernardino,6071
25-0005737,CA,Orange,6059
25-0005738,CA,Los Angeles,6037
25-0005739,CA,Trinity,6105
25-0005740,CA,Orange,6059
25-0005741,CA,Los Angeles,6037
25-0005742,CA,Los Angeles,6037
25-0005743,CA,San Diego,6073
25-0005744,CA,Los Angeles,6037
25-0005745,CA,Monterey,6053
25-0005746,CA,Fresno,6019
25-0005747,CA,Merced,6047
25-0005748,CA,Los Angeles,6037
25-0005749,CA,Los Angeles,6037
25-0005750,CA,Los Angeles,6037
25-0005751,CA,Los Angeles,6037
25-0005752,CA,Orange,6059
25-0005753,CA,Orange,6059
25-0005754,CA,San Bernardino,6071
25-0005755,CA,Los Angeles,6037
25-0005756,CA,Placer,6061
25-0005757,CA,Monterey,6053
25-0005758,CA,Los Angeles,6037
25-0005759,CA,Riverside,6065
25-0005760,CA,Los Angeles,6037
25-0005761,CA,Orange,6059
25-0005762,CA,San Joaquin,6077
25-0005763,CA,Los Angeles,6037
25-0005764,CA,Los Angeles,6037
25-0005765,CA,San Mateo,6081
25-0005766,CA,Orange,6059
25-0005767,CA,San Bernardino,6071
25-0005768,CA,San Bernardino,6071
25-0005769,CA,Los Angeles,6037
25-0005770,CA,Riverside,6065
25-0005771,CA,San Bernardino,6071
25-0005772,CA,Solano,6095
25-0005773,CA,Kern,6029
25-0005774,CA,Los Angeles,6037
25-0005775,CA,San Bernardino,6071
25-0005776,CA,Los Angeles,6037
25-0005777,CA,Kern,6029
25-0005778,CA,Kern,6029
25-0005779,CA,Sacramento,6067
25-0005780,CA,Los Angeles,6037
25-0005781,CA,Monterey,6053
25-0005782,CA,Los Angeles,6037
25-0005783,CA,San Bernardino,6071
25-0005784,CA,Yolo,6113
25-0005785,CA,Los Angeles,6037
25-0005786,CA,Los Angeles,6037
25-0005787,CA,Riverside,6065
25-0005788,CA,Los Angeles,6037
25-0005789,CA,Los Angeles,6037
25-0005790,CA,Los Angeles,6037
25-0005791,CA,Riverside,6065
25-0005792,CA,Los Angeles,6037
25-0005793,CA,San Diego,6073
25-0005794,CA,Monterey,6053
25-0005795,CA,Los Angeles,6037
25-0005796,CA,San Bernardino,6071
25-0005797,CA,Riverside,6065
25-0005798,CA,Los Angeles,6037
25-0005799,CA,Orange,6059
25-0005800,CA,Solano,6095
25-0005801,CA,Solano,6095
25-0005802,CA,Riverside,6065
25-0005803,CA,Los Angeles,6037
25-0005804,CA,San Diego,6073
25-0005805,CA,Fresno,6019
25-0005806,CA,Sacramento,6067
25-0005807,CA,San Francisco,6075
25-0005808,CA,Los Angeles,6037
25-0005809,CA,Los Angeles,6037
25-0005810,CA,Fresno,6019
25-0005811,CA,Fresno,6019
25-0005812,CA,Los Angeles,6037
25-0005813,CA,Riverside,6065
25-0005814,CA,Sacramento,6067
25-0005815,CA,Madera,6039
25-0005816,CA,Shasta,6089
25-0005817,CA,Santa Clara,6085
25-0005818,CA,San Benito,6069
25-0005819,CA,Monterey,6053
25-0005820,CA,San Diego,6073
25-0005821,CA,Riverside,6065
25-0005822,CA,Los Angeles,6037
25-0005823,CA,Los Angeles,6037
25-0005824,CA,Los Angeles,6037
25-0005825,CA,San Francisco,6075
25-0005826,CA,Los Angeles,6037
25-0005827,CA,Orange,6059
25-0005828,CA,Fresno,6019
25-0005829,CA,Fresno,6019
25-0005830,CA,Riverside,6065
25-0005831,CA,Orange,6059
25-0005832,CA,San Bernardino,6071
25-0005833,CA,Los Angeles,6037
25-0005834,CA,Riverside,6065
25-0005835,CA,Los Angeles,6037
25-0005836,CA,Kern,6029
25-0005837,CA,Los Angeles,6037
25-0005838,CA,Kern,6029
25-0005839,CA,Riverside,6065
25-0005840,CA,San Bernardino,6071
25-0005841,CA,Orange,6059
25-0005842,CA,Los Angeles,6037
25-0005843,CA,Los Angeles,6037
25-0005844,CA,Riverside,6065
25-0005845,CA,Los Angeles,6037
25-0005846,CA,Los Angeles,6037
25-0005847,CA,San Joaquin,6077
25-0005848,CA,Fresno,6019
25-0005849,CA,San Diego,6073
25-0005850,CA,Los Angeles,6037
25-0005851,CA,Sacramento,6067
25-0005852,CA,Los Angeles,6037
25-0005853,CA,Los Angeles,6037
25-0005854,CA,Los Angeles,6037
25-0005855,CA,Ventura,6111
25-0005856,CA,Los Angeles,6037
25-0005857,CA,Santa Clara,6085
25-0005858,CA,Orange,6059
25-0005859,CA,San Joaquin,6077
25-0005860,CA,San Bernardino,6071
25-0005861,CA,Riverside,6065
25-0005862,CA,Riverside,6065
25-0005863,CA,San Bernardino,6071
25-0005864,CA,Los Angeles,6037
25-0005865,CA,Los Angeles,6037
25-0005866,CA,Yuba,6115
25-0005867,CA,Los Angeles,6037
25-0005868,CA,San Bernardino,6071
25-0005869,CA,Los Angeles,6037
25-0005870,CA,Los Angeles,6037
25-0005871,CA,San Bernardino,6071
25-0005872,CA,Los Angeles,6037
25-0005873,CA,San Bernardino,6071
25-0005874,CA,Los Angeles,6037
25-0005875,CA,San Bernardino,6071
25-0005876,CA,Solano,6095
25-0005877,CA,Orange,6059
25-0005878,CA,Los Angeles,6037
25-0005879,CA,Sacramento,6067
25-0005880,CA,Los Angeles,6037
25-0005881,CA,Santa Clara,6085
25-0005882,CA,Los Angeles,6037
25-0005883,CA,Los Angeles,6037
25-0005884,CA,Los Angeles,6037
25-0005885,CA,Fresno,6019
25-0005886,CA,San Bernardino,6071
25-0005887,CA,Humboldt,6023
25-0005888,CA,San Bernardino,6071
25-0005889,CA,Los Angeles,6037
25-0005890,CA,Los Angeles,6037
25-0005891,CA,Sacramento,6067
25-0005892,CA,Solano,6095
25-0005893,CA,Riverside,6065
25-0005894,CA,Imperial,6025
25-0005895,CA,Alameda,6001
25-0005896,CA,Kern,6029
25-0005897,CA,Los Angeles,6037
25-0005898,CA,Stanislaus,6099
25-0005899,CA,San Francisco,6075
25-0005900,CA,Stanislaus,6099
25-0005901,CA,Los Angeles,6037
25-0005902,CA,Madera,6039
25-0005903,CA,Tulare,6107
25-0005904,CA,Alameda,6001
25-0005905,CA,Los Angeles,6037
25-0005906,CA,Riverside,6065
25-0005907,CA,Contra Costa,6013
25-0005908,CA,Los Angeles,6037
25-0005909,CA,San Bernardino,6071
25-0005910,CA,Los Angeles,6037
25-0005911,CA,Los Angeles,6037
25-0005912,CA,Riverside,6065
25-0005913,CA,Los Angeles,6037
25-0005914,CA,Orange,6059
25-0005915,CA,Los Angeles,6037
25-0005916,CA,Los Angeles,6037
25-0005917,CA,San Bernardino,6071
25-0005918,CA,Orange,6059
25-0005919,CA,San Diego,6073
25-0005920,CA,Orange,6059
25-0005921,CA,Orange,6059
25-0005922,CA,Los Angeles,6037
25-0005923,CA,Contra Costa,6013
25-0005924,CA,San Bernardino,6071
25-0005925,CA,San Bernardino,6071
25-0005926,CA,Tulare,6107
25-0005927,CA,San Bernardino,6071
25-0005928,CA,Los Angeles,6037
25-0005929,CA,Imperial,6025
25-0005930,CA,Riverside,6065
25-0005931,CA,Los Angeles,6037
25-0005932,CA,Sacramento,6067
25-0005933,CA,Los Angeles,6037
25-0005934,CA,Los Angeles,6037
25-0005935,CA,San Luis Obispo,6079
25-0005936,CA,Riverside,6065
25-0005937,CA,Orange,6059
25-0005938,CA,Los Angeles,6037
25-0005939,CA,Los Angeles,6037
25-0005940,CA,Sonoma,6097
25-0005941,CA,Orange,6059
25-0005942,CA,Los Angeles,6037
25-0005943,CA,Los Angeles,6037
25-0005944,CA,Orange,6059
25-0005945,CA,Los Angeles,6037
25-0005946,CA,Kern,6029
25-0005947,CA,Los Angeles,6037
25-0005948,CA,Orange,6059
25-0005949,CA,Los Angeles,6037
25-0005950,CA,Los Angeles,6037
25-0005951,CA,Los Angeles,6037
25-0005952,CA,Los Angeles,6037
25-0005953,CA,San Bernardino,6071
25-0005954,CA,San Bernardino,6071
25-0005955,CA,Los Angeles,6037
25-0005956,CA,San Bernardino,6071
25-0005957,CA,Orange,6059
25-0005958,CA,Los Angeles,6037
25-0005959,CA,San Diego,6073
25-0005960,CA,Los Angeles,6037
25-0005961,CA,Los Angeles,6037
25-0005962,CA,Los Angeles,6037
25-0005963,CA,Sacramento,6067
25-0005964,CA,Los Angeles,6037
25-0005965,CA,Stanislaus,6099
25-0005966,CA,Sacramento,6067
25-0005967,CA,San Bernardino,6071
25-0005968,CA,Los Angeles,6037
25-0005969,CA,Los Angeles,6037
25-0005970,CA,Los Angeles,6037
25-0005971,CA,Los Angeles,6037
25-0005972,CA,Los Angeles,6037
25-0005973,CA,Sacramento,6067
25-0005974,CA,Los Angeles,6037
25-0005975,CA,Riverside,6065
25-0005976,CA,Orange,6059
25-0005977,CA,San Diego,6073
25-0005978,CA,Riverside,6065
25-0005979,CA,Shasta,6089
25-0005980,CA,Los Angeles,6037
25-0005981,CA,Los Angeles,6037
25-0005982,CA,Contra Costa,6013
25-0005983,CA,San Bernardino,6071
25-0005984,CA,Stanislaus,6099
25-0005985,CA,Los Angeles,6037
25-0005986,CA,Los Angeles,6037
25-0005987,CA,Orange,6059
25-0005988,CA,Orange,6059
25-0005989,CA,Los Angeles,6037
25-0005990,CA,Alameda,6001
25-0005991,CA,San Bernardino,6071
25-0005992,CA,Los Angeles,6037
25-0005993,CA,Los Angeles,6037
25-0005994,CA,Los Angeles,6037
25-0005995,CA,San Bernardino,6071
25-0005996,CA,Kern,6029
25-0005997,CA,Los Angeles,6037
25-0005998,CA,Los Angeles,6037
25-0005999,CA,Los Angeles,6037
25-0006000,CA,Los Angeles,6037
25-0006001,CA,Riverside,6065
25-0006002,CA,Los Angeles,6037
25-0006003,CA,Los Angeles,6037
25-0006004,CA,Riverside,6065
25-0006005,CA,Los Angeles,6037
25-0006006,CA,Los Angeles,6037
25-0006007,CA,Monterey,6053
25-0006008,CA,Santa Clara,6085
25-0006009,CA,Los Angeles,6037
25-0006010,CA,Alameda,6001
25-0006011,CA,Los Angeles,6037
25-0006012,CA,Los Angeles,6037
25-0006013,CA,Orange,6059
25-0006014,CA,Orange,6059
25-0006015,CA,Los Angeles,6037
25-0006016,CA,Merced,6047
25-0006017,CA,Merced,6047
25-0006018,CA,Los Angeles,6037
25-0006019,CA,Orange,6059
25-0006020,CA,Humboldt,6023
25-0006021,CA,Los Angeles,6037
25-0006022,CA,San Bernardino,6071
25-0006023,CA,San Diego,6073
25-0006024,CA,San Joaquin,6077
25-0006025,CA,Los Angeles,6037
25-0006026,CA,Los Angeles,6037
25-0006027,CA,Riverside,6065
25-0006028,CA,Sacramento,6067
25-0006029,CA,Los Angeles,6037
25-0006030,CA,Los Angeles,6037
25-0006031,CA,Santa Clara,6085
25-0006032,CA,Los Angeles,6037
25-0006033,CA,Los Angeles,6037
25-0006034,CA,Shasta,6089
25-0006035,CA,Los Angeles,6037
25-0006036,CA,Los Angeles,6037
25-0006037,CA,Los Angeles,6037
25-0006038,CA,Orange,6059
25-0006039,CA,Sacramento,6067
25-0006040,CA,Sacramento,6067
25-0006041,CA,Orange,6059
25-0006042,CA,Riverside,6065
25-0006043,CA,Los Angeles,6037
25-0006044,CA,Santa Clara,6085
25-0006045,CA,Riverside,6065
25-0006046,CA,Santa Clara,6085
25-0006047,CA,Santa Clara,6085
25-0006048,CA,Los Angeles,6037
25-0006049,CA,Los Angeles,6037
25-0006050,CA,Lassen,6035
25-0006051,CA,San Diego,6073
25-0006052,CA,Orange,6059
25-0006053,CA,Riverside,6065
25-0006054,CA,Los Angeles,6037
25-0006055,CA,San Bernardino,6071
25-0006056,CA,Riverside,6065
25-0006057,CA,San Joaquin,6077
25-0006058,CA,Los Angeles,6037
25-0006059,CA,Riverside,6065
25-0006060,CA,Los Angeles,6037
25-0006061,CA,Solano,6095
25-0006062,CA,Madera,6039
25-0006063,CA,Kern,6029
25-0006064,CA,Los Angeles,6037
25-0006065,CA,San Bernardino,6071
25-0006066,CA,Los Angeles,6037
25-0006067,CA,Los Angeles,6037
25-0006068,CA,San Bernardino,6071
25-0006069,CA,San Diego,6073
25-0006070,CA,Los Angeles,6037
25-0006071,CA,San Joaquin,6077
25-0006072,CA,Los Angeles,6037
25-0006073,CA,Los Angeles,6037
25-0006074,CA,Shasta,6089
25-0006075,CA,Sacramento,6067
25-0006076,CA,Los Angeles,6037
25-0006077,CA,Kern,6029
25-0006078,CA,Los Angeles,6037
25-0006079,CA,Butte,6007
25-0006080,CA,San Joaquin,6077
25-0006081,CA,Los Angeles,6037
25-0006082,CA,Los Angeles,6037
25-0006083,CA,Santa Clara,6085
25-0006084,CA,Los Angeles,6037
25-0006085,CA,Los Angeles,6037
25-0006086,CA,Monterey,6053
25-0006087,CA,Los Angeles,6037
25-0006088,CA,Los Angeles,6037
25-0006089,CA,San Diego,6073
25-0006090,CA,Los Angeles,6037
25-0006091,CA,Santa Barbara,6083
25-0006092,CA,Los Angeles,6037
25-0006093,CA,Los Angeles,6037
25-0006094,CA,San Diego,6073
25-0006095,CA,Los Angeles,6037
25-0006096,CA,Riverside,6065
25-0006097,CA,San Bernardino,6071
25-0006098,CA,Los Angeles,6037
25-0006099,CA,Los Angeles,6037
25-0006100,CA,Kern,6029
25-0006101,CA,San Mateo,6081
25-0006102,CA,Colusa,6011
25-0006103,CA,Orange,6059
25-0006104,CA,San Bernardino,6071
25-0006105,CA,Orange,6059
25-0006106,CA,Butte,6007
25-0006107,CA,Los Angeles,6037
25-0006108,CA,Alameda,6001
25-0006109,CA,Orange,6059
25-0006110,CA,Imperial,6025
25-0006111,CA,Los Angeles,6037
25-0006112,CA,San Francisco,6075
25-0006113,CA,Sacramento,6067
25-0006114,CA,Los Angeles,6037
25-0006115,CA,Ventura,6111
25-0006116,CA,San Diego,6073
25-0006117,CA,Los Angeles,6037
25-0006118,CA,Santa Barbara,6083
25-0006119,CA,Madera,6039
25-0006120,CA,Alameda,6001
25-0006121,CA,San Joaquin,6077
25-0006122,CA,Yolo,6113
25-0006123,CA,Sacramento,6067
25-0006124,CA,Los Angeles,6037
25-0006125,CA,Los Angeles,6037
25-0006126,CA,Los Angeles,6037
25-0006127,CA,San Mateo,6081
25-0006128,CA,Los Angeles,6037
25-0006129,CA,San Bernardino,6071
25-0006130,CA,Fresno,6019
25-0006131,CA,San Bernardino,6071
25-0006132,CA,Fresno,6019
25-0006133,CA,Los Angeles,6037
25-0006134,CA,Los Angeles,6037
25-0006135,CA,Los Angeles,6037
25-0006136,CA,San Bernardino,6071
25-0006137,CA,Alameda,6001
25-0006138,CA,Riverside,6065
25-0006139,CA,Los Angeles,6037
25-0006140,CA,San Bernardino,6071
25-0006141,CA,Alameda,6001
25-0006142,CA,Los Angeles,6037
25-0006143,CA,Los Angeles,6037
25-0006144,CA,Los Angeles,6037
25-0006145,CA,Orange,6059
25-0006146,CA,Los Angeles,6037
25-0006147,CA,Los Angeles,6037
25-0006148,CA,Riverside,6065
25-0006149,CA,Santa Barbara,6083
25-0006150,CA,San Francisco,6075
25-0006151,CA,Fresno,6019
25-0006152,CA,Los Angeles,6037
25-0006153,CA,San Bernardino,6071
25-0006154,CA,Fresno,6019
25-0006155,CA,Los Angeles,6037
25-0006156,CA,Riverside,6065
25-0006157,CA,San Bernardino,6071
25-0006158,CA,Orange,6059
25-0006159,CA,Santa Barbara,6083
25-0006160,CA,Kern,6029
25-0006161,CA,Riverside,6065
25-0006162,CA,Los Angeles,6037
25-0006163,CA,Los Angeles,6037
25-0006164,CA,Ventura,6111
25-0006165,CA,Alameda,6001
25-0006166,CA,Los Angeles,6037
25-0006167,CA,Los Angeles,6037
25-0006168,CA,Orange,6059
25-0006169,CA,Los Angeles,6037
25-0006170,CA,Riverside,6065
25-0006171,CA,Santa Clara,6085
25-0006172,CA,Los Angeles,6037
25-0006173,CA,San Diego,6073
25-0006174,CA,San Bernardino,6071
25-0006175,CA,Stanislaus,6099
25-0006176,CA,Kern,6029
25-0006177,CA,San Diego,6073
25-0006178,CA,San Bernardino,6071
25-0006179,CA,Los Angeles,6037
25-0006180,CA,Los Angeles,6037
25-0006181,CA,San Bernardino,6071
25-0006182,CA,Los Angeles,6037
25-0006183,CA,Imperial,6025
25-0006184,CA,Los Angeles,6037
25-0006185,CA,Los Angeles,6037
25-0006186,CA,Solano,6095
25-0006187,CA,Los Angeles,6037
25-0006188,CA,Los Angeles,6037
25-0006189,CA,Los Angeles,6037
25-0006190,CA,Orange,6059
25-0006191,CA,San Bernardino,6071
25-0006192,CA,San Bernardino,6071
25-0006193,CA,Riverside,6065
25-0006194,CA,Kern,6029
25-0006195,CA,Los Angeles,6037
25-0006196,CA,San Diego,6073
25-0006197,CA,Los Angeles,6037
25-0006198,CA,Los Angeles,6037
25-0006199,CA,Los Angeles,6037
25-0006200,CA,Kern,6029
25-0006201,CA,Fresno,6019
25-0006202,CA,Tulare,6107
25-0006203,CA,Los Angeles,6037
25-0006204,CA,Los Angeles,6037
25-0006205,CA,Fresno,6019
25-0006206,CA,Los Angeles,6037
25-0006207,CA,Los Angeles,6037
25-0006208,CA,Sacramento,6067
25-0006209,CA,Riverside,6065
25-0006210,CA,San Bernardino,6071
25-0006211,CA,Los Angeles,6037
25-0006212,CA,Los Angeles,6037
25-0006213,CA,Shasta,6089
25-0006214,CA,Los Angeles,6037
25-0006215,CA,Orange,6059
25-0006216,CA,Placer,6061
25-0006217,CA,San Luis Obispo,6079
25-0006218,CA,San Joaquin,6077
25-0006219,CA,Orange,6059
25-0006220,CA,Colusa,6011
25-0006221,CA,Los Angeles,6037
25-0006222,CA,Orange,6059
25-0006223,CA,San Bernardino,6071
25-0006224,CA,Los Angeles,6037
25-0006225,CA,Los Angeles,6037
25-0006226,CA,Los Angeles,6037
25-0006227,CA,San Mateo,6081
25-0006228,CA,Los Angeles,6037
25-0006229,CA,Los Angeles,6037
25-0006230,CA,Fresno,6019
25-0006231,CA,Santa Clara,6085
25-0006232,CA,Santa Barbara,6083
25-0006233,CA,Kings,6031
25-0006234,CA,San Bernardino,6071
25-0006235,CA,Orange,6059
25-0006236,CA,Los Angeles,6037
25-0006237,CA,Los Angeles,6037
25-0006238,CA,Orange,6059
25-0006239,CA,Los Angeles,6037
25-0006240,CA,Santa Barbara,6083
25-0006241,CA,Sacramento,6067
25-0006242,CA,Ventura,6111
25-0006243,CA,Madera,6039
25-0006244,CA,Kern,6029
25-0006245,CA,San Bernardino,6071
25-0006246,CA,Los Angeles,6037
25-0006247,CA,Los Angeles,6037
25-0006248,CA,Los Angeles,6037
25-0006249,CA,Kern,6029
25-0006250,CA,San Bernardino,6071
25-0006251,CA,San Bernardino,6071
25-0006252,CA,Los Angeles,6037
25-0006253,CA,Solano,6095
25-0006254,CA,Los Angeles,6037
25-0006255,CA,Los Angeles,6037
25-0006256,CA,Fresno,6019
25-0006257,CA,Los Angeles,6037
25-0006258,CA,Los Angeles,6037
25-0006259,CA,Merced,6047
25-0006260,CA,Orange,6059
25-0006261,CA,San Bernardino,6071
25-0006262,CA,Kern,6029
25-0006263,CA,Los Angeles,6037
25-0006264,CA,Los Angeles,6037
25-0006265,CA,Kings,6031
25-0006266,CA,Riverside,6065
25-0006267,CA,Imperial,6025
25-0006268,CA,Sutter,6101
25-0006269,CA,Contra Costa,6013
25-0006270,CA,Solano,6095
25-0006271,CA,San Bernardino,6071
25-0006272,CA,Los Angeles,6037
25-0006273,CA,Fresno,6019
25-0006274,CA,Nevada,6057
25-0006275,CA,Placer,6061
25-0006276,CA,San Diego,6073
25-0006277,CA,Humboldt,6023
25-0006278,CA,Los Angeles,6037
25-0006279,CA,Alameda,6001
25-0006280,CA,Los Angeles,6037
25-0006281,CA,Fresno,6019
25-0006282,CA,Sonoma,6097
25-0006283,CA,Yolo,6113
25-0006284,CA,San Diego,6073
25-0006285,CA,Orange,6059
25-0006286,CA,Kern,6029
25-0006287,CA,Orange,6059
25-0006288,CA,Los Angeles,6037
25-0006289,CA,Orange,6059
25-0006290,CA,Orange,6059
25-0006291,CA,Los Angeles,6037
25-0006292,CA,Los Angeles,6037
25-0006293,CA,Riverside,6065
25-0006294,CA,San Bernardino,6071
25-0006295,CA,Fresno,6019
25-0006296,CA,Sacramento,6067
25-0006297,CA,Orange,6059
25-0006298,CA,Los Angeles,6037
25-0006299,CA,Marin,6041
25-0006300,CA,San Francisco,6075
25-0006301,CA,Alameda,6001
25-0006302,CA,Placer,6061
25-0006303,CA,Los Angeles,6037
25-0006304,CA,Los Angeles,6037
25-0006305,CA,Los Angeles,6037
25-0006306,CA,Sacramento,6067
25-0006307,CA,Merced,6047
25-0006308,CA,Los Angeles,6037
25-0006309,CA,Kern,6029
25-0006310,CA,Los Angeles,6037
25-0006311,CA,Los Angeles,6037
25-0006312,CA,Sutter,6101
25-0006313,CA,Calaveras,6009
25-0006314,CA,Sacramento,6067
25-0006315,CA,Orange,6059
25-0006316,CA,Santa Clara,6085
25-0006317,CA,Orange,6059
25-0006318,CA,Los Angeles,6037
25-0006319,CA,Riverside,6065
25-0006320,CA,Los Angeles,6037
25-0006321,CA,Los Angeles,6037
25-0006322,CA,Kern,6029
25-0006323,CA,Riverside,6065
25-0006324,CA,Alameda,6001
25-0006325,CA,Los Angeles,6037
25-0006326,CA,Napa,6055
25-0006327,CA,Los Angeles,6037
25-0006328,CA,Los Angeles,6037
25-0006329,CA,Los Angeles,6037
25-0006330,CA,Los Angeles,6037
25-0006331,CA,Los Angeles,6037
25-0006332,CA,San Bernardino,6071
25-0006333,CA,Solano,6095
25-0006334,CA,Riverside,6065
25-0006335,CA,Stanislaus,6099
25-0006336,CA,Humboldt,6023
25-0006337,CA,Los Angeles,6037
25-0006338,CA,Butte,6007
25-0006339,CA,Orange,6059
25-0006340,CA,Los Angeles,6037
25-0006341,CA,Los Angeles,6037
25-0006342,CA,San Bernardino,6071
25-0006343,CA,San Diego,6073
25-0006344,CA,San Diego,6073
25-0006345,CA,Riverside,6065
25-0006346,CA,Los Angeles,6037
25-0006347,CA,Orange,6059
25-0006348,CA,Los Angeles,6037
25-0006349,CA,Los Angeles,6037
25-0006350,CA,Stanislaus,6099
25-0006351,CA,Orange,6059
25-0006352,CA,Santa Clara,6085
25-0006353,CA,Los Angeles,6037
25-0006354,CA,Los Angeles,6037
25-0006355,CA,Shasta,6089
25-0006356,CA,Orange,6059
25-0006357,CA,Santa Clara,6085
25-0006358,CA,Los Angeles,6037
25-0006359,CA,San Diego,6073
25-0006360,CA,Orange,6059
25-0006361,CA,Fresno,6019
25-0006362,CA,Orange,6059
25-0006363,CA,Orange,6059
25-0006364,CA,Riverside,6065
25-0006365,CA,Yolo,6113
25-0006366,CA,Los Angeles,6037
25-0006367,CA,Los Angeles,6037
25-0006368,CA,Riverside,6065
25-0006369,CA,Los Angeles,6037
25-0006370,CA,Los Angeles,6037
25-0006371,CA,Sutter,6101
25-0006372,CA,Los Angeles,6037
25-0006373,CA,Los Angeles,6037
25-0006374,CA,Stanislaus,6099
25-0006375,CA,Orange,6059
25-0006376,CA,Riverside,6065
25-0006377,CA,Los Angeles,6037
25-0006378,CA,San Mateo,6081
25-0006379,CA,Los Angeles,6037
25-0006380,CA,Los Angeles,6037
25-0006381,CA,Riverside,6065
25-0006382,CA,Orange,6059
25-0006383,CA,Los Angeles,6037
25-0006384,CA,San Joaquin,6077
25-0006385,CA,Los Angeles,6037
25-0006386,CA,San Bernardino,6071
25-0006387,CA,San Bernardino,6071
25-0006388,CA,San Bernardino,6071
25-0006389,CA,Riverside,6065
25-0006390,CA,Los Angeles,6037
25-0006391,CA,Fresno,6019
25-0006392,CA,San Bernardino,6071
25-0006393,CA,Los Angeles,6037
25-0006394,CA,Merced,6047
25-0006395,CA,Monterey,6053
25-0006396,CA,Sacramento,6067
25-0006397,CA,Orange,6059
25-0006398,CA,Los Angeles,6037
25-0006399,CA,Orange,6059
25-0006400,CA,Sacramento,6067
25-0006401,CA,San Joaquin,6077
25-0006402,CA,San Bernardino,6071
25-0006403,CA,Orange,6059
25-0006404,CA,Los Angeles,6037
25-0006405,CA,Sacramento,6067
25-0006406,CA,San Bernardino,6071
25-0006407,CA,Orange,6059
25-0006408,CA,Los Angeles,6037
25-0006409,CA,Los Angeles,6037
25-0006410,CA,Los Angeles,6037
25-0006411,CA,San Diego,6073
25-0006412,CA,Riverside,6065
25-0006413,CA,Los Angeles,6037
25-0006414,CA,Contra Costa,6013
25-0006415,CA,Orange,6059
25-0006416,CA,Orange,6059
25-0006417,CA,Los Angeles,6037
25-0006418,CA,Los Angeles,6037
25-0006419,CA,Los Angeles,6037
25-0006420,CA,Orange,6059
25-0006421,CA,Butte,6007
25-0006422,CA,Los Angeles,6037
25-0006423,CA,Fresno,6019
25-0006424,CA,San Bernardino,6071
25-0006425,CA,San Joaquin,6077
25-0006426,CA,San Francisco,6075
25-0006427,CA,Los Angeles,6037
25-0006428,CA,Ventura,6111
25-0006429,CA,San Francisco,6075
25-0006430,CA,Los Angeles,6037
25-0006431,CA,Orange,6059
25-0006432,CA,Alameda,6001
25-0006433,CA,Los Angeles,6037
25-0006434,CA,Orange,6059
25-0006435,CA,Los Angeles,6037
25-0006436,CA,Los Angeles,6037
25-0006437,CA,Riverside,6065
25-0006438,CA,Fresno,6019
25-0006439,CA,Riverside,6065
25-0006440,CA,Siskiyou,6093
25-0006441,CA,Alameda,6001
25-0006442,CA,Los Angeles,6037
25-0006443,CA,San Bernardino,6071
25-0006444,CA,Merced,6047
25-0006445,CA,Los Angeles,6037
25-0006446,CA,Los Angeles,6037
25-0006447,CA,Sacramento,6067
25-0006448,CA,Riverside,6065
25-0006449,CA,Sacramento,6067
25-0006450,CA,Los Angeles,6037
25-0006451,CA,Los Angeles,6037
25-0006452,CA,Los Angeles,6037
25-0006453,CA,Los Angeles,6037
25-0006454,CA,Stanislaus,6099
25-0006455,CA,San Joaquin,6077
25-0006456,CA,Los Angeles,6037
25-0006457,CA,San Bernardino,6071
25-0006458,CA,Los Angeles,6037
25-0006459,CA,Orange,6059
25-0006460,CA,Los Angeles,6037
25-0006461,CA,Los Angeles,6037
25-0006462,CA,Los Angeles,6037
25-0006463,CA,Orange,6059
25-0006464,CA,Los Angeles,6037
25-0006465,CA,Los Angeles,6037
25-0006466,CA,Orange,6059
25-0006467,CA,Los Angeles,6037
25-0006468,CA,San Bernardino,6071
25-0006469,CA,Los Angeles,6037
25-0006470,CA,Santa Barbara,6083
25-0006471,CA,Los Angeles,6037
25-0006472,CA,Los Angeles,6037
25-0006473,CA,Orange,6059
25-0006474,CA,Los Angeles,6037
25-0006475,CA,Los Angeles,6037
25-0006476,CA,San Bernardino,6071
25-0006477,CA,Tuolumne,6109
25-0006478,CA,Santa Barbara,6083
25-0006479,CA,San Joaquin,6077
25-0006480,CA,Los Angeles,6037
25-0006481,CA,Los Angeles,6037
25-0006482,CA,Stanislaus,6099
25-0006483,CA,Riverside,6065
25-0006484,CA,San Bernardino,6071
25-0006485,CA,Los Angeles,6037
25-0006486,CA,Riverside,6065
25-0006487,CA,Los Angeles,6037
25-0006488,CA,Riverside,6065
25-0006489,CA,Alameda,6001
25-0006490,CA,Humboldt,6023
25-0006491,CA,San Bernardino,6071
25-0006492,CA,Los Angeles,6037
25-0006493,CA,Orange,6059
25-0006494,CA,San Bernardino,6071
25-0006495,CA,Yolo,6113
25-0006496,CA,Kern,6029
25-0006497,CA,San Joaquin,6077
25-0006498,CA,Orange,6059
25-0006499,CA,Los Angeles,6037
25-0006500,CA,Stanislaus,6099
25-0006501,CA,Riverside,6065
25-0006502,CA,Orange,6059
25-0006503,CA,San Luis Obispo,6079
25-0006504,CA,Los Angeles,6037
25-0006505,CA,Los Angeles,6037
25-0006506,CA,Los Angeles,6037
25-0006507,CA,Los Angeles,6037
25-0006508,CA,Riverside,6065
25-0006509,CA,Los Angeles,6037
25-0006510,CA,Los Angeles,6037
25-0006511,CA,Los Angeles,6037
25-0006512,CA,Los Angeles,6037
25-0006513,CA,San Bernardino,6071
25-0006514,CA,Fresno,6019
25-0006515,CA,Los Angeles,6037
25-0006516,CA,Stanislaus,6099
25-0006517,CA,Los Angeles,6037
25-0006518,CA,Madera,6039
25-0006519,CA,Los Angeles,6037
25-0006520,CA,Los Angeles,6037
25-0006521,CA,Los Angeles,6037
25-0006522,CA,San Bernardino,6071
25-0006523,CA,Los Angeles,6037
25-0006524,CA,Kern,6029
25-0006525,CA,Los Angeles,6037
25-0006526,CA,Fresno,6019
25-0006527,CA,Kings,6031
25-0006528,CA,Los Angeles,6037
25-0006529,CA,San Bernardino,6071
25-0006530,CA,Los Angeles,6037
25-0006531,CA,Los Angeles,6037
25-0006532,CA,Sacramento,6067
25-0006533,CA,Los Angeles,6037
25-0006534,CA,San Bernardino,6071
25-0006535,CA,Orange,6059
25-0006536,CA,Orange,6059
25-0006537,CA,Los Angeles,6037
25-0006538,CA,Calaveras,6009
25-0006539,CA,Ventura,6111
25-0006540,CA,Fresno,6019
25-0006541,CA,Los Angeles,6037
25-0006542,CA,Los Angeles,6037
25-0006543,CA,San Bernardino,6071
25-0006544,CA,Los Angeles,6037
25-0006545,CA,Orange,6059
25-0006546,CA,Los Angeles,6037
25-0006547,CA,Orange,6059
25-0006548,CA,San Bernardino,6071
25-0006549,CA,Fresno,6019
25-0006550,CA,San Joaquin,6077
25-0006551,CA,Fresno,6019
25-0006552,CA,Riverside,6065
25-0006553,CA,Los Angeles,6037
25-0006554,CA,San Bernardino,6071
25-0006555,CA,Los Angeles,6037
25-0006556,CA,San Joaquin,6077
25-0006557,CA,Los Angeles,6037
25-0006558,CA,Sacramento,6067
25-0006559,CA,San Bernardino,6071
25-0006560,CA,Orange,6059
25-0006561,CA,Los Angeles,6037
25-0006562,CA,San Bernardino,6071
25-0006563,CA,Solano,6095
25-0006564,CA,Los Angeles,6037
25-0006565,CA,Los Angeles,6037
25-0006566,CA,Los Angeles,6037
25-0006567,CA,Los Angeles,6037
25-0006568,CA,San Bernardino,6071
25-0006569,CA,Los Angeles,6037
25-0006570,CA,Los Angeles,6037
25-0006571,CA,Orange,6059
25-0006572,CA,San Diego,6073
25-0006573,CA,San Diego,6073
25-0006574,CA,Los Angeles,6037
25-0006575,CA,Imperial,6025
25-0006576,CA,Kern,6029
25-0006577,CA,Los Angeles,6037
25-0006578,CA,San Bernardino,6071
25-0006579,CA,Solano,6095
25-0006580,CA,Los Angeles,6037
25-0006581,CA,Stanislaus,6099
25-0006582,CA,Los Angeles,6037
25-0006583,CA,Sacramento,6067
25-0006584,CA,Butte,6007
25-0006585,CA,Riverside,6065
25-0006586,CA,San Mateo,6081
25-0006587,CA,Ventura,6111
25-0006588,CA,Santa Barbara,6083
25-0006589,CA,Los Angeles,6037
25-0006590,CA,Solano,6095
25-0006591,CA,Alameda,6001
25-0006592,CA,Los Angeles,6037
25-0006593,CA,Tulare,6107
25-0006594,CA,San Bernardino,6071
25-0006595,CA,Los Angeles,6037
25-0006596,CA,Sacramento,6067
25-0006597,CA,Los Angeles,6037
25-0006598,CA,Tulare,6107
25-0006599,CA,San Diego,6073
25-0006600,CA,Riverside,6065
25-0006601,CA,Santa Barbara,6083
25-0006602,CA,Merced,6047
25-0006603,CA,Tehama,6103
25-0006604,CA,Santa Clara,6085
25-0006605,CA,San Bernardino,6071
25-0006606,CA,Sacramento,6067
25-0006607,CA,Los Angeles,6037
25-0006608,CA,San Bernardino,6071
25-0006609,CA,Orange,6059
25-0006610,CA,Los Angeles,6037
25-0006611,CA,Orange,6059
25-0006612,CA,San Bernardino,6071
25-0006613,CA,San Luis Obispo,6079
25-0006614,CA,Los Angeles,6037
25-0006615,CA,Alameda,6001
25-0006616,CA,Los Angeles,6037
25-0006617,CA,Santa Clara,6085
25-0006618,CA,Monterey,6053
25-0006619,CA,Los Angeles,6037
25-0006620,CA,Riverside,6065
25-0006621,CA,Los Angeles,6037
25-0006622,CA,San Bernardino,6071
25-0006623,CA,Los Angeles,6037
25-0006624,CA,Orange,6059
25-0006625,CA,Los Angeles,6037
25-0006626,CA,San Bernardino,6071
25-0006627,CA,Sacramento,6067
25-0006628,CA,Orange,6059
25-0006629,CA,Los Angeles,6037
25-0006630,CA,Riverside,6065
25-0006631,CA,Los Angeles,6037
25-0006632,CA,Tulare,6107
25-0006633,CA,Ventura,6111
25-0006634,CA,Kern,6029
25-0006635,CA,Riverside,6065
25-0006636,CA,Los Angeles,6037
25-0006637,CA,Los Angeles,6037
25-0006638,CA,Glenn,6021
25-0006639,CA,Los Angeles,6037
25-0006640,CA,Riverside,6065
25-0006641,CA,San Bernardino,6071
25-0006642,CA,Los Angeles,6037
25-0006643,CA,Los Angeles,6037
25-0006644,CA,Alameda,6001
25-0006645,CA,San Bernardino,6071
25-0006646,CA,Los Angeles,6037
25-0006647,CA,Orange,6059
25-0006648,CA,Merced,6047
25-0006649,CA,Los Angeles,6037
25-0006650,CA,Orange,6059
25-0006651,CA,San Bernardino,6071
25-0006652,CA,San Diego,6073
25-0006653,CA,San Diego,6073
25-0006654,CA,Los Angeles,6037
25-0006655,CA,San Bernardino,6071
25-0006656,CA,San Bernardino,6071
25-0006657,CA,Los Angeles,6037
25-0006658,CA,Los Angeles,6037
25-0006659,CA,Sacramento,6067
25-0006660,CA,San Bernardino,6071
25-0006661,CA,Riverside,6065
25-0006662,CA,Alameda,6001
25-0006663,CA,Orange,6059
25-0006664,CA,Los Angeles,6037
25-0006665,CA,Los Angeles,6037
25-0006666,CA,Lassen,6035
25-0006667,CA,Los Angeles,6037
25-0006668,CA,Los Angeles,6037
25-0006669,CA,Los Angeles,6037
25-0006670,CA,San Francisco,6075
25-0006671,CA,Fresno,6019
25-0006672,CA,Sutter,6101
25-0006673,CA,Imperial,6025
25-0006674,CA,Yuba,6115
25-0006675,CA,Riverside,6065
25-0006676,CA,Contra Costa,6013
25-0006677,CA,Orange,6059
25-0006678,CA,Los Angeles,6037
25-0006679,CA,Los Angeles,6037
25-0006680,CA,Kern,6029
25-0006681,CA,Ventura,6111
25-0006682,CA,Kern,6029
25-0006683,CA,Los Angeles,6037
25-0006684,CA,Los Angeles,6037
25-0006685,CA,Los Angeles,6037
25-0006686,CA,Stanislaus,6099
25-0006687,CA,Orange,6059
25-0006688,CA,Humboldt,6023
25-0006689,CA,Orange,6059
25-0006690,CA,Orange,6059
25-0006691,CA,Merced,6047
25-0006692,CA,San Luis Obispo,6079
25-0006693,CA,Los Angeles,6037
25-0006694,CA,Orange,6059
25-0006695,CA,Riverside,6065
25-0006696,CA,San Diego,6073
25-0006697,CA,Orange,6059
25-0006698,CA,Kern,6029
25-0006699,CA,Santa Cruz,6087
25-0006700,CA,Stanislaus,6099
25-0006701,CA,San Diego,6073
25-0006702,CA,Los Angeles,6037
25-0006703,CA,Riverside,6065
25-0006704,CA,Stanislaus,6099
25-0006705,CA,Los Angeles,6037
25-0006706,CA,Sacramento,6067
25-0006707,CA,Orange,6059
25-0006708,CA,Los Angeles,6037
25-0006709,CA,Sacramento,6067
25-0006710,CA,Los Angeles,6037
25-0006711,CA,San Bernardino,6071
25-0006712,CA,Siskiyou,6093
25-0006713,CA,Fresno,6019
25-0006714,CA,Riverside,6065
25-0006715,CA,Los Angeles,6037
25-0006716,CA,Butte,6007
25-0006717,CA,Los Angeles,6037
25-0006718,CA,Alameda,6001
25-0006719,CA,San Bernardino,6071
25-0006720,CA,Tulare,6107
25-0006721,CA,Merced,6047
25-0006722,CA,San Bernardino,6071
25-0006723,CA,Orange,6059
25-0006724,CA,Riverside,6065
25-0006725,CA,Stanislaus,6099
25-0006726,CA,Contra Costa,6013
25-0006727,CA,San Joaquin,6077
25-0006728,CA,Kern,6029
25-0006729,CA,Los Angeles,6037
25-0006730,CA,Nevada,6057
25-0006731,CA,Los Angeles,6037
25-0006732,CA,Sutter,6101
25-0006733,CA,Los Angeles,6037
25-0006734,CA,Sacramento,6067
25-0006735,CA,Los Angeles,6037
25-0006736,CA,Los Angeles,6037
25-0006737,CA,Fresno,6019
25-0006738,CA,San Luis Obispo,6079
25-0006739,CA,Orange,6059
25-0006740,CA,Los Angeles,6037
25-0006741,CA,Los Angeles,6037
25-0006742,CA,Los Angeles,6037
25-0006743,CA,Los Angeles,6037
25-0006744,CA,San Bernardino,6071
25-0006745,CA,Orange,6059
25-0006746,CA,Los Angeles,6037
25-0006747,CA,Fresno,6019
25-0006748,CA,Los Angeles,6037
25-0006749,CA,Yolo,6113
25-0006750,CA,Los Angeles,6037
25-0006751,CA,San Francisco,6075
25-0006752,CA,San Bernardino,6071
25-0006753,CA,San Joaquin,6077
25-0006754,CA,San Diego,6073
25-0006755,CA,San Diego,6073
25-0006756,CA,Los Angeles,6037
25-0006757,CA,San Bernardino,6071
25-0006758,CA,Ventura,6111
25-0006759,CA,Los Angeles,6037
25-0006760,CA,Santa Clara,6085
25-0006761,CA,Alameda,6001
25-0006762,CA,San Diego,6073
25-0006763,CA,Los Angeles,6037
25-0006764,CA,Merced,6047
25-0006765,CA,Napa,6055
25-0006766,CA,Orange,6059
25-0006767,CA,San Joaquin,6077
25-0006768,CA,Los Angeles,6037
25-0006769,CA,Sacramento,6067
25-0006770,CA,Los Angeles,6037
25-0006771,CA,Los Angeles,6037
25-0006772,CA,Los Angeles,6037
25-0006773,CA,Riverside,6065
25-0006774,CA,Los Angeles,6037
25-0006775,CA,Los Angeles,6037
25-0006776,CA,Los Angeles,6037
25-0006777,CA,Santa Clara,6085
25-0006778,CA,Orange,6059
25-0006779,CA,Fresno,6019
25-0006780,CA,Los Angeles,6037
25-0006781,CA,Riverside,6065
25-0006782,CA,Butte,6007
25-0006783,CA,Contra Costa,6013
25-0006784,CA,San Diego,6073
25-0006785,CA,Riverside,6065
25-0006786,CA,San Bernardino,6071
25-0006787,CA,Kern,6029
25-0006788,CA,Orange,6059
25-0006789,CA,San Diego,6073
25-0006790,CA,Napa,6055
25-0006791,CA,Los Angeles,6037
25-0006792,CA,Los Angeles,6037
25-0006793,CA,San Joaquin,6077
25-0006794,CA,Los Angeles,6037
25-0006795,CA,Kern,6029
25-0006796,CA,Kern,6029
25-0006797,CA,Santa Barbara,6083
25-0006798,CA,Orange,6059
25-0006799,CA,Sacramento,6067
25-0006800,CA,Los Angeles,6037
25-0006801,CA,Los Angeles,6037
25-0006802,CA,Orange,6059
25-0006803,CA,Los Angeles,6037
25-0006804,CA,Los Angeles,6037
25-0006805,CA,Los Angeles,6037
25-0006806,CA,Orange,6059
25-0006807,CA,Mendocino,6045
25-0006808,CA,Orange,6059
25-0006809,CA,San Joaquin,6077
25-0006810,CA,Riverside,6065
25-0006811,CA,Shasta,6089
25-0006812,CA,Santa Clara,6085
25-0006813,CA,Los Angeles,6037
25-0006814,CA,Los Angeles,6037
25-0006815,CA,Orange,6059
25-0006816,CA,Los Angeles,6037
25-0006817,CA,San Diego,6073
25-0006818,CA,Alameda,6001
25-0006819,CA,San Bernardino,6071
25-0006820,CA,Solano,6095
25-0006821,CA,Alameda,6001
25-0006822,CA,Los Angeles,6037
25-0006823,CA,San Luis Obispo,6079
25-0006824,CA,Orange,6059
25-0006825,CA,Riverside,6065
25-0006826,CA,San Diego,6073
25-0006827,CA,Orange,6059
25-0006828,CA,Los Angeles,6037
25-0006829,CA,Kings,6031
25-0006830,CA,Stanislaus,6099
25-0006831,CA,Contra Costa,6013
25-0006832,CA,San Bernardino,6071
25-0006833,CA,Alameda,6001
25-0006834,CA,Contra Costa,6013
25-0006835,CA,Los Angeles,6037
25-0006836,CA,San Bernardino,6071
25-0006837,CA,Los Angeles,6037
25-0006838,CA,Riverside,6065
25-0006839,CA,Los Angeles,6037
25-0006840,CA,Kern,6029
25-0006841,CA,Orange,6059
25-0006842,CA,Orange,6059
25-0006843,CA,El Dorado,6017
25-0006844,CA,Los Angeles,6037
25-0006845,CA,Los Angeles,6037
25-0006846,CA,Los Angeles,6037
25-0006847,CA,Riverside,6065
25-0006848,CA,Riverside,6065
25-0006849,CA,Santa Clara,6085
25-0006850,CA,Tulare,6107
25-0006851,CA,San Bernardino,6071
25-0006852,CA,Los Angeles,6037
25-0006853,CA,Los Angeles,6037
25-0006854,CA,Merced,6047
25-0006855,CA,Stanislaus,6099
25-0006856,CA,Orange,6059
25-0006857,CA,Colusa,6011
25-0006858,CA,Santa Cruz,6087
25-0006859,CA,Fresno,6019
25-0006860,CA,Los Angeles,6037
25-0006861,CA,Orange,6059
25-0006862,CA,Tulare,6107
25-0006863,CA,Los Angeles,6037
25-0006864,CA,Fresno,6019
25-0006865,CA,Orange,6059
25-0006866,CA,Kings,6031
25-0006867,CA,Riverside,6065
25-0006868,CA,Fresno,6019
25-0006869,CA,Los Angeles,6037
25-0006870,CA,Los Angeles,6037
25-0006871,CA,Sonoma,6097
25-0006872,CA,San Joaquin,6077
25-0006873,CA,San Bernardino,6071
25-0006874,CA,Los Angeles,6037
25-0006875,CA,Los Angeles,6037
25-0006876,CA,Los Angeles,6037
25-0006877,CA,Los Angeles,6037
25-0006878,CA,Stanislaus,6099
25-0006879,CA,Riverside,6065
25-0006880,CA,San Luis Obispo,6079
25-0006881,CA,Sacramento,6067
25-0006882,CA,Monterey,6053
25-0006883,CA,Riverside,6065
25-0006884,CA,Los Angeles,6037
25-0006885,CA,Santa Clara,6085
25-0006886,CA,Riverside,6065
25-0006887,CA,Los Angeles,6037
25-0006888,CA,San Bernardino,6071
25-0006889,CA,Los Angeles,6037
25-0006890,CA,Stanislaus,6099
25-0006891,CA,Orange,6059
25-0006892,CA,Los Angeles,6037
25-0006893,CA,San Bernardino,6071
25-0006894,CA,Fresno,6019
25-0006895,CA,Kern,6029
25-0006896,CA,Los Angeles,6037
25-0006897,CA,Los Angeles,6037
25-0006898,CA,Los Angeles,6037
25-0006899,CA,Tulare,6107
25-0006900,CA,Los Angeles,6037
25-0006901,CA,San Bernardino,6071
25-0006902,CA,Alameda,6001
25-0006903,CA,Los Angeles,6037
25-0006904,CA,Riverside,6065
25-0006905,CA,Los Angeles,6037
25-0006906,CA,Kern,6029
25-0006907,CA,Fresno,6019
25-0006908,CA,Los Angeles,6037
25-0006909,CA,San Diego,6073
25-0006910,CA,Orange,6059
25-0006911,CA,Merced,6047
25-0006912,CA,Santa Clara,6085
25-0006913,CA,Orange,6059
25-0006914,CA,Stanislaus,6099
25-0006915,CA,Los Angeles,6037
25-0006916,CA,Fresno,6019
25-0006917,CA,Los Angeles,6037
25-0006918,CA,San Bernardino,6071
25-0006919,CA,Contra Costa,6013
25-0006920,CA,Los Angeles,6037
25-0006921,CA,Los Angeles,6037
25-0006922,CA,Los Angeles,6037
25-0006923,CA,Placer,6061
25-0006924,CA,Alameda,6001
25-0006925,CA,Riverside,6065
25-0006926,CA,San Francisco,6075
25-0006927,CA,Los Angeles,6037
25-0006928,CA,Riverside,6065
25-0006929,CA,Los Angeles,6037
25-0006930,CA,Los Angeles,6037
25-0006931,CA,Santa Clara,6085
25-0006932,CA,Riverside,6065
25-0006933,CA,Los Angeles,6037
25-0006934,CA,Los Angeles,6037
25-0006935,CA,Los Angeles,6037
25-0006936,CA,Fresno,6019
25-0006937,CA,Yolo,6113
25-0006938,CA,San Diego,6073
25-0006939,CA,Orange,6059
25-0006940,CA,Yolo,6113
25-0006941,CA,Mendocino,6045
25-0006942,CA,Siskiyou,6093
25-0006943,CA,San Diego,6073
25-0006944,CA,Riverside,6065
25-0006945,CA,San Diego,6073
25-0006946,CA,Los Angeles,6037
25-0006947,CA,Kern,6029
25-0006948,CA,Los Angeles,6037
25-0006949,CA,Los Angeles,6037
25-0006950,CA,Contra Costa,6013
25-0006951,CA,Tulare,6107
25-0006952,CA,Los Angeles,6037
25-0006953,CA,Nevada,6057
25-0006954,CA,Los Angeles,6037
25-0006955,CA,Los Angeles,6037
25-0006956,CA,Sutter,6101
25-0006957,CA,Los Angeles,6037
25-0006958,CA,Los Angeles,6037
25-0006959,CA,Santa Clara,6085
25-0006960,CA,Alameda,6001
25-0006961,CA,Riverside,6065
25-0006962,CA,Los Angeles,6037
25-0006963,CA,Orange,6059
25-0006964,CA,Alameda,6001
25-0006965,CA,Solano,6095
25-0006966,CA,Los Angeles,6037
25-0006967,CA,Stanislaus,6099
25-0006968,CA,Los Angeles,6037
25-0006969,CA,Orange,6059
25-0006970,CA,Los Angeles,6037
25-0006971,CA,Los Angeles,6037
25-0006972,CA,Riverside,6065
25-0006973,CA,Alameda,6001
25-0006974,CA,San Bernardino,6071
25-0006975,CA,Los Angeles,6037
25-0006976,CA,Orange,6059
25-0006977,CA,San Diego,6073
25-0006978,CA,Fresno,6019
25-0006979,CA,Los Angeles,6037
25-0006980,CA,San Diego,6073
25-0006981,CA,San Mateo,6081
25-0006982,CA,Los Angeles,6037
25-0006983,CA,Fresno,6019
25-0006984,CA,Monterey,6053
25-0006985,CA,Los Angeles,6037
25-0006986,CA,San Bernardino,6071
25-0006987,CA,San Diego,6073
25-0006988,CA,Madera,6039
25-0006989,CA,Los Angeles,6037
25-0006990,CA,Orange,6059
25-0006991,CA,San Bernardino,6071
25-0006992,CA,Sacramento,6067
25-0006993,CA,Los Angeles,6037
25-0006994,CA,Orange,6059
25-0006995,CA,Los Angeles,6037
25-0006996,CA,Los Angeles,6037
25-0006997,CA,Los Angeles,6037
25-0006998,CA,Los Angeles,6037
25-0006999,CA,Tulare,6107
25-0007000,CA,Los Angeles,6037
25-0007001,CA,Alameda,6001
25-0007002,CA,San Mateo,6081
25-0007003,CA,Los Angeles,6037
25-0007004,CA,San Diego,6073
25-0007005,CA,Los Angeles,6037
25-0007006,CA,Los Angeles,6037
25-0007007,CA,Los Angeles,6037
25-0007008,CA,Riverside,6065
25-0007009,CA,Monterey,6053
25-0007010,CA,Los Angeles,6037
25-0007011,CA,Los Angeles,6037
25-0007012,CA,Los Angeles,6037
25-0007013,CA,Alameda,6001
25-0007014,CA,Los Angeles,6037
25-0007015,CA,Los Angeles,6037
25-0007016,CA,Los Angeles,6037
25-0007017,CA,Los Angeles,6037
25-0007018,CA,Trinity,6105
25-0007019,CA,Los Angeles,6037
25-0007020,CA,Los Angeles,6037
25-0007021,CA,Orange,6059
25-0007022,CA,Orange,6059
25-0007023,CA,Los Angeles,6037
25-0007024,CA,Los Angeles,6037
25-0007025,CA,Los Angeles,6037
25-0007026,CA,Los Angeles,6037
25-0007027,CA,Orange,6059
25-0007028,CA,Tulare,6107
25-0007029,CA,Los Angeles,6037
25-0007030,CA,San Diego,6073
25-0007031,CA,San Diego,6073
25-0007032,CA,Alameda,6001
25-0007033,CA,Los Angeles,6037
25-0007034,CA,Los Angeles,6037
25-0007035,CA,Los Angeles,6037
25-0007036,CA,Los Angeles,6037
25-0007037,CA,Riverside,6065
25-0007038,CA,San Bernardino,6071
25-0007039,CA,Los Angeles,6037
25-0007040,CA,Los Angeles,6037
25-0007041,CA,San Bernardino,6071
25-0007042,CA,Kern,6029
25-0007043,CA,Riverside,6065
25-0007044,CA,Los Angeles,6037
25-0007045,CA,San Bernardino,6071
25-0007046,CA,Los Angeles,6037
25-0007047,CA,Santa Clara,6085
25-0007048,CA,San Diego,6073
25-0007049,CA,Orange,6059
25-0007050,CA,Riverside,6065
25-0007051,CA,Orange,6059
25-0007052,CA,Merced,6047
25-0007053,CA,Orange,6059
25-0007054,CA,Los Angeles,6037
25-0007055,CA,Los Angeles,6037
25-0007056,CA,Los Angeles,6037
25-0007057,CA,San Bernardino,6071
25-0007058,CA,Riverside,6065
25-0007059,CA,San Bernardino,6071
25-0007060,CA,San Diego,6073
25-0007061,CA,Riverside,6065
25-0007062,CA,Shasta,6089
25-0007063,CA,Riverside,6065
25-0007064,CA,Los Angeles,6037
25-0007065,CA,Sacramento,6067
25-0007066,CA,Los Angeles,6037
25-0007067,CA,San Bernardino,6071
25-0007068,CA,Fresno,6019
25-0007069,CA,Orange,6059
25-0007070,CA,Los Angeles,6037
25-0007071,CA,Los Angeles,6037
25-0007072,CA,Riverside,6065
25-0007073,CA,Riverside,6065
25-0007074,CA,Los Angeles,6037
25-0007075,CA,Fresno,6019
25-0007076,CA,Sonoma,6097
25-0007077,CA,Los Angeles,6037
25-0007078,CA,Riverside,6065
25-0007079,CA,Santa Barbara,6083
25-0007080,CA,Lassen,6035
25-0007081,CA,San Diego,6073
25-0007082,CA,Los Angeles,6037
25-0007083,CA,San Joaquin,6077
25-0007084,CA,Los Angeles,6037
25-0007085,CA,Los Angeles,6037
25-0007086,CA,Orange,6059
25-0007087,CA,Orange,6059
25-0007088,CA,Los Angeles,6037
25-0007089,CA,Madera,6039
25-0007090,CA,Humboldt,6023
25-0007091,CA,San Benito,6069
25-0007092,CA,Fresno,6019
25-0007093,CA,Los Angeles,6037
25-0007094,CA,Riverside,6065
25-0007095,CA,San Bernardino,6071
25-0007096,CA,Kern,6029
25-0007097,CA,Los Angeles,6037
25-0007098,CA,San Mateo,6081
25-0007099,CA,Los Angeles,6037
25-0007100,CA,Riverside,6065
25-0007101,CA,Fresno,6019
25-0007102,CA,Riverside,6065
25-0007103,CA,Alameda,6001
25-0007104,CA,Los Angeles,6037
25-0007105,CA,Los Angeles,6037
25-0007106,CA,Riverside,6065
25-0007107,CA,Orange,6059
25-0007108,CA,Los Angeles,6037
25-0007109,CA,Los Angeles,6037
25-0007110,CA,San Diego,6073
25-0007111,CA,Los Angeles,6037
25-0007112,CA,Los Angeles,6037
25-0007113,CA,Los Angeles,6037
25-0007114,CA,San Diego,6073
25-0007115,CA,Los Angeles,6037
25-0007116,CA,San Bernardino,6071
25-0007117,CA,Los Angeles,6037
25-0007118,CA,Riverside,6065
25-0007119,CA,Stanislaus,6099
25-0007120,CA,Los Angeles,6037
25-0007121,CA,Los Angeles,6037
25-0007122,CA,Sacramento,6067
25-0007123,CA,San Diego,6073
25-0007124,CA,Santa Clara,6085
25-0007125,CA,Riverside,6065
25-0007126,CA,Los Angeles,6037
25-0007127,CA,Del Norte,6015
25-0007128,CA,Tulare,6107
25-0007129,CA,Los Angeles,6037
25-0007130,CA,Orange,6059
25-0007131,CA,Santa Barbara,6083
25-0007132,CA,Monterey,6053
25-0007133,CA,Los Angeles,6037
25-0007134,CA,Stanislaus,6099
25-0007135,CA,Los Angeles,6037
25-0007136,CA,Orange,6059
25-0007137,CA,Los Angeles,6037
25-0007138,CA,San Francisco,6075
25-0007139,CA,Orange,6059
25-0007140,CA,Orange,6059
25-0007141,CA,Los Angeles,6037
25-0007142,CA,Los Angeles,6037
25-0007143,CA,Stanislaus,6099
25-0007144,CA,San Luis Obispo,6079
25-0007145,CA,Los Angeles,6037
25-0007146,CA,Los Angeles,6037
25-0007147,CA,Stanislaus,6099
25-0007148,CA,Orange,6059
25-0007149,CA,Los Angeles,6037
25-0007150,CA,San Bernardino,6071
25-0007151,CA,San Francisco,6075
25-0007152,CA,Los Angeles,6037
25-0007153,CA,Orange,6059
25-0007154,CA,San Bernardino,6071
25-0007155,CA,Los Angeles,6037
25-0007156,CA,Los Angeles,6037
25-0007157,CA,Los Angeles,6037
25-0007158,CA,Los Angeles,6037
25-0007159,CA,Kern,6029
25-0007160,CA,Los Angeles,6037
25-0007161,CA,Los Angeles,6037
25-0007162,CA,Los Angeles,6037
25-0007163,CA,Los Angeles,6037
25-0007164,CA,Los Angeles,6037
25-0007165,CA,Orange,6059
25-0007166,CA,San Bernardino,6071
25-0007167,CA,San Bernardino,6071
25-0007168,CA,Contra Costa,6013
25-0007169,CA,San Luis Obispo,6079
25-0007170,CA,Orange,6059
25-0007171,CA,Los Angeles,6037
25-0007172,CA,Orange,6059
25-0007173,CA,Los Angeles,6037
25-0007174,CA,Los Angeles,6037
25-0007175,CA,Los Angeles,6037
25-0007176,CA,Fresno,6019
25-0007177,CA,Sacramento,6067
25-0007178,CA,Los Angeles,6037
25-0007179,CA,Los Angeles,6037
25-0007180,CA,Los Angeles,6037
25-0007181,CA,Orange,6059
25-0007182,CA,Santa Barbara,6083
25-0007183,CA,Orange,6059
25-0007184,CA,Monterey,6053
25-0007185,CA,Los Angeles,6037
25-0007186,CA,Placer,6061
25-0007187,CA,Los Angeles,6037
25-0007188,CA,Tulare,6107
25-0007189,CA,Mendocino,6045
25-0007190,CA,Imperial,6025
25-0007191,CA,Sacramento,6067
25-0007192,CA,Riverside,6065
25-0007193,CA,Merced,6047
25-0007194,CA,Los Angeles,6037
25-0007195,CA,San Bernardino,6071
25-0007196,CA,Los Angeles,6037
25-0007197,CA,Los Angeles,6037
25-0007198,CA,Alameda,6001
25-0007199,CA,Kern,6029
25-0007200,CA,Contra Costa,6013
25-0007201,CA,Santa Clara,6085
25-0007202,CA,Los Angeles,6037
25-0007203,CA,Los Angeles,6037
25-0007204,CA,Marin,6041
25-0007205,CA,Fresno,6019
25-0007206,CA,Los Angeles,6037
25-0007207,CA,Santa Clara,6085
25-0007208,CA,Contra Costa,6013
25-0007209,CA,Riverside,6065
25-0007210,CA,San Mateo,6081
25-0007211,CA,Orange,6059
25-0007212,CA,Santa Clara,6085
25-0007213,CA,Los Angeles,6037
25-0007214,CA,Shasta,6089
25-0007215,CA,Los Angeles,6037
25-0007216,CA,Los Angeles,6037
25-0007217,CA,Kern,6029
25-0007218,CA,Los Angeles,6037
25-0007219,CA,Los Angeles,6037
25-0007220,CA,Tulare,6107
25-0007221,CA,Riverside,6065
25-0007222,CA,Los Angeles,6037
25-0007223,CA,Santa Clara,6085
25-0007224,CA,San Bernardino,6071
25-0007225,CA,Tulare,6107
25-0007226,CA,Los Angeles,6037
25-0007227,CA,Los Angeles,6037
25-0007228,CA,Los Angeles,6037
25-0007229,CA,Los Angeles,6037
25-0007230,CA,Los Angeles,6037
25-0007231,CA,Los Angeles,6037
25-0007232,CA,San Diego,6073
25-0007233,CA,San Bernardino,6071
25-0007234,CA,Stanislaus,6099
25-0007235,CA,Los Angeles,6037
25-0007236,CA,Contra Costa,6013
25-0007237,CA,Monterey,6053
25-0007238,CA,Los Angeles,6037
25-0007239,CA,Orange,6059
25-0007240,CA,Los Angeles,6037
25-0007241,CA,Riverside,6065
25-0007242,CA,Riverside,6065
25-0007243,CA,Los Angeles,6037
25-0007244,CA,Fresno,6019
25-0007245,CA,San Joaquin,6077
25-0007246,CA,Sacramento,6067
25-0007247,CA,Lake,6033
25-0007248,CA,Santa Barbara,6083
25-0007249,CA,Los Angeles,6037
25-0007250,CA,San Bernardino,6071
25-0007251,CA,San Mateo,6081
25-0007252,CA,San Bernardino,6071
25-0007253,CA,Los Angeles,6037
25-0007254,CA,San Bernardino,6071
25-0007255,CA,San Francisco,6075
25-0007256,CA,San Bernardino,6071
25-0007257,CA,San Diego,6073
25-0007258,CA,Riverside,6065
25-0007259,CA,Los Angeles,6037
25-0007260,CA,Los Angeles,6037
25-0007261,CA,Los Angeles,6037
25-0007262,CA,Shasta,6089
25-0007263,CA,Riverside,6065
25-0007264,CA,Alameda,6001
25-0007265,CA,Santa Clara,6085
25-0007266,CA,Riverside,6065
25-0007267,CA,Los Angeles,6037
25-0007268,CA,Los Angeles,6037
25-0007269,CA,San Benito,6069
25-0007270,CA,Stanislaus,6099
25-0007271,CA,Los Angeles,6037
25-0007272,CA,Los Angeles,6037
25-0007273,CA,Yolo,6113
25-0007274,CA,Los Angeles,6037
25-0007275,CA,Los Angeles,6037
25-0007276,CA,Los Angeles,6037
25-0007277,CA,Alameda,6001
25-0007278,CA,Contra Costa,6013
25-0007279,CA,Stanislaus,6099
25-0007280,CA,Los Angeles,6037
25-0007281,CA,Santa Clara,6085
25-0007282,CA,Los Angeles,6037
25-0007283,CA,Riverside,6065
25-0007284,CA,Siskiyou,6093
25-0007285,CA,Stanislaus,6099
25-0007286,CA,Sacramento,6067
25-0007287,CA,Los Angeles,6037
25-0007288,CA,Los Angeles,6037
25-0007289,CA,San Bernardino,6071
25-0007290,CA,Los Angeles,6037
25-0007291,CA,Contra Costa,6013
25-0007292,CA,Los Angeles,6037
25-0007293,CA,Los Angeles,6037
25-0007294,CA,Los Angeles,6037
25-0007295,CA,Los Angeles,6037
25-0007296,CA,San Francisco,6075
25-0007297,CA,Los Angeles,6037
25-0007298,CA,Riverside,6065
25-0007299,CA,Los Angeles,6037
25-0007300,CA,Los Angeles,6037
25-0007301,CA,Los Angeles,6037
25-0007302,CA,Los Angeles,6037
25-0007303,CA,Los Angeles,6037
25-0007304,CA,Los Angeles,6037
25-0007305,CA,Orange,6059
25-0007306,CA,San Diego,6073
25-0007307,CA,Los Angeles,6037
25-0007308,CA,Los Angeles,6037
25-0007309,CA,San Diego,6073
25-0007310,CA,San Bernardino,6071
25-0007311,CA,Santa Cruz,6087
25-0007312,CA,Butte,6007
25-0007313,CA,San Bernardino,6071
25-0007314,CA,Riverside,6065
25-0007315,CA,Alameda,6001
25-0007316,CA,Los Angeles,6037
25-0007317,CA,Los Angeles,6037
25-0007318,CA,Los Angeles,6037
25-0007319,CA,Riverside,6065
25-0007320,CA,San Luis Obispo,6079
25-0007321,CA,Stanislaus,6099
25-0007322,CA,Los Angeles,6037
25-0007323,CA,Los Angeles,6037
25-0007324,CA,Los Angeles,6037
25-0007325,CA,Los Angeles,6037
25-0007326,CA,Riverside,6065
25-0007327,CA,San Bernardino,6071
25-0007328,CA,Riverside,6065
25-0007329,CA,Orange,6059
25-0007330,CA,Napa,6055
25-0007331,CA,Los Angeles,6037
25-0007332,CA,Orange,6059
25-0007333,CA,Tulare,6107
25-0007334,CA,Los Angeles,6037
25-0007335,CA,Orange,6059
25-0007336,CA,Riverside,6065
25-0007337,CA,Los Angeles,6037
25-0007338,CA,Riverside,6065
25-0007339,CA,Orange,6059
25-0007340,CA,Los Angeles,6037
25-0007341,CA,Monterey,6053
25-0007342,CA,Riverside,6065
25-0007343,CA,Los Angeles,6037
25-0007344,CA,Imperial,6025
25-0007345,CA,Solano,6095
25-0007346,CA,San Bernardino,6071
25-0007347,CA,Los Angeles,6037
25-0007348,CA,Riverside,6065
25-0007349,CA,Los Angeles,6037
25-0007350,CA,Los Angeles,6037
25-0007351,CA,Los Angeles,6037
25-0007352,CA,Los Angeles,6037
25-0007353,CA,Ventura,6111
25-0007354,CA,Sacramento,6067
25-0007355,CA,Fresno,6019
25-0007356,CA,Los Angeles,6037
25-0007357,CA,San Bernardino,6071
25-0007358,CA,Los Angeles,6037
25-0007359,CA,Alameda,6001
25-0007360,CA,Ventura,6111
25-0007361,CA,Orange,6059
25-0007362,CA,Kern,6029
25-0007363,CA,Los Angeles,6037
25-0007364,CA,Los Angeles,6037
25-0007365,CA,Orange,6059
25-0007366,CA,Sonoma,6097
25-0007367,CA,Tulare,6107
25-0007368,CA,San Francisco,6075
25-0007369,CA,Fresno,6019
25-0007370,CA,Los Angeles,6037
25-0007371,CA,Los Angeles,6037
25-0007372,CA,Riverside,6065
25-0007373,CA,Contra Costa,6013
25-0007374,CA,Los Angeles,6037
25-0007375,CA,Los Angeles,6037
25-0007376,CA,Kern,6029
25-0007377,CA,Los Angeles,6037
25-0007378,CA,San Mateo,6081
25-0007379,CA,Fresno,6019
25-0007380,CA,Los Angeles,6037
25-0007381,CA,Los Angeles,6037
25-0007382,CA,Los Angeles,6037
25-0007383,CA,Los Angeles,6037
25-0007384,CA,Los Angeles,6037
25-0007385,CA,San Luis Obispo,6079
25-0007386,CA,Los Angeles,6037
25-0007387,CA,Orange,6059
25-0007388,CA,Los Angeles,6037
25-0007389,CA,Los Angeles,6037
25-0007390,CA,Orange,6059
25-0007391,CA,San Bernardino,6071
25-0007392,CA,Los Angeles,6037
25-0007393,CA,Butte,6007
25-0007394,CA,Los Angeles,6037
25-0007395,CA,Los Angeles,6037
25-0007396,CA,Mendocino,6045
25-0007397,CA,Los Angeles,6037
25-0007398,CA,San Bernardino,6071
25-0007399,CA,Santa Clara,6085
25-0007400,CA,Sonoma,6097
25-0007401,CA,San Bernardino,6071
25-0007402,CA,Marin,6041
25-0007403,CA,Los Angeles,6037
25-0007404,CA,San Bernardino,6071
25-0007405,CA,Alameda,6001
25-0007406,CA,San Diego,6073
25-0007407,CA,Los Angeles,6037
25-0007408,CA,Sacramento,6067
25-0007409,CA,Los Angeles,6037
25-0007410,CA,Riverside,6065
25-0007411,CA,Fresno,6019
25-0007412,CA,Los Angeles,6037
25-0007413,CA,Orange,6059
25-0007414,CA,Los Angeles,6037
25-0007415,CA,Alameda,6001
25-0007416,CA,San Diego,6073
25-0007417,CA,Santa Clara,6085
25-0007418,CA,Los Angeles,6037
25-0007419,CA,Shasta,6089
25-0007420,CA,Riverside,6065
25-0007421,CA,Los Angeles,6037
25-0007422,CA,Riverside,6065
25-0007423,CA,Kern,6029
25-0007424,CA,San Diego,6073
25-0007425,CA,Orange,6059
25-0007426,CA,Fresno,6019
25-0007427,CA,Los Angeles,6037
25-0007428,CA,Los Angeles,6037
25-0007429,CA,Orange,6059
25-0007430,CA,Ventura,6111
25-0007431,CA,San Diego,6073
25-0007432,CA,Riverside,6065
25-0007433,CA,Los Angeles,6037
25-0007434,CA,San Bernardino,6071
25-0007435,CA,Los Angeles,6037
25-0007436,CA,Los Angeles,6037
25-0007437,CA,Los Angeles,6037
25-0007438,CA,Los Angeles,6037
25-0007439,CA,San Luis Obispo,6079
25-0007440,CA,Los Angeles,6037
25-0007441,CA,Santa Clara,6085
25-0007442,CA,Alameda,6001
25-0007443,CA,San Bernardino,6071
25-0007444,CA,San Diego,6073
25-0007445,CA,San Diego,6073
25-0007446,CA,Santa Clara,6085
25-0007447,CA,Los Angeles,6037
25-0007448,CA,Los Angeles,6037
25-0007449,CA,Orange,6059
25-0007450,CA,Orange,6059
25-0007451,CA,Los Angeles,6037
25-0007452,CA,Los Angeles,6037
25-0007453,CA,Los Angeles,6037
25-0007454,CA,Los Angeles,6037
25-0007455,CA,Los Angeles,6037
25-0007456,CA,Los Angeles,6037
25-0007457,CA,Orange,6059
25-0007458,CA,San Bernardino,6071
25-0007459,CA,Los Angeles,6037
25-0007460,CA,Los Angeles,6037
25-0007461,CA,Santa Clara,6085
25-0007462,CA,Ventura,6111
25-0007463,CA,Los Angeles,6037
25-0007464,CA,Los Angeles,6037
25-0007465,CA,Sacramento,6067
25-0007466,CA,San Diego,6073
25-0007467,CA,Los Angeles,6037
25-0007468,CA,Los Angeles,6037
25-0007469,CA,Santa Clara,6085
25-0007470,CA,Orange,6059
25-0007471,CA,Riverside,6065
25-0007472,CA,Los Angeles,6037
25-0007473,CA,Los Angeles,6037
25-0007474,CA,Amador,6005
25-0007475,CA,Los Angeles,6037
25-0007476,CA,Ventura,6111
25-0007477,CA,Riverside,6065
25-0007478,CA,San Bernardino,6071
25-0007479,CA,Los Angeles,6037
25-0007480,CA,Orange,6059
25-0007481,CA,Yolo,6113
25-0007482,CA,Los Angeles,6037
25-0007483,CA,Sacramento,6067
25-0007484,CA,Los Angeles,6037
25-0007485,CA,Fresno,6019
25-0007486,CA,Los Angeles,6037
25-0007487,CA,Los Angeles,6037
25-0007488,CA,Los Angeles,6037
25-0007489,CA,Orange,6059
25-0007490,CA,San Bernardino,6071
25-0007491,CA,Stanislaus,6099
25-0007492,CA,San Diego,6073
25-0007493,CA,Orange,6059
25-0007494,CA,Los Angeles,6037
25-0007495,CA,Los Angeles,6037
25-0007496,CA,Marin,6041
25-0007497,CA,Fresno,6019
25-0007498,CA,Humboldt,6023
25-0007499,CA,Los Angeles,6037
25-0007500,CA,San Bernardino,6071
25-0007501,CA,Los Angeles,6037
25-0007502,CA,Lake,6033
25-0007503,CA,Los Angeles,6037
25-0007504,CA,Orange,6059
25-0007505,CA,Los Angeles,6037
25-0007506,CA,San Bernardino,6071
25-0007507,CA,San Bernardino,6071
25-0007508,CA,Los Angeles,6037
25-0007509,CA,Los Angeles,6037
25-0007510,CA,Fresno,6019
25-0007511,CA,Los Angeles,6037
25-0007512,CA,Orange,6059
25-0007513,CA,Los Angeles,6037
25-0007514,CA,Los Angeles,6037
25-0007515,CA,Merced,6047
25-0007516,CA,Los Angeles,6037
25-0007517,CA,Sacramento,6067
25-0007518,CA,San Bernardino,6071
25-0007519,CA,Orange,6059
25-0007520,CA,Merced,6047
25-0007521,CA,Stanislaus,6099
25-0007522,CA,Contra Costa,6013
25-0007523,CA,Los Angeles,6037
25-0007524,CA,Placer,6061
25-0007525,CA,Los Angeles,6037
25-0007526,CA,Los Angeles,6037
25-0007527,CA,Placer,6061
25-0007528,CA,Los Angeles,6037
25-0007529,CA,Los Angeles,6037
25-0007530,CA,San Bernardino,6071
25-0007531,CA,Los Angeles,6037
25-0007532,CA,Monterey,6053
25-0007533,CA,Los Angeles,6037
25-0007534,CA,Los Angeles,6037
25-0007535,CA,San Bernardino,6071
25-0007536,CA,Los Angeles,6037
25-0007537,CA,San Diego,6073
25-0007538,CA,Orange,6059
25-0007539,CA,Orange,6059
25-0007540,CA,San Diego,6073
25-0007541,CA,Los Angeles,6037
25-0007542,CA,Los Angeles,6037
25-0007543,CA,Marin,6041
25-0007544,CA,Alameda,6001
25-0007545,CA,Los Angeles,6037
25-0007546,CA,El Dorado,6017
25-0007547,CA,Stanislaus,6099
25-0007548,CA,Tulare,6107
25-0007549,CA,Fresno,6019
25-0007550,CA,San Francisco,6075
25-0007551,CA,Orange,6059
25-0007552,CA,San Joaquin,6077
25-0007553,CA,Orange,6059
25-0007554,CA,San Luis Obispo,6079
25-0007555,CA,Orange,6059
25-0007556,CA,Riverside,6065
25-0007557,CA,Los Angeles,6037
25-0007558,CA,Los Angeles,6037
25-0007559,CA,Los Angeles,6037
25-0007560,CA,Solano,6095
25-0007561,CA,Los Angeles,6037
25-0007562,CA,Los Angeles,6037
25-0007563,CA,Fresno,6019
25-0007564,CA,Alameda,6001
25-0007565,CA,Orange,6059
25-0007566,CA,San Bernardino,6071
25-0007567,CA,Alameda,6001
25-0007568,CA,Los Angeles,6037
25-0007569,CA,San Bernardino,6071
25-0007570,CA,Riverside,6065
25-0007571,CA,Los Angeles,6037
25-0007572,CA,Humboldt,6023
25-0007573,CA,San Diego,6073
25-0007574,CA,Riverside,6065
25-0007575,CA,Los Angeles,6037
25-0007576,CA,Contra Costa,6013
25-0007577,CA,Orange,6059
25-0007578,CA,Los Angeles,6037
25-0007579,CA,San Diego,6073
25-0007580,CA,Fresno,6019
25-0007581,CA,San Bernardino,6071
25-0007582,CA,Monterey,6053
25-0007583,CA,Tulare,6107
25-0007584,CA,Los Angeles,6037
25-0007585,CA,Stanislaus,6099
25-0007586,CA,Orange,6059
25-0007587,CA,San Bernardino,6071
25-0007588,CA,San Bernardino,6071
25-0007589,CA,Los Angeles,6037
25-0007590,CA,Los Angeles,6037
25-0007591,CA,San Diego,6073
25-0007592,CA,Solano,6095
25-0007593,CA,Los Angeles,6037
25-0007594,CA,Los Angeles,6037
25-0007595,CA,Santa Clara,6085
25-0007596,CA,Los Angeles,6037
25-0007597,CA,Orange,6059
25-0007598,CA,Los Angeles,6037
25-0007599,CA,Los Angeles,6037
25-0007600,CA,Tuolumne,6109
25-0007601,CA,Mariposa,6043
25-0007602,CA,Sonoma,6097
25-0007603,CA,Orange,6059
25-0007604,CA,Los Angeles,6037
25-0007605,CA,Contra Costa,6013
25-0007606,CA,Los Angeles,6037
25-0007607,CA,Los Angeles,6037
25-0007608,CA,Riverside,6065
25-0007609,CA,Los Angeles,6037
25-0007610,CA,San Diego,6073
25-0007611,CA,Riverside,6065
25-0007612,CA,Los Angeles,6037
25-0007613,CA,Santa Cruz,6087
25-0007614,CA,Orange,6059
25-0007615,CA,Kern,6029
25-0007616,CA,Los Angeles,6037
25-0007617,CA,Los Angeles,6037
25-0007618,CA,Los Angeles,6037
25-0007619,CA,Los Angeles,6037
25-0007620,CA,Riverside,6065
25-0007621,CA,Ventura,6111
25-0007622,CA,San Joaquin,6077
25-0007623,CA,San Luis Obispo,6079
25-0007624,CA,Riverside,6065
25-0007625,CA,Riverside,6065
25-0007626,CA,Fresno,6019
25-0007627,CA,Los Angeles,6037
25-0007628,CA,Alameda,6001
25-0007629,CA,Orange,6059
25-0007630,CA,Los Angeles,6037
25-0007631,CA,Los Angeles,6037
25-0007632,CA,Madera,6039
25-0007633,CA,Los Angeles,6037
25-0007634,CA,Orange,6059
25-0007635,CA,Orange,6059
25-0007636,CA,Solano,6095
25-0007637,CA,Los Angeles,6037
25-0007638,CA,Nevada,6057
25-0007639,CA,Los Angeles,6037
25-0007640,CA,Los Angeles,6037
25-0007641,CA,Los Angeles,6037
25-0007642,CA,San Bernardino,6071
25-0007643,CA,Riverside,6065
25-0007644,CA,San Bernardino,6071
25-0007645,CA,Los Angeles,6037
25-0007646,CA,Orange,6059
25-0007647,CA,San Bernardino,6071
25-0007648,CA,Los Angeles,6037
25-0007649,CA,Los Angeles,6037
25-0007650,CA,San Bernardino,6071
25-0007651,CA,Riverside,6065
25-0007652,CA,Los Angeles,6037
25-0007653,CA,Kern,6029
25-0007654,CA,Los Angeles,6037
25-0007655,CA,Los Angeles,6037
25-0007656,CA,San Bernardino,6071
25-0007657,CA,Los Angeles,6037
25-0007658,CA,Los Angeles,6037
25-0007659,CA,Los Angeles,6037
25-0007660,CA,Riverside,6065
25-0007661,CA,Orange,6059
25-0007662,CA,Los Angeles,6037
25-0007663,CA,Los Angeles,6037
25-0007664,CA,San Diego,6073
25-0007665,CA,Orange,6059
25-0007666,CA,Los Angeles,6037
25-0007667,CA,San Diego,6073
25-0007668,CA,Los Angeles,6037
25-0007669,CA,Santa Clara,6085
25-0007670,CA,Fresno,6019
25-0007671,CA,Riverside,6065
25-0007672,CA,Riverside,6065
25-0007673,CA,Alameda,6001
25-0007674,CA,San Bernardino,6071
25-0007675,CA,Los Angeles,6037
25-0007676,CA,Los Angeles,6037
25-0007677,CA,Orange,6059
25-0007678,CA,Sacramento,6067
25-0007679,CA,Fresno,6019
25-0007680,CA,Butte,6007
25-0007681,CA,San Luis Obispo,6079
25-0007682,CA,Fresno,6019
25-0007683,CA,Sacramento,6067
25-0007684,CA,San Bernardino,6071
25-0007685,CA,San Bernardino,6071
25-0007686,CA,San Bernardino,6071
25-0007687,CA,Riverside,6065
25-0007688,CA,San Diego,6073
25-0007689,CA,Los Angeles,6037
25-0007690,CA,Mendocino,6045
25-0007691,CA,Los Angeles,6037
25-0007692,CA,Madera,6039
25-0007693,CA,Los Angeles,6037
25-0007694,CA,Fresno,6019
25-0007695,CA,Los Angeles,6037
25-0007696,CA,Los Angeles,6037
25-0007697,CA,Los Angeles,6037
25-0007698,CA,Los Angeles,6037
25-0007699,CA,Sacramento,6067
25-0007700,CA,Merced,6047
25-0007701,CA,Orange,6059
25-0007702,CA,Los Angeles,6037
25-0007703,CA,Los Angeles,6037
25-0007704,CA,Riverside,6065
25-0007705,CA,Riverside,6065
25-0007706,CA,Sacramento,6067
25-0007707,CA,Los Angeles,6037
25-0007708,CA,Nevada,6057
25-0007709,CA,San Bernardino,6071
25-0007710,CA,Los Angeles,6037
25-0007711,CA,Riverside,6065
25-0007712,CA,Los Angeles,6037
25-0007713,CA,Santa Cruz,6087
25-0007714,CA,Los Angeles,6037
25-0007715,CA,Los Angeles,6037
25-0007716,CA,Los Angeles,6037
25-0007717,CA,Riverside,6065
25-0007718,CA,Santa Cruz,6087
25-0007719,CA,Santa Clara,6085
25-0007720,CA,Los Angeles,6037
25-0007721,CA,Los Angeles,6037
25-0007722,CA,Riverside,6065
25-0007723,CA,Orange,6059
25-0007724,CA,Santa Barbara,6083
25-0007725,CA,Contra Costa,6013
25-0007726,CA,Yolo,6113
25-0007727,CA,San Joaquin,6077
25-0007728,CA,Butte,6007
25-0007729,CA,San Bernardino,6071
25-0007730,CA,Kern,6029
25-0007731,CA,Butte,6007
25-0007732,CA,San Joaquin,6077
25-0007733,CA,Butte,6007
25-0007734,CA,Los Angeles,6037
25-0007735,CA,Los Angeles,6037
25-0007736,CA,Los Angeles,6037
25-0007737,CA,Merced,6047
25-0007738,CA,Riverside,6065
25-0007739,CA,San Bernardino,6071
25-0007740,CA,Los Angeles,6037
25-0007741,CA,Los Angeles,6037
25-0007742,CA,Los Angeles,6037
25-0007743,CA,San Mateo,6081
25-0007744,CA,Orange,6059
25-0007745,CA,Los Angeles,6037
25-0007746,CA,Los Angeles,6037
25-0007747,CA,Los Angeles,6037
25-0007748,CA,Los Angeles,6037
25-0007749,CA,Los Angeles,6037
25-0007750,CA,Riverside,6065
25-0007751,CA,Alameda,6001
25-0007752,CA,Los Angeles,6037
25-0007753,CA,Riverside,6065
25-0007754,CA,Sacramento,6067
25-0007755,CA,Los Angeles,6037
25-0007756,CA,San Francisco,6075
25-0007757,CA,Los Angeles,6037
25-0007758,CA,Ventura,6111
25-0007759,CA,Orange,6059
25-0007760,CA,San Bernardino,6071
25-0007761,CA,Los Angeles,6037
25-0007762,CA,Orange,6059
25-0007763,CA,Kern,6029
25-0007764,CA,Los Angeles,6037
25-0007765,CA,Los Angeles,6037
25-0007766,CA,San Bernardino,6071
25-0007767,CA,San Diego,6073
25-0007768,CA,Los Angeles,6037
25-0007769,CA,Alameda,6001
25-0007770,CA,Los Angeles,6037
25-0007771,CA,Los Angeles,6037
25-0007772,CA,Riverside,6065
25-0007773,CA,San Bernardino,6071
25-0007774,CA,Sacramento,6067
25-0007775,CA,San Bernardino,6071
25-0007776,CA,Tulare,6107
25-0007777,CA,Los Angeles,6037
25-0007778,CA,Contra Costa,6013
25-0007779,CA,San Bernardino,6071
25-0007780,CA,Los Angeles,6037
25-0007781,CA,Contra Costa,6013
25-0007782,CA,Tulare,6107
25-0007783,CA,Orange,6059
25-0007784,CA,Kern,6029
25-0007785,CA,Madera,6039
25-0007786,CA,San Diego,6073
25-0007787,CA,Yolo,6113
25-0007788,CA,Merced,6047
25-0007789,CA,Kern,6029
25-0007790,CA,Santa Clara,6085
25-0007791,CA,Los Angeles,6037
25-0007792,CA,Los Angeles,6037
25-0007793,CA,Los Angeles,6037
25-0007794,CA,Los Angeles,6037
25-0007795,CA,Fresno,6019
25-0007796,CA,Riverside,6065
25-0007797,CA,Los Angeles,6037
25-0007798,CA,San Luis Obispo,6079
25-0007799,CA,Stanislaus,6099
25-0007800,CA,Alameda,6001
25-0007801,CA,Los Angeles,6037
25-0007802,CA,Los Angeles,6037
25-0007803,CA,Santa Barbara,6083
25-0007804,CA,Riverside,6065
25-0007805,CA,El Dorado,6017
25-0007806,CA,Kern,6029
25-0007807,CA,Los Angeles,6037
25-0007808,CA,Los Angeles,6037
25-0007809,CA,Orange,6059
25-0007810,CA,Los Angeles,6037
25-0007811,CA,Los Angeles,6037
25-0007812,CA,Marin,6041
25-0007813,CA,Orange,6059
25-0007814,CA,Los Angeles,6037
25-0007815,CA,Orange,6059
25-0007816,CA,Kern,6029
25-0007817,CA,Los Angeles,6037
25-0007818,CA,Orange,6059
25-0007819,CA,Los Angeles,6037
25-0007820,CA,Los Angeles,6037
25-0007821,CA,Riverside,6065
25-0007822,CA,Fresno,6019
25-0007823,CA,San Diego,6073
25-0007824,CA,Sutter,6101
25-0007825,CA,Los Angeles,6037
25-0007826,CA,Riverside,6065
25-0007827,CA,Contra Costa,6013
25-0007828,CA,Los Angeles,6037
25-0007829,CA,Calaveras,6009
25-0007830,CA,Orange,6059
25-0007831,CA,Riverside,6065
25-0007832,CA,Kern,6029
25-0007833,CA,Riverside,6065
25-0007834,CA,Los Angeles,6037
25-0007835,CA,San Bernardino,6071
25-0007836,CA,Los Angeles,6037
25-0007837,CA,Los Angeles,6037
25-0007838,CA,Los Angeles,6037
25-0007839,CA,Solano,6095
25-0007840,CA,San Bernardino,6071
25-0007841,CA,Alameda,6001
25-0007842,CA,Los Angeles,6037
25-0007843,CA,Alameda,6001
25-0007844,CA,Los Angeles,6037
25-0007845,CA,Orange,6059
25-0007846,CA,Imperial,6025
25-0007847,CA,Los Angeles,6037
25-0007848,CA,San Bernardino,6071
25-0007849,CA,Los Angeles,6037
25-0007850,CA,San Bernardino,6071
25-0007851,CA,Los Angeles,6037
25-0007852,CA,Los Angeles,6037
25-0007853,CA,Orange,6059
25-0007854,CA,Butte,6007
25-0007855,CA,San Bernardino,6071
25-0007856,CA,Los Angeles,6037
25-0007857,CA,Los Angeles,6037
25-0007858,CA,Los Angeles,6037
25-0007859,CA,Los Angeles,6037
25-0007860,CA,Sacramento,6067
25-0007861,CA,Los Angeles,6037
25-0007862,CA,San Bernardino,6071
25-0007863,CA,Los Angeles,6037
25-0007864,CA,Los Angeles,6037
25-0007865,CA,Santa Cruz,6087
25-0007866,CA,Los Angeles,6037
25-0007867,CA,Orange,6059
25-0007868,CA,Tulare,6107
25-0007869,CA,Los Angeles,6037
25-0007870,CA,Los Angeles,6037
25-0007871,CA,Los Angeles,6037
25-0007872,CA,Los Angeles,6037
25-0007873,CA,Alameda,6001
25-0007874,CA,Fresno,6019
25-0007875,CA,Orange,6059
25-0007876,CA,Los Angeles,6037
25-0007877,CA,Riverside,6065
25-0007878,CA,San Bernardino,6071
25-0007879,CA,Los Angeles,6037
25-0007880,CA,Fresno,6019
25-0007881,CA,Riverside,6065
25-0007882,CA,Contra Costa,6013
25-0007883,CA,Los Angeles,6037
25-0007884,CA,Alameda,6001
25-0007885,CA,San Diego,6073
25-0007886,CA,Los Angeles,6037
25-0007887,CA,Orange,6059
25-0007888,CA,Los Angeles,6037
25-0007889,CA,El Dorado,6017
25-0007890,CA,San Joaquin,6077
25-0007891,CA,Los Angeles,6037
25-0007892,CA,San Diego,6073
25-0007893,CA,Sacramento,6067
25-0007894,CA,Orange,6059
25-0007895,CA,Los Angeles,6037
25-0007896,CA,Madera,6039
25-0007897,CA,Fresno,6019
25-0007898,CA,Imperial,6025
25-0007899,CA,Tulare,6107
25-0007900,CA,Orange,6059
25-0007901,CA,San Mateo,6081
25-0007902,CA,San Bernardino,6071
25-0007903,CA,Riverside,6065
25-0007904,CA,San Diego,6073
25-0007905,CA,Riverside,6065
25-0007906,CA,Contra Costa,6013
25-0007907,CA,Los Angeles,6037
25-0007908,CA,Sacramento,6067
25-0007909,CA,Los Angeles,6037
25-0007910,CA,Orange,6059
25-0007911,CA,Orange,6059
25-0007912,CA,Los Angeles,6037
25-0007913,CA,Los Angeles,6037
25-0007914,CA,Los Angeles,6037
25-0007915,CA,San Bernardino,6071
25-0007916,CA,Los Angeles,6037
25-0007917,CA,Santa Clara,6085
25-0007918,CA,Kern,6029
25-0007919,CA,Santa Barbara,6083
25-0007920,CA,Los Angeles,6037
25-0007921,CA,San Bernardino,6071
25-0007922,CA,Orange,6059
25-0007923,CA,Sonoma,6097
25-0007924,CA,Los Angeles,6037
25-0007925,CA,Los Angeles,6037
25-0007926,CA,San Francisco,6075
25-0007927,CA,Santa Cruz,6087
25-0007928,CA,Riverside,6065
25-0007929,CA,San Diego,6073
25-0007930,CA,Los Angeles,6037
25-0007931,CA,Sutter,6101
25-0007932,CA,Los Angeles,6037
25-0007933,CA,Riverside,6065
25-0007934,CA,Los Angeles,6037
25-0007935,CA,Los Angeles,6037
25-0007936,CA,Sacramento,6067
25-0007937,CA,San Francisco,6075
25-0007938,CA,Los Angeles,6037
25-0007939,CA,Los Angeles,6037
25-0007940,CA,Los Angeles,6037
25-0007941,CA,Los Angeles,6037
25-0007942,CA,Los Angeles,6037
25-0007943,CA,Orange,6059
25-0007944,CA,Sacramento,6067
25-0007945,CA,San Francisco,6075
25-0007946,CA,Los Angeles,6037
25-0007947,CA,San Bernardino,6071
25-0007948,CA,Orange,6059
25-0007949,CA,Los Angeles,6037
25-0007950,CA,Los Angeles,6037
25-0007951,CA,Los Angeles,6037
25-0007952,CA,Fresno,6019
25-0007953,CA,Los Angeles,6037
25-0007954,CA,Los Angeles,6037
25-0007955,CA,Sacramento,6067
25-0007956,CA,Los Angeles,6037
25-0007957,CA,Los Angeles,6037
25-0007958,CA,Los Angeles,6037
25-0007959,CA,Tulare,6107
25-0007960,CA,Los Angeles,6037
25-0007961,CA,Los Angeles,6037
25-0007962,CA,Orange,6059
25-0007963,CA,San Diego,6073
25-0007964,CA,Riverside,6065
25-0007965,CA,Santa Clara,6085
25-0007966,CA,Imperial,6025
25-0007967,CA,Los Angeles,6037
25-0007968,CA,Contra Costa,6013
25-0007969,CA,Monterey,6053
25-0007970,CA,Orange,6059
25-0007971,CA,Los Angeles,6037
25-0007972,CA,Orange,6059
25-0007973,CA,Orange,6059
25-0007974,CA,Stanislaus,6099
25-0007975,CA,Los Angeles,6037
25-0007976,CA,Los Angeles,6037
25-0007977,CA,San Bernardino,6071
25-0007978,CA,San Bernardino,6071
25-0007979,CA,San Diego,6073
25-0007980,CA,Santa Barbara,6083
25-0007981,CA,Riverside,6065
25-0007982,CA,San Bernardino,6071
25-0007983,CA,San Diego,6073
25-0007984,CA,Los Angeles,6037
25-0007985,CA,Los Angeles,6037
25-0007986,CA,Los Angeles,6037
25-0007987,CA,Kern,6029
25-0007988,CA,Los Angeles,6037
25-0007989,CA,San Joaquin,6077
25-0007990,CA,San Bernardino,6071
25-0007991,CA,Los Angeles,6037
25-0007992,CA,Los Angeles,6037
25-0007993,CA,Mendocino,6045
25-0007994,CA,Santa Clara,6085
25-0007995,CA,San Diego,6073
25-0007996,CA,Solano,6095
25-0007997,CA,San Bernardino,6071
25-0007998,CA,Alameda,6001
25-0007999,CA,Riverside,6065
25-0008000,CA,Los Angeles,6037
25-0008001,CA,Los Angeles,6037
25-0008002,CA,Riverside,6065
25-0008003,CA,Sacramento,6067
25-0008004,CA,Riverside,6065
25-0008005,CA,San Bernardino,6071
25-0008006,CA,Los Angeles,6037
25-0008007,CA,Los Angeles,6037
25-0008008,CA,Los Angeles,6037
25-0008009,CA,Los Angeles,6037
25-0008010,CA,Los Angeles,6037
25-0008011,CA,Lake,6033
25-0008012,CA,Los Angeles,6037
25-0008013,CA,San Diego,6073
25-0008014,CA,Los Angeles,6037
25-0008015,CA,San Bernardino,6071
25-0008016,CA,Los Angeles,6037
25-0008017,CA,Riverside,6065
25-0008018,CA,Riverside,6065
25-0008019,CA,Orange,6059
25-0008020,CA,San Bernardino,6071
25-0008021,CA,Riverside,6065
25-0008022,CA,Los Angeles,6037
25-0008023,CA,Los Angeles,6037
25-0008024,CA,Tulare,6107
25-0008025,CA,San Diego,6073
25-0008026,CA,San Bernardino,6071
25-0008027,CA,San Bernardino,6071
25-0008028,CA,Los Angeles,6037
25-0008029,CA,Riverside,6065
25-0008030,CA,San Bernardino,6071
25-0008031,CA,Santa Barbara,6083
25-0008032,CA,Los Angeles,6037
25-0008033,CA,Los Angeles,6037
25-0008034,CA,Los Angeles,6037
25-0008035,CA,Contra Costa,6013
25-0008036,CA,Orange,6059
25-0008037,CA,Los Angeles,6037
25-0008038,CA,Los Angeles,6037
25-0008039,CA,Orange,6059
25-0008040,CA,Los Angeles,6037
25-0008041,CA,Los Angeles,6037
25-0008042,CA,Los Angeles,6037
25-0008043,CA,Orange,6059
25-0008044,CA,San Bernardino,6071
25-0008045,CA,San Bernardino,6071
25-0008046,CA,Los Angeles,6037
25-0008047,CA,San Bernardino,6071
25-0008048,CA,Los Angeles,6037
25-0008049,CA,Placer,6061
25-0008050,CA,Riverside,6065
25-0008051,CA,Riverside,6065
25-0008052,CA,Santa Clara,6085
25-0008053,CA,Orange,6059
25-0008054,CA,Ventura,6111
25-0008055,CA,Riverside,6065
25-0008056,CA,Los Angeles,6037
25-0008057,CA,San Bernardino,6071
25-0008058,CA,Los Angeles,6037
25-0008059,CA,San Diego,6073
25-0008060,CA,Sacramento,6067
25-0008061,CA,Merced,6047
25-0008062,CA,Los Angeles,6037
25-0008063,CA,San Francisco,6075
25-0008064,CA,Orange,6059
25-0008065,CA,Los Angeles,6037
25-0008066,CA,Los Angeles,6037
25-0008067,CA,Kern,6029
25-0008068,CA,Orange,6059
25-0008069,CA,Calaveras,6009
25-0008070,CA,San Joaquin,6077
25-0008071,CA,Riverside,6065
25-0008072,CA,Los Angeles,6037
25-0008073,CA,Fresno,6019
25-0008074,CA,San Bernardino,6071
25-0008075,CA,Los Angeles,6037
25-0008076,CA,Riverside,6065
25-0008077,CA,Alameda,6001
25-0008078,CA,San Mateo,6081
25-0008079,CA,Riverside,6065
25-0008080,CA,Stanislaus,6099
25-0008081,CA,Los Angeles,6037
25-0008082,CA,Los Angeles,6037
25-0008083,CA,Orange,6059
25-0008084,CA,Sacramento,6067
25-0008085,CA,Los Angeles,6037
25-0008086,CA,San Bernardino,6071
25-0008087,CA,Lassen,6035
25-0008088,CA,San Bernardino,6071
25-0008089,CA,Kern,6029
25-0008090,CA,Contra Costa,6013
25-0008091,CA,Los Angeles,6037
25-0008092,CA,Los Angeles,6037
25-0008093,CA,Riverside,6065
25-0008094,CA,Los Angeles,6037
25-0008095,CA,Los Angeles,6037
25-0008096,CA,Riverside,6065
25-0008097,CA,Los Angeles,6037
25-0008098,CA,Orange,6059
25-0008099,CA,Riverside,6065
25-0008100,CA,Los Angeles,6037
25-0008101,CA,Los Angeles,6037
25-0008102,CA,Yolo,6113
25-0008103,CA,Kern,6029
25-0008104,CA,Ventura,6111
25-0008105,CA,Orange,6059
25-0008106,CA,Riverside,6065
25-0008107,CA,Los Angeles,6037
25-0008108,CA,Solano,6095
25-0008109,CA,Humboldt,6023
25-0008110,CA,Colusa,6011
25-0008111,CA,San Bernardino,6071
25-0008112,CA,San Bernardino,6071
25-0008113,CA,Kern,6029
25-0008114,CA,Alameda,6001
25-0008115,CA,Placer,6061
25-0008116,CA,Los Angeles,6037
25-0008117,CA,San Diego,6073
25-0008118,CA,Tulare,6107
25-0008119,CA,San Luis Obispo,6079
25-0008120,CA,Los Angeles,6037
25-0008121,CA,Yolo,6113
25-0008122,CA,Kern,6029
25-0008123,CA,Los Angeles,6037
25-0008124,CA,Monterey,6053
25-0008125,CA,Los Angeles,6037
25-0008126,CA,Trinity,6105
25-0008127,CA,San Bernardino,6071
25-0008128,CA,Los Angeles,6037
25-0008129,CA,Los Angeles,6037
25-0008130,CA,Los Angeles,6037
25-0008131,CA,San Luis Obispo,6079
25-0008132,CA,San Bernardino,6071
25-0008133,CA,Riverside,6065
25-0008134,CA,Los Angeles,6037
25-0008135,CA,Los Angeles,6037
25-0008136,CA,Riverside,6065
25-0008137,CA,Los Angeles,6037
25-0008138,CA,Fresno,6019
25-0008139,CA,Los Angeles,6037
25-0008140,CA,Alameda,6001
25-0008141,CA,Riverside,6065
25-0008142,CA,Los Angeles,6037
25-0008143,CA,Riverside,6065
25-0008144,CA,Sacramento,6067
25-0008145,CA,Los Angeles,6037
25-0008146,CA,El Dorado,6017
25-0008147,CA,Los Angeles,6037
25-0008148,CA,Los Angeles,6037
25-0008149,CA,Tulare,6107
25-0008150,CA,Los Angeles,6037
25-0008151,CA,Los Angeles,6037
25-0008152,CA,San Mateo,6081
25-0008153,CA,San Diego,6073
25-0008154,CA,Lake,6033
25-0008155,CA,San Joaquin,6077
25-0008156,CA,Riverside,6065
25-0008157,CA,Riverside,6065
25-0008158,CA,Santa Clara,6085
25-0008159,CA,Imperial,6025
25-0008160,CA,Los Angeles,6037
25-0008161,CA,Santa Barbara,6083
25-0008162,CA,San Bernardino,6071
25-0008163,CA,San Diego,6073
25-0008164,CA,Riverside,6065
25-0008165,CA,Riverside,6065
25-0008166,CA,Tulare,6107
25-0008167,CA,Kern,6029
25-0008168,CA,San Bernardino,6071
25-0008169,CA,Imperial,6025
25-0008170,CA,Los Angeles,6037
25-0008171,CA,Riverside,6065
25-0008172,CA,Orange,6059
25-0008173,CA,Los Angeles,6037
25-0008174,CA,Los Angeles,6037
25-0008175,CA,Alameda,6001
25-0008176,CA,Madera,6039
25-0008177,CA,Orange,6059
25-0008178,CA,Sacramento,6067
25-0008179,CA,Los Angeles,6037
25-0008180,CA,Orange,6059
25-0008181,CA,Monterey,6053
25-0008182,CA,Kern,6029
25-0008183,CA,Monterey,6053
25-0008184,CA,Santa Clara,6085
25-0008185,CA,Orange,6059
25-0008186,CA,Los Angeles,6037
25-0008187,CA,Alameda,6001
25-0008188,CA,Stanislaus,6099
25-0008189,CA,Los Angeles,6037
25-0008190,CA,Riverside,6065
25-0008191,CA,Orange,6059
25-0008192,CA,Riverside,6065
25-0008193,CA,Los Angeles,6037
25-0008194,CA,San Bernardino,6071
25-0008195,CA,Yuba,6115
25-0008196,CA,Sacramento,6067
25-0008197,CA,Los Angeles,6037
25-0008198,CA,Riverside,6065
25-0008199,CA,Los Angeles,6037
25-0008200,CA,San Bernardino,6071
25-0008201,CA,Los Angeles,6037
25-0008202,CA,Los Angeles,6037
25-0008203,CA,Santa Barbara,6083
25-0008204,CA,Riverside,6065
25-0008205,CA,Kern,6029
25-0008206,CA,Tuolumne,6109
25-0008207,CA,Los Angeles,6037
25-0008208,CA,Riverside,6065
25-0008209,CA,Orange,6059
25-0008210,CA,Orange,6059
25-0008211,CA,San Mateo,6081
25-0008212,CA,Fresno,6019
25-0008213,CA,San Francisco,6075
25-0008214,CA,Santa Barbara,6083
25-0008215,CA,Riverside,6065
25-0008216,CA,Riverside,6065
25-0008217,CA,San Francisco,6075
25-0008218,CA,Los Angeles,6037
25-0008219,CA,Los Angeles,6037
25-0008220,CA,Riverside,6065
25-0008221,CA,San Bernardino,6071
25-0008222,CA,Riverside,6065
25-0008223,CA,Santa Cruz,6087
25-0008224,CA,San Bernardino,6071
25-0008225,CA,San Bernardino,6071
25-0008226,CA,Los Angeles,6037
25-0008227,CA,Glenn,6021
25-0008228,CA,Alameda,6001
25-0008229,CA,Orange,6059
25-0008230,CA,Los Angeles,6037
25-0008231,CA,Los Angeles,6037
25-0008232,CA,Mendocino,6045
25-0008233,CA,Los Angeles,6037
25-0008234,CA,San Bernardino,6071
25-0008235,CA,Santa Clara,6085
25-0008236,CA,Los Angeles,6037
25-0008237,CA,Los Angeles,6037
25-0008238,CA,Los Angeles,6037
25-0008239,CA,Los Angeles,6037
25-0008240,CA,Los Angeles,6037
25-0008241,CA,Los Angeles,6037
25-0008242,CA,Santa Barbara,6083
25-0008243,CA,Los Angeles,6037
25-0008244,CA,San Diego,6073
25-0008245,CA,San Diego,6073
25-0008246,CA,Ventura,6111
25-0008247,CA,Los Angeles,6037
25-0008248,CA,San Bernardino,6071
25-0008249,CA,Humboldt,6023
25-0008250,CA,Los Angeles,6037
25-0008251,CA,San Diego,6073
25-0008252,CA,San Bernardino,6071
25-0008253,CA,Alameda,6001
25-0008254,CA,Sacramento,6067
25-0008255,CA,San Bernardino,6071
25-0008256,CA,Imperial,6025
25-0008257,CA,Riverside,6065
25-0008258,CA,Los Angeles,6037
25-0008259,CA,Riverside,6065
25-0008260,CA,San Bernardino,6071
25-0008261,CA,Los Angeles,6037
25-0008262,CA,San Francisco,6075
25-0008263,CA,Los Angeles,6037
25-0008264,CA,Sacramento,6067
25-0008265,CA,Butte,6007
25-0008266,CA,Los Angeles,6037
25-0008267,CA,Ventura,6111
25-0008268,CA,Ventura,6111
25-0008269,CA,Los Angeles,6037
25-0008270,CA,Sacramento,6067
25-0008271,CA,Kern,6029
25-0008272,CA,San Bernardino,6071
25-0008273,CA,Orange,6059
25-0008274,CA,Los Angeles,6037
25-0008275,CA,Placer,6061
25-0008276,CA,Yolo,6113
25-0008277,CA,Los Angeles,6037
25-0008278,CA,San Francisco,6075
25-0008279,CA,Santa Cruz,6087
25-0008280,CA,Orange,6059
25-0008281,CA,Fresno,6019
25-0008282,CA,Madera,6039
25-0008283,CA,Sacramento,6067
25-0008284,CA,Los Angeles,6037
25-0008285,CA,Los Angeles,6037
25-0008286,CA,Los Angeles,6037
25-0008287,CA,San Bernardino,6071
25-0008288,CA,Kern,6029
25-0008289,CA,Alameda,6001
25-0008290,CA,Los Angeles,6037
25-0008291,CA,Kern,6029
25-0008292,CA,Humboldt,6023
25-0008293,CA,Los Angeles,6037
25-0008294,CA,Los Angeles,6037
25-0008295,CA,Stanislaus,6099
25-0008296,CA,Los Angeles,6037
25-0008297,CA,Los Angeles,6037
25-0008298,CA,Los Angeles,6037
25-0008299,CA,Los Angeles,6037
25-0008300,CA,Yuba,6115
25-0008301,CA,Los Angeles,6037
25-0008302,CA,Alameda,6001
25-0008303,CA,Riverside,6065
25-0008304,CA,Los Angeles,6037
25-0008305,CA,Merced,6047
25-0008306,CA,Los Angeles,6037
25-0008307,CA,Los Angeles,6037
25-0008308,CA,Orange,6059
25-0008309,CA,Los Angeles,6037
25-0008310,CA,Orange,6059
25-0008311,CA,Los Angeles,6037
25-0008312,CA,Merced,6047
25-0008313,CA,Orange,6059
25-0008314,CA,Kern,6029
25-0008315,CA,San Diego,6073
25-0008316,CA,Los Angeles,6037
25-0008317,CA,Riverside,6065
25-0008318,CA,Orange,6059
25-0008319,CA,Kern,6029
25-0008320,CA,San Mateo,6081
25-0008321,CA,San Diego,6073
25-0008322,CA,Ventura,6111
25-0008323,CA,Los Angeles,6037
25-0008324,CA,San Diego,6073
25-0008325,CA,Riverside,6065
25-0008326,CA,Riverside,6065
25-0008327,CA,Los Angeles,6037
25-0008328,CA,Los Angeles,6037
25-0008329,CA,Marin,6041
25-0008330,CA,Los Angeles,6037
25-0008331,CA,Riverside,6065
25-0008332,CA,Los Angeles,6037
25-0008333,CA,San Diego,6073
25-0008334,CA,Los Angeles,6037
25-0008335,CA,Los Angeles,6037
25-0008336,CA,Santa Cruz,6087
25-0008337,CA,San Joaquin,6077
25-0008338,CA,Los Angeles,6037
25-0008339,CA,Los Angeles,6037
25-0008340,CA,San Bernardino,6071
25-0008341,CA,Orange,6059
25-0008342,CA,Ventura,6111
25-0008343,CA,Placer,6061
25-0008344,CA,Fresno,6019
25-0008345,CA,Orange,6059
25-0008346,CA,Humboldt,6023
25-0008347,CA,Tulare,6107
25-0008348,CA,Fresno,6019
25-0008349,CA,Riverside,6065
25-0008350,CA,Los Angeles,6037
25-0008351,CA,San Joaquin,6077
25-0008352,CA,Los Angeles,6037
25-0008353,CA,Los Angeles,6037
25-0008354,CA,Yolo,6113
25-0008355,CA,Sacramento,6067
25-0008356,CA,Kern,6029
25-0008357,CA,Los Angeles,6037
25-0008358,CA,Los Angeles,6037
25-0008359,CA,Sacramento,6067
25-0008360,CA,Los Angeles,6037
25-0008361,CA,San Joaquin,6077
25-0008362,CA,Los Angeles,6037
25-0008363,CA,San Bernardino,6071
25-0008364,CA,Tuolumne,6109
25-0008365,CA,San Bernardino,6071
25-0008366,CA,Santa Clara,6085
25-0008367,CA,Los Angeles,6037
25-0008368,CA,Los Angeles,6037
25-0008369,CA,Yolo,6113
25-0008370,CA,San Bernardino,6071
25-0008371,CA,San Bernardino,6071
25-0008372,CA,San Bernardino,6071
25-0008373,CA,Riverside,6065
25-0008374,CA,Los Angeles,6037
25-0008375,CA,San Francisco,6075
25-0008376,CA,Los Angeles,6037
25-0008377,CA,San Bernardino,6071
25-0008378,CA,Los Angeles,6037
25-0008379,CA,Riverside,6065
25-0008380,CA,Orange,6059
25-0008381,CA,Los Angeles,6037
25-0008382,CA,San Bernardino,6071
25-0008383,CA,Fresno,6019
25-0008384,CA,Placer,6061
25-0008385,CA,Los Angeles,6037
25-0008386,CA,Sonoma,6097
25-0008387,CA,Los Angeles,6037
25-0008388,CA,Orange,6059
25-0008389,CA,San Diego,6073
25-0008390,CA,Sacramento,6067
25-0008391,CA,Los Angeles,6037
25-0008392,CA,Orange,6059
25-0008393,CA,San Bernardino,6071
25-0008394,CA,Los Angeles,6037
25-0008395,CA,Los Angeles,6037
25-0008396,CA,San Bernardino,6071
25-0008397,CA,Sacramento,6067
25-0008398,CA,San Francisco,6075
25-0008399,CA,Madera,6039
25-0008400,CA,Los Angeles,6037
25-0008401,CA,Contra Costa,6013
25-0008402,CA,San Mateo,6081
25-0008403,CA,Los Angeles,6037
25-0008404,CA,Orange,6059
25-0008405,CA,Butte,6007
25-0008406,CA,Los Angeles,6037
25-0008407,CA,San Bernardino,6071
25-0008408,CA,Los Angeles,6037
25-0008409,CA,San Luis Obispo,6079
25-0008410,CA,Orange,6059
25-0008411,CA,Fresno,6019
25-0008412,CA,Los Angeles,6037
25-0008413,CA,Los Angeles,6037
25-0008414,CA,Kings,6031
25-0008415,CA,San Bernardino,6071
25-0008416,CA,Los Angeles,6037
25-0008417,CA,Imperial,6025
25-0008418,CA,Orange,6059
25-0008419,CA,Los Angeles,6037
25-0008420,CA,Orange,6059
25-0008421,CA,Alameda,6001
25-0008422,CA,Los Angeles,6037
25-0008423,CA,Orange,6059
25-0008424,CA,Los Angeles,6037
25-0008425,CA,Orange,6059
25-0008426,CA,Los Angeles,6037
25-0008427,CA,San Bernardino,6071
25-0008428,CA,Merced,6047
25-0008429,CA,Tulare,6107
25-0008430,CA,Los Angeles,6037
25-0008431,CA,Los Angeles,6037
25-0008432,CA,San Mateo,6081
25-0008433,CA,Napa,6055
25-0008434,CA,San Diego,6073
25-0008435,CA,Orange,6059
25-0008436,CA,Santa Barbara,6083
25-0008437,CA,San Joaquin,6077
25-0008438,CA,Shasta,6089
25-0008439,CA,Riverside,6065
25-0008440,CA,San Francisco,6075
25-0008441,CA,Alameda,6001
25-0008442,CA,San Bernardino,6071
25-0008443,CA,Riverside,6065
25-0008444,CA,San Bernardino,6071
25-0008445,CA,San Bernardino,6071
25-0008446,CA,San Mateo,6081
25-0008447,CA,Los Angeles,6037
25-0008448,CA,Los Angeles,6037
25-0008449,CA,San Diego,6073
25-0008450,CA,Riverside,6065
25-0008451,CA,Contra Costa,6013
25-0008452,CA,Contra Costa,6013
25-0008453,CA,Solano,6095
25-0008454,CA,Riverside,6065
25-0008455,CA,San Bernardino,6071
25-0008456,CA,Los Angeles,6037
25-0008457,CA,Sacramento,6067
25-0008458,CA,Orange,6059
25-0008459,CA,Los Angeles,6037
25-0008460,CA,Madera,6039
25-0008461,CA,Kern,6029
25-0008462,CA,Los Angeles,6037
25-0008463,CA,Los Angeles,6037
25-0008464,CA,Los Angeles,6037
25-0008465,CA,San Bernardino,6071
25-0008466,CA,Los Angeles,6037
25-0008467,CA,San Diego,6073
25-0008468,CA,Los Angeles,6037
25-0008469,CA,Los Angeles,6037
25-0008470,CA,Riverside,6065
25-0008471,CA,San Francisco,6075
25-0008472,CA,Fresno,6019
25-0008473,CA,Kern,6029
25-0008474,CA,San Mateo,6081
25-0008475,CA,San Bernardino,6071
25-0008476,CA,Riverside,6065
25-0008477,CA,Nevada,6057
25-0008478,CA,San Mateo,6081
25-0008479,CA,San Diego,6073
25-0008480,CA,Orange,6059
25-0008481,CA,Los Angeles,6037
25-0008482,CA,Riverside,6065
25-0008483,CA,Los Angeles,6037
25-0008484,CA,Imperial,6025
25-0008485,CA,San Joaquin,6077
25-0008486,CA,Sonoma,6097
25-0008487,CA,Los Angeles,6037
25-0008488,CA,Los Angeles,6037
25-0008489,CA,Los Angeles,6037
25-0008490,CA,Los Angeles,6037
25-0008491,CA,Riverside,6065
25-0008492,CA,Santa Cruz,6087
25-0008493,CA,Monterey,6053
25-0008494,CA,Los Angeles,6037
25-0008495,CA,San Diego,6073
25-0008496,CA,Fresno,6019
25-0008497,CA,Los Angeles,6037
25-0008498,CA,San Bernardino,6071
25-0008499,CA,Los Angeles,6037
25-0008500,CA,Santa Barbara,6083
25-0008501,CA,Alameda,6001
25-0008502,CA,Los Angeles,6037
25-0008503,CA,Los Angeles,6037
25-0008504,CA,San Francisco,6075
25-0008505,CA,Los Angeles,6037
25-0008506,CA,Mendocino,6045
25-0008507,CA,Stanislaus,6099
25-0008508,CA,Riverside,6065
25-0008509,CA,Los Angeles,6037
25-0008510,CA,Los Angeles,6037
25-0008511,CA,Yuba,6115
25-0008512,CA,Kern,6029
25-0008513,CA,Orange,6059
25-0008514,CA,Riverside,6065
25-0008515,CA,Los Angeles,6037
25-0008516,CA,Los Angeles,6037
25-0008517,CA,Los Angeles,6037
25-0008518,CA,San Diego,6073
25-0008519,CA,San Bernardino,6071
25-0008520,CA,Mendocino,6045
25-0008521,CA,Los Angeles,6037
25-0008522,CA,Los Angeles,6037
25-0008523,CA,San Bernardino,6071
25-0008524,CA,Los Angeles,6037
25-0008525,CA,Alameda,6001
25-0008526,CA,San Bernardino,6071
25-0008527,CA,Orange,6059
25-0008528,CA,Los Angeles,6037
25-0008529,CA,Fresno,6019
25-0008530,CA,Los Angeles,6037
25-0008531,CA,San Francisco,6075
25-0008532,CA,Los Angeles,6037
25-0008533,CA,Butte,6007
25-0008534,CA,Stanislaus,6099
25-0008535,CA,Imperial,6025
25-0008536,CA,Kern,6029
25-0008537,CA,Los Angeles,6037
25-0008538,CA,San Bernardino,6071
25-0008539,CA,Los Angeles,6037
25-0008540,CA,Los Angeles,6037
25-0008541,CA,San Joaquin,6077
25-0008542,CA,Modoc,6049
25-0008543,CA,San Diego,6073
25-0008544,CA,Los Angeles,6037
25-0008545,CA,Los Angeles,6037
25-0008546,CA,Los Angeles,6037
25-0008547,CA,Los Angeles,6037
25-0008548,CA,Sacramento,6067
25-0008549,CA,Riverside,6065
25-0008550,CA,Alameda,6001
25-0008551,CA,Orange,6059
25-0008552,CA,San Bernardino,6071
25-0008553,CA,San Bernardino,6071
25-0008554,CA,Contra Costa,6013
25-0008555,CA,Orange,6059
25-0008556,CA,Los Angeles,6037
25-0008557,CA,San Bernardino,6071
25-0008558,CA,San Diego,6073
25-0008559,CA,Orange,6059
25-0008560,CA,Sacramento,6067
25-0008561,CA,Los Angeles,6037
25-0008562,CA,Los Angeles,6037
25-0008563,CA,Fresno,6019
25-0008564,CA,Los Angeles,6037
25-0008565,CA,Los Angeles,6037
25-0008566,CA,Fresno,6019
25-0008567,CA,Los Angeles,6037
25-0008568,CA,Orange,6059
25-0008569,CA,Kings,6031
25-0008570,CA,Orange,6059
25-0008571,CA,San Bernardino,6071
25-0008572,CA,Santa Clara,6085
25-0008573,CA,Alameda,6001
25-0008574,CA,Los Angeles,6037
25-0008575,CA,Orange,6059
25-0008576,CA,Los Angeles,6037
25-0008577,CA,Los Angeles,6037
25-0008578,CA,San Joaquin,6077
25-0008579,CA,Riverside,6065
25-0008580,CA,Colusa,6011
25-0008581,CA,Los Angeles,6037
25-0008582,CA,Sonoma,6097
25-0008583,CA,Los Angeles,6037
25-0008584,CA,Riverside,6065
25-0008585,CA,Riverside,6065
25-0008586,CA,Tulare,6107
25-0008587,CA,Los Angeles,6037
25-0008588,CA,Riverside,6065
25-0008589,CA,Los Angeles,6037
25-0008590,CA,Sacramento,6067
25-0008591,CA,Sacramento,6067
25-0008592,CA,Kern,6029
25-0008593,CA,Sacramento,6067
25-0008594,CA,Los Angeles,6037
25-0008595,CA,Los Angeles,6037
25-0008596,CA,Santa Clara,6085
25-0008597,CA,San Bernardino,6071
25-0008598,CA,Los Angeles,6037
25-0008599,CA,Orange,6059
25-0008600,CA,Los Angeles,6037
25-0008601,CA,Sacramento,6067
25-0008602,CA,Fresno,6019
25-0008603,CA,Orange,6059
25-0008604,CA,San Bernardino,6071
25-0008605,CA,Riverside,6065
25-0008606,CA,Kern,6029
25-0008607,CA,Stanislaus,6099
25-0008608,CA,Santa Barbara,6083
25-0008609,CA,San Diego,6073
25-0008610,CA,Santa Clara,6085
25-0008611,CA,San Bernardino,6071
25-0008612,CA,Los Angeles,6037
25-0008613,CA,Los Angeles,6037
25-0008614,CA,San Bernardino,6071
25-0008615,CA,Ventura,6111
25-0008616,CA,Riverside,6065
25-0008617,CA,Alameda,6001
25-0008618,CA,Orange,6059
25-0008619,CA,Los Angeles,6037
25-0008620,CA,Santa Barbara,6083
25-0008621,CA,Los Angeles,6037
25-0008622,CA,Siskiyou,6093
25-0008623,CA,Los Angeles,6037
25-0008624,CA,Sacramento,6067
25-0008625,CA,Orange,6059
25-0008626,CA,Contra Costa,6013
25-0008627,CA,San Bernardino,6071
25-0008628,CA,Kern,6029
25-0008629,CA,Los Angeles,6037
25-0008630,CA,Los Angeles,6037
25-0008631,CA,Los Angeles,6037
25-0008632,CA,Los Angeles,6037
25-0008633,CA,Tulare,6107
25-0008634,CA,San Diego,6073
25-0008635,CA,San Bernardino,6071
25-0008636,CA,Los Angeles,6037
25-0008637,CA,Riverside,6065
25-0008638,CA,Kern,6029
25-0008639,CA,San Diego,6073
25-0008640,CA,Orange,6059
25-0008641,CA,Los Angeles,6037
25-0008642,CA,Alameda,6001
25-0008643,CA,Riverside,6065
25-0008644,CA,Los Angeles,6037
25-0008645,CA,Orange,6059
25-0008646,CA,Los Angeles,6037
25-0008647,CA,Orange,6059
25-0008648,CA,San Joaquin,6077
25-0008649,CA,San Luis Obispo,6079
25-0008650,CA,Fresno,6019
25-0008651,CA,Alameda,6001
25-0008652,CA,El Dorado,6017
25-0008653,CA,Merced,6047
25-0008654,CA,Sacramento,6067
25-0008655,CA,Los Angeles,6037
25-0008656,CA,Fresno,6019
25-0008657,CA,Los Angeles,6037
25-0008658,CA,Los Angeles,6037
25-0008659,CA,Orange,6059
25-0008660,CA,Fresno,6019
25-0008661,CA,Riverside,6065
25-0008662,CA,Los Angeles,6037
25-0008663,CA,San Bernardino,6071
25-0008664,CA,Tulare,6107
25-0008665,CA,Butte,6007
25-0008666,CA,San Francisco,6075
25-0008667,CA,Los Angeles,6037
25-0008668,CA,Kern,6029
25-0008669,CA,San Joaquin,6077
25-0008670,CA,San Diego,6073
25-0008671,CA,San Diego,6073
25-0008672,CA,Orange,6059
25-0008673,CA,Santa Barbara,6083
25-0008674,CA,San Luis Obispo,6079
25-0008675,CA,San Mateo,6081
25-0008676,CA,San Bernardino,6071
25-0008677,CA,Los Angeles,6037
25-0008678,CA,Los Angeles,6037
25-0008679,CA,Los Angeles,6037
25-0008680,CA,Shasta,6089
25-0008681,CA,Los Angeles,6037
25-0008682,CA,Kings,6031
25-0008683,CA,Sacramento,6067
25-0008684,CA,Los Angeles,6037
25-0008685,CA,Yuba,6115
25-0008686,CA,San Diego,6073
25-0008687,CA,Los Angeles,6037
25-0008688,CA,San Bernardino,6071
25-0008689,CA,San Joaquin,6077
25-0008690,CA,Los Angeles,6037
25-0008691,CA,San Bernardino,6071
25-0008692,CA,Amador,6005
25-0008693,CA,Los Angeles,6037
25-0008694,CA,Fresno,6019
25-0008695,CA,Los Angeles,6037
25-0008696,CA,Mendocino,6045
25-0008697,CA,Los Angeles,6037
25-0008698,CA,San Luis Obispo,6079
25-0008699,CA,Los Angeles,6037
25-0008700,CA,Los Angeles,6037
25-0008701,CA,Los Angeles,6037
25-0008702,CA,Orange,6059
25-0008703,CA,Kern,6029
25-0008704,CA,San Bernardino,6071
25-0008705,CA,Los Angeles,6037
25-0008706,CA,Los Angeles,6037
25-0008707,CA,Orange,6059
25-0008708,CA,Los Angeles,6037
25-0008709,CA,Los Angeles,6037
25-0008710,CA,San Bernardino,6071
25-0008711,CA,Los Angeles,6037
25-0008712,CA,Ventura,6111
25-0008713,CA,San Bernardino,6071
25-0008714,CA,Fresno,6019
25-0008715,CA,Los Angeles,6037
25-0008716,CA,Sacramento,6067
25-0008717,CA,Trinity,6105
25-0008718,CA,Riverside,6065
25-0008719,CA,Los Angeles,6037
25-0008720,CA,Orange,6059
25-0008721,CA,Los Angeles,6037
25-0008722,CA,Orange,6059
25-0008723,CA,Los Angeles,6037
25-0008724,CA,Tulare,6107
25-0008725,CA,Los Angeles,6037
25-0008726,CA,Los Angeles,6037
25-0008727,CA,Riverside,6065
25-0008728,CA,Santa Clara,6085
25-0008729,CA,San Bernardino,6071
25-0008730,CA,Imperial,6025
25-0008731,CA,San Bernardino,6071
25-0008732,CA,Orange,6059
25-0008733,CA,Los Angeles,6037
25-0008734,CA,Los Angeles,6037
25-0008735,CA,Orange,6059
25-0008736,CA,Los Angeles,6037
25-0008737,CA,Santa Cruz,6087
25-0008738,CA,Stanislaus,6099
25-0008739,CA,Los Angeles,6037
25-0008740,CA,Los Angeles,6037
25-0008741,CA,Los Angeles,6037
25-0008742,CA,Los Angeles,6037
25-0008743,CA,Los Angeles,6037
25-0008744,CA,Santa Clara,6085
25-0008745,CA,Alameda,6001
25-0008746,CA,Los Angeles,6037
25-0008747,CA,San Bernardino,6071
25-0008748,CA,Imperial,6025
25-0008749,CA,Los Angeles,6037
25-0008750,CA,Los Angeles,6037
25-0008751,CA,San Diego,6073
25-0008752,CA,Los Angeles,6037
25-0008753,CA,Sacramento,6067
25-0008754,CA,San Bernardino,6071
25-0008755,CA,Sacramento,6067
25-0008756,CA,Los Angeles,6037
25-0008757,CA,Los Angeles,6037
25-0008758,CA,Los Angeles,6037
25-0008759,CA,Los Angeles,6037
25-0008760,CA,San Bernardino,6071
25-0008761,CA,San Bernardino,6071
25-0008762,CA,Los Angeles,6037
25-0008763,CA,Riverside,6065
25-0008764,CA,Ventura,6111
25-0008765,CA,Orange,6059
25-0008766,CA,Los Angeles,6037
25-0008767,CA,San Diego,6073
25-0008768,CA,Los Angeles,6037
25-0008769,CA,Los Angeles,6037
25-0008770,CA,Ventura,6111
25-0008771,CA,Los Angeles,6037
25-0008772,CA,San Mateo,6081
25-0008773,CA,Sacramento,6067
25-0008774,CA,Contra Costa,6013
25-0008775,CA,Los Angeles,6037
25-0008776,CA,San Diego,6073
25-0008777,CA,Los Angeles,6037
25-0008778,CA,Los Angeles,6037
25-0008779,CA,Riverside,6065
25-0008780,CA,Los Angeles,6037
25-0008781,CA,Los Angeles,6037
25-0008782,CA,Lake,6033
25-0008783,CA,Los Angeles,6037
25-0008784,CA,Los Angeles,6037
25-0008785,CA,Monterey,6053
25-0008786,CA,Los Angeles,6037
25-0008787,CA,Butte,6007
25-0008788,CA,San Diego,6073
25-0008789,CA,Riverside,6065
25-0008790,CA,Los Angeles,6037
25-0008791,CA,San Bernardino,6071
25-0008792,CA,San Francisco,6075
25-0008793,CA,Los Angeles,6037
25-0008794,CA,San Diego,6073
25-0008795,CA,Riverside,6065
25-0008796,CA,Los Angeles,6037
25-0008797,CA,Los Angeles,6037
25-0008798,CA,Los Angeles,6037
25-0008799,CA,Riverside,6065
25-0008800,CA,Lassen,6035
25-0008801,CA,San Diego,6073
25-0008802,CA,Los Angeles,6037
25-0008803,CA,Orange,6059
25-0008804,CA,Los Angeles,6037
25-0008805,CA,Los Angeles,6037
25-0008806,CA,Orange,6059
25-0008807,CA,Los Angeles,6037
25-0008808,CA,Fresno,6019
25-0008809,CA,Fresno,6019
25-0008810,CA,Los Angeles,6037
25-0008811,CA,Santa Clara,6085
25-0008812,CA,Los Angeles,6037
25-0008813,CA,Los Angeles,6037
25-0008814,CA,San Diego,6073
25-0008815,CA,Kern,6029
25-0008816,CA,Alameda,6001
25-0008817,CA,San Francisco,6075
25-0008818,CA,Butte,6007
25-0008819,CA,Los Angeles,6037
25-0008820,CA,Los Angeles,6037
25-0008821,CA,Yolo,6113
25-0008822,CA,Los Angeles,6037
25-0008823,CA,Los Angeles,6037
25-0008824,CA,San Mateo,6081
25-0008825,CA,San Joaquin,6077
25-0008826,CA,Sacramento,6067
25-0008827,CA,Kern,6029
25-0008828,CA,Los Angeles,6037
25-0008829,CA,Los Angeles,6037
25-0008830,CA,San Francisco,6075
25-0008831,CA,Kern,6029
25-0008832,CA,Los Angeles,6037
25-0008833,CA,Orange,6059
25-0008834,CA,Orange,6059
25-0008835,CA,Orange,6059
25-0008836,CA,Los Angeles,6037
25-0008837,CA,Los Angeles,6037
25-0008838,CA,Los Angeles,6037
25-0008839,CA,San Bernardino,6071
25-0008840,CA,Alameda,6001
25-0008841,CA,Los Angeles,6037
25-0008842,CA,Orange,6059
25-0008843,CA,Los Angeles,6037
25-0008844,CA,Los Angeles,6037
25-0008845,CA,Orange,6059
25-0008846,CA,Los Angeles,6037
25-0008847,CA,San Bernardino,6071
25-0008848,CA,Sacramento,6067
25-0008849,CA,Napa,6055
25-0008850,CA,San Mateo,6081
25-0008851,CA,Los Angeles,6037
25-0008852,CA,San Mateo,6081
25-0008853,CA,San Diego,6073
25-0008854,CA,Glenn,6021
25-0008855,CA,Los Angeles,6037
25-0008856,CA,Los Angeles,6037
25-0008857,CA,San Diego,6073
25-0008858,CA,Sacramento,6067
25-0008859,CA,Los Angeles,6037
25-0008860,CA,Riverside,6065
25-0008861,CA,San Bernardino,6071
25-0008862,CA,Los Angeles,6037
25-0008863,CA,San Diego,6073
25-0008864,CA,Orange,6059
25-0008865,CA,Orange,6059
25-0008866,CA,Alameda,6001
25-0008867,CA,Orange,6059
25-0008868,CA,Riverside,6065
25-0008869,CA,Tulare,6107
25-0008870,CA,San Bernardino,6071
25-0008871,CA,Riverside,6065
25-0008872,CA,Alameda,6001
25-0008873,CA,San Diego,6073
25-0008874,CA,Los Angeles,6037
25-0008875,CA,San Bernardino,6071
25-0008876,CA,Orange,6059
25-0008877,CA,Los Angeles,6037
25-0008878,CA,San Bernardino,6071
25-0008879,CA,Los Angeles,6037
25-0008880,CA,San Diego,6073
25-0008881,CA,San Diego,6073
25-0008882,CA,Orange,6059
25-0008883,CA,Stanislaus,6099
25-0008884,CA,San Bernardino,6071
25-0008885,CA,Orange,6059
25-0008886,CA,Riverside,6065
25-0008887,CA,San Bernardino,6071
25-0008888,CA,San Francisco,6075
25-0008889,CA,Los Angeles,6037
25-0008890,CA,Contra Costa,6013
25-0008891,CA,Los Angeles,6037
25-0008892,CA,Riverside,6065
25-0008893,CA,San Bernardino,6071
25-0008894,CA,Los Angeles,6037
25-0008895,CA,Fresno,6019
25-0008896,CA,Sacramento,6067
25-0008897,CA,Humboldt,6023
25-0008898,CA,Alameda,6001
25-0008899,CA,Orange,6059
25-0008900,CA,Los Angeles,6037
25-0008901,CA,Los Angeles,6037
25-0008902,CA,Merced,6047
25-0008903,CA,Los Angeles,6037
25-0008904,CA,Santa Cruz,6087
25-0008905,CA,Tulare,6107
25-0008906,CA,Los Angeles,6037
25-0008907,CA,Sacramento,6067
25-0008908,CA,Orange,6059
25-0008909,CA,Los Angeles,6037
25-0008910,CA,Riverside,6065
25-0008911,CA,Los Angeles,6037
25-0008912,CA,Los Angeles,6037
25-0008913,CA,Orange,6059
25-0008914,CA,San Bernardino,6071
25-0008915,CA,Los Angeles,6037
25-0008916,CA,Los Angeles,6037
25-0008917,CA,Marin,6041
25-0008918,CA,Los Angeles,6037
25-0008919,CA,Los Angeles,6037
25-0008920,CA,Contra Costa,6013
25-0008921,CA,Butte,6007
25-0008922,CA,San Bernardino,6071
25-0008923,CA,Ventura,6111
25-0008924,CA,Los Angeles,6037
25-0008925,CA,Humboldt,6023
25-0008926,CA,San Francisco,6075
25-0008927,CA,San Bernardino,6071
25-0008928,CA,Los Angeles,6037
25-0008929,CA,Riverside,6065
25-0008930,CA,Los Angeles,6037
25-0008931,CA,Alameda,6001
25-0008932,CA,Santa Barbara,6083
25-0008933,CA,Los Angeles,6037
25-0008934,CA,Sonoma,6097
25-0008935,CA,San Diego,6073
25-0008936,CA,Sacramento,6067
25-0008937,CA,Santa Clara,6085
25-0008938,CA,Los Angeles,6037
25-0008939,CA,Alameda,6001
25-0008940,CA,Tulare,6107
25-0008941,CA,Yolo,6113
25-0008942,CA,Butte,6007
25-0008943,CA,Los Angeles,6037
25-0008944,CA,Tulare,6107
25-0008945,CA,Riverside,6065
25-0008946,CA,Los Angeles,6037
25-0008947,CA,Los Angeles,6037
25-0008948,CA,Tehama,6103
25-0008949,CA,Los Angeles,6037
25-0008950,CA,Los Angeles,6037
25-0008951,CA,Los Angeles,6037
25-0008952,CA,Los Angeles,6037
25-0008953,CA,Orange,6059
25-0008954,CA,San Joaquin,6077
25-0008955,CA,Fresno,6019
25-0008956,CA,San Francisco,6075
25-0008957,CA,Merced,6047
25-0008958,CA,Santa Clara,6085
25-0008959,CA,Orange,6059
25-0008960,CA,San Bernardino,6071
25-0008961,CA,Sacramento,6067
25-0008962,CA,Los Angeles,6037
25-0008963,CA,Los Angeles,6037
25-0008964,CA,Sacramento,6067
25-0008965,CA,Riverside,6065
25-0008966,CA,Ventura,6111
25-0008967,CA,Los Angeles,6037
25-0008968,CA,Los Angeles,6037
25-0008969,CA,Kings,6031
25-0008970,CA,Marin,6041
25-0008971,CA,Riverside,6065
25-0008972,CA,Santa Cruz,6087
25-0008973,CA,Kern,6029
25-0008974,CA,Los Angeles,6037
25-0008975,CA,Sacramento,6067
25-0008976,CA,Kings,6031
25-0008977,CA,Riverside,6065
25-0008978,CA,San Bernardino,6071
25-0008979,CA,Los Angeles,6037
25-0008980,CA,Sonoma,6097
25-0008981,CA,Los Angeles,6037
25-0008982,CA,Orange,6059
25-0008983,CA,Los Angeles,6037
25-0008984,CA,Los Angeles,6037
25-0008985,CA,San Bernardino,6071
25-0008986,CA,Los Angeles,6037
25-0008987,CA,Tuolumne,6109
25-0008988,CA,Los Angeles,6037
25-0008989,CA,Los Angeles,6037
25-0008990,CA,San Bernardino,6071
25-0008991,CA,Ventura,6111
25-0008992,CA,San Bernardino,6071
25-0008993,CA,Riverside,6065
25-0008994,CA,Santa Barbara,6083
25-0008995,CA,Santa Clara,6085
25-0008996,CA,Los Angeles,6037
25-0008997,CA,Los Angeles,6037
25-0008998,CA,Los Angeles,6037
25-0008999,CA,Los Angeles,6037
25-0009000,CA,Los Angeles,6037
25-0009001,CA,Riverside,6065
25-0009002,CA,Yolo,6113
25-0009003,CA,Yolo,6113
25-0009004,CA,Los Angeles,6037
25-0009005,CA,San Diego,6073
25-0009006,CA,Los Angeles,6037
25-0009007,CA,Sacramento,6067
25-0009008,CA,Orange,6059
25-0009009,CA,Los Angeles,6037
25-0009010,CA,Mendocino,6045
25-0009011,CA,Riverside,6065
25-0009012,CA,Los Angeles,6037
25-0009013,CA,Orange,6059
25-0009014,CA,San Bernardino,6071
25-0009015,CA,Los Angeles,6037
25-0009016,CA,Los Angeles,6037
25-0009017,CA,Orange,6059
25-0009018,CA,San Luis Obispo,6079
25-0009019,CA,Fresno,6019
25-0009020,CA,Riverside,6065
25-0009021,CA,Riverside,6065
25-0009022,CA,Sacramento,6067
25-0009023,CA,San Bernardino,6071
25-0009024,CA,Contra Costa,6013
25-0009025,CA,Los Angeles,6037
25-0009026,CA,Los Angeles,6037
25-0009027,CA,Los Angeles,6037
25-0009028,CA,Riverside,6065
25-0009029,CA,Los Angeles,6037
25-0009030,CA,Los Angeles,6037
25-0009031,CA,Los Angeles,6037
25-0009032,CA,Los Angeles,6037
25-0009033,CA,Orange,6059
25-0009034,CA,Los Angeles,6037
25-0009035,CA,Alameda,6001
25-0009036,CA,San Bernardino,6071
25-0009037,CA,Merced,6047
25-0009038,CA,Kern,6029
25-0009039,CA,Los Angeles,6037
25-0009040,CA,San Francisco,6075
25-0009041,CA,Los Angeles,6037
25-0009042,CA,Solano,6095
25-0009043,CA,Los Angeles,6037
25-0009044,CA,Kern,6029
25-0009045,CA,Mendocino,6045
25-0009046,CA,Riverside,6065
25-0009047,CA,Los Angeles,6037
25-0009048,CA,Los Angeles,6037
25-0009049,CA,Los Angeles,6037
25-0009050,CA,Fresno,6019
25-0009051,CA,Los Angeles,6037
25-0009052,CA,Orange,6059
25-0009053,CA,Los Angeles,6037
25-0009054,CA,Riverside,6065
25-0009055,CA,Alameda,6001
25-0009056,CA,San Diego,6073
25-0009057,CA,Los Angeles,6037
25-0009058,CA,Orange,6059
25-0009059,CA,San Bernardino,6071
25-0009060,CA,Los Angeles,6037
25-0009061,CA,Los Angeles,6037
25-0009062,CA,Riverside,6065
25-0009063,CA,Fresno,6019
25-0009064,CA,Santa Barbara,6083
25-0009065,CA,Los Angeles,6037
25-0009066,CA,San Diego,6073
25-0009067,CA,Monterey,6053
25-0009068,CA,Contra Costa,6013
25-0009069,CA,Contra Costa,6013
25-0009070,CA,Riverside,6065
25-0009071,CA,San Luis Obispo,6079
25-0009072,CA,Los Angeles,6037
25-0009073,CA,Los Angeles,6037
25-0009074,CA,Los Angeles,6037
25-0009075,CA,Sacramento,6067
25-0009076,CA,San Bernardino,6071
25-0009077,CA,San Bernardino,6071
25-0009078,CA,San Bernardino,6071
25-0009079,CA,San Francisco,6075
25-0009080,CA,Kern,6029
25-0009081,CA,Los Angeles,6037
25-0009082,CA,Contra Costa,6013
25-0009083,CA,Fresno,6019
25-0009084,CA,San Bernardino,6071
25-0009085,CA,San Mateo,6081
25-0009086,CA,Los Angeles,6037
25-0009087,CA,Riverside,6065
25-0009088,CA,Los Angeles,6037
25-0009089,CA,Orange,6059
25-0009090,CA,Merced,6047
25-0009091,CA,Los Angeles,6037
25-0009092,CA,Los Angeles,6037
25-0009093,CA,Alameda,6001
25-0009094,CA,Santa Cruz,6087
25-0009095,CA,Los Angeles,6037
25-0009096,CA,Los Angeles,6037
25-0009097,CA,Los Angeles,6037
25-0009098,CA,Kern,6029
25-0009099,CA,Los Angeles,6037
25-0009100,CA,Los Angeles,6037
25-0009101,CA,San Diego,6073
25-0009102,CA,Riverside,6065
25-0009103,CA,Los Angeles,6037
25-0009104,CA,San Diego,6073
25-0009105,CA,Los Angeles,6037
25-0009106,CA,Orange,6059
25-0009107,CA,San Bernardino,6071
25-0009108,CA,Sacramento,6067
25-0009109,CA,Contra Costa,6013
25-0009110,CA,Los Angeles,6037
25-0009111,CA,Los Angeles,6037
25-0009112,CA,Humboldt,6023
25-0009113,CA,Los Angeles,6037
25-0009114,CA,Orange,6059
25-0009115,CA,Los Angeles,6037
25-0009116,CA,El Dorado,6017
25-0009117,CA,Los Angeles,6037
25-0009118,CA,Riverside,6065
25-0009119,CA,Orange,6059
25-0009120,CA,Contra Costa,6013
25-0009121,CA,Los Angeles,6037
25-0009122,CA,Orange,6059
25-0009123,CA,Alameda,6001
25-0009124,CA,Riverside,6065
25-0009125,CA,Los Angeles,6037
25-0009126,CA,Los Angeles,6037
25-0009127,CA,San Bernardino,6071
25-0009128,CA,Los Angeles,6037
25-0009129,CA,Los Angeles,6037
25-0009130,CA,Los Angeles,6037
25-0009131,CA,Riverside,6065
25-0009132,CA,Santa Clara,6085
25-0009133,CA,Los Angeles,6037
25-0009134,CA,Santa Barbara,6083
25-0009135,CA,San Diego,6073
25-0009136,CA,Los Angeles,6037
25-0009137,CA,Los Angeles,6037
25-0009138,CA,Orange,6059
25-0009139,CA,Kern,6029
25-0009140,CA,Kern,6029
25-0009141,CA,Los Angeles,6037
25-0009142,CA,Los Angeles,6037
25-0009143,CA,San Diego,6073
25-0009144,CA,Los Angeles,6037
25-0009145,CA,Los Angeles,6037
25-0009146,CA,Los Angeles,6037
25-0009147,CA,Sutter,6101
25-0009148,CA,Los Angeles,6037
25-0009149,CA,Los Angeles,6037
25-0009150,CA,Los Angeles,6037
25-0009151,CA,San Bernardino,6071
25-0009152,CA,Santa Cruz,6087
25-0009153,CA,Los Angeles,6037
25-0009154,CA,Fresno,6019
25-0009155,CA,El Dorado,6017
25-0009156,CA,Stanislaus,6099
25-0009157,CA,Los Angeles,6037
25-0009158,CA,Los Angeles,6037
25-0009159,CA,Fresno,6019
25-0009160,CA,Los Angeles,6037
25-0009161,CA,Sacramento,6067
25-0009162,CA,Sutter,6101
25-0009163,CA,Sacramento,6067
25-0009164,CA,Los Angeles,6037
25-0009165,CA,San Bernardino,6071
25-0009166,CA,Riverside,6065
25-0009167,CA,Los Angeles,6037
25-0009168,CA,Los Angeles,6037
25-0009169,CA,Merced,6047
25-0009170,CA,Orange,6059
25-0009171,CA,Orange,6059
25-0009172,CA,Los Angeles,6037
25-0009173,CA,Kings,6031
25-0009174,CA,Sutter,6101
25-0009175,CA,Kern,6029
25-0009176,CA,Los Angeles,6037
25-0009177,CA,Riverside,6065
25-0009178,CA,Lake,6033
25-0009179,CA,Riverside,6065
25-0009180,CA,Los Angeles,6037
25-0009181,CA,Los Angeles,6037
25-0009182,CA,Los Angeles,6037
25-0009183,CA,Los Angeles,6037
25-0009184,CA,Santa Clara,6085
25-0009185,CA,San Diego,6073
25-0009186,CA,Santa Clara,6085
25-0009187,CA,Los Angeles,6037
25-0009188,CA,Tulare,6107
25-0009189,CA,San Bernardino,6071
25-0009190,CA,Fresno,6019
25-0009191,CA,Riverside,6065
25-0009192,CA,San Francisco,6075
25-0009193,CA,San Diego,6073
25-0009194,CA,Fresno,6019
25-0009195,CA,Lake,6033
25-0009196,CA,Fresno,6019
25-0009197,CA,Alameda,6001
25-0009198,CA,El Dorado,6017
25-0009199,CA,Riverside,6065
25-0009200,CA,Marin,6041
25-0009201,CA,Los Angeles,6037
25-0009202,CA,Los Angeles,6037
25-0009203,CA,San Diego,6073
25-0009204,CA,Del Norte,6015
25-0009205,CA,Orange,6059
25-0009206,CA,Los Angeles,6037
25-0009207,CA,Los Angeles,6037
25-0009208,CA,Los Angeles,6037
25-0009209,CA,Solano,6095
25-0009210,CA,Madera,6039
25-0009211,CA,Los Angeles,6037
25-0009212,CA,Los Angeles,6037
25-0009213,CA,Fresno,6019
25-0009214,CA,Los Angeles,6037
25-0009215,CA,San Bernardino,6071
25-0009216,CA,Sacramento,6067
25-0009217,CA,San Luis Obispo,6079
25-0009218,CA,Los Angeles,6037
25-0009219,CA,Los Angeles,6037
25-0009220,CA,San Bernardino,6071
25-0009221,CA,Los Angeles,6037
25-0009222,CA,Los Angeles,6037
25-0009223,CA,Fresno,6019
25-0009224,CA,San Bernardino,6071
25-0009225,CA,Los Angeles,6037
25-0009226,CA,Los Angeles,6037
25-0009227,CA,Los Angeles,6037
25-0009228,CA,Orange,6059
25-0009229,CA,Tulare,6107
25-0009230,CA,San Bernardino,6071
25-0009231,CA,Orange,6059
25-0009232,CA,Los Angeles,6037
25-0009233,CA,Los Angeles,6037
25-0009234,CA,Alameda,6001
25-0009235,CA,Los Angeles,6037
25-0009236,CA,Los Angeles,6037
25-0009237,CA,Ventura,6111
25-0009238,CA,Los Angeles,6037
25-0009239,CA,Los Angeles,6037
25-0009240,CA,Placer,6061
25-0009241,CA,Los Angeles,6037
25-0009242,CA,San Joaquin,6077
25-0009243,CA,Los Angeles,6037
25-0009244,CA,Orange,6059
25-0009245,CA,San Diego,6073
25-0009246,CA,Los Angeles,6037
25-0009247,CA,Los Angeles,6037
25-0009248,CA,Los Angeles,6037
25-0009249,CA,Orange,6059
25-0009250,CA,Riverside,6065
25-0009251,CA,Sacramento,6067
25-0009252,CA,Los Angeles,6037
25-0009253,CA,Merced,6047
25-0009254,CA,Los Angeles,6037
25-0009255,CA,Tulare,6107
25-0009256,CA,Los Angeles,6037
25-0009257,CA,San Bernardino,6071
25-0009258,CA,Santa Clara,6085
25-0009259,CA,Los Angeles,6037
25-0009260,CA,Humboldt,6023
25-0009261,CA,Los Angeles,6037
25-0009262,CA,Los Angeles,6037
25-0009263,CA,Orange,6059
25-0009264,CA,Riverside,6065
25-0009265,CA,Riverside,6065
25-0009266,CA,Los Angeles,6037
25-0009267,CA,Los Angeles,6037
25-0009268,CA,Orange,6059
25-0009269,CA,Los Angeles,6037
25-0009270,CA,Los Angeles,6037
25-0009271,CA,Los Angeles,6037
25-0009272,CA,Los Angeles,6037
25-0009273,CA,San Bernardino,6071
25-0009274,CA,Madera,6039
25-0009275,CA,Los Angeles,6037
25-0009276,CA,Los Angeles,6037
25-0009277,CA,Los Angeles,6037
25-0009278,CA,San Bernardino,6071
25-0009279,CA,Orange,6059
25-0009280,CA,San Bernardino,6071
25-0009281,CA,Los Angeles,6037
25-0009282,CA,Kings,6031
25-0009283,CA,Los Angeles,6037
25-0009284,CA,Riverside,6065
25-0009285,CA,Fresno,6019
25-0009286,CA,Los Angeles,6037
25-0009287,CA,San Francisco,6075
25-0009288,CA,Los Angeles,6037
25-0009289,CA,Los Angeles,6037
25-0009290,CA,Siskiyou,6093
25-0009291,CA,Santa Barbara,6083
25-0009292,CA,Los Angeles,6037
25-0009293,CA,San Diego,6073
25-0009294,CA,Yolo,6113
25-0009295,CA,Fresno,6019
25-0009296,CA,Los Angeles,6037
25-0009297,CA,Los Angeles,6037
25-0009298,CA,Los Angeles,6037
25-0009299,CA,Los Angeles,6037
25-0009300,CA,Los Angeles,6037
25-0009301,CA,Fresno,6019
25-0009302,CA,San Diego,6073
25-0009303,CA,San Luis Obispo,6079
25-0009304,CA,Los Angeles,6037
25-0009305,CA,Los Angeles,6037
25-0009306,CA,Sutter,6101
25-0009307,CA,Riverside,6065
25-0009308,CA,Los Angeles,6037
25-0009309,CA,Fresno,6019
25-0009310,CA,Riverside,6065
25-0009311,CA,Orange,6059
25-0009312,CA,Riverside,6065
25-0009313,CA,Alameda,6001
25-0009314,CA,San Diego,6073
25-0009315,CA,Santa Cruz,6087
25-0009316,CA,Los Angeles,6037
25-0009317,CA,Orange,6059
25-0009318,CA,Los Angeles,6037
25-0009319,CA,Riverside,6065
25-0009320,CA,Los Angeles,6037
25-0009321,CA,Orange,6059
25-0009322,CA,Tulare,6107
25-0009323,CA,Mendocino,6045
25-0009324,CA,San Bernardino,6071
25-0009325,CA,Los Angeles,6037
25-0009326,CA,Orange,6059
25-0009327,CA,Nevada,6057
25-0009328,CA,Fresno,6019
25-0009329,CA,San Bernardino,6071
25-0009330,CA,Los Angeles,6037
25-0009331,CA,Orange,6059
25-0009332,CA,San Bernardino,6071
25-0009333,CA,Los Angeles,6037
25-0009334,CA,Los Angeles,6037
25-0009335,CA,Alameda,6001
25-0009336,CA,San Bernardino,6071
25-0009337,CA,Los Angeles,6037
25-0009338,CA,Sacramento,6067
25-0009339,CA,San Bernardino,6071
25-0009340,CA,Fresno,6019
25-0009341,CA,Los Angeles,6037
25-0009342,CA,Los Angeles,6037
25-0009343,CA,Los Angeles,6037
25-0009344,CA,Los Angeles,6037
25-0009345,CA,Riverside,6065
25-0009346,CA,Contra Costa,6013
25-0009347,CA,Orange,6059
25-0009348,CA,Orange,6059
25-0009349,CA,Los Angeles,6037
25-0009350,CA,Madera,6039
25-0009351,CA,Sacramento,6067
25-0009352,CA,Los Angeles,6037
25-0009353,CA,Los Angeles,6037
25-0009354,CA,Los Angeles,6037
25-0009355,CA,Sacramento,6067
25-0009356,CA,Los Angeles,6037
25-0009357,CA,Los Angeles,6037
25-0009358,CA,San Mateo,6081
25-0009359,CA,El Dorado,6017
25-0009360,CA,Los Angeles,6037
25-0009361,CA,Los Angeles,6037
25-0009362,CA,San Bernardino,6071
25-0009363,CA,Ventura,6111
25-0009364,CA,Santa Clara,6085
25-0009365,CA,San Bernardino,6071
25-0009366,CA,Orange,6059
25-0009367,CA,Los Angeles,6037
25-0009368,CA,Los Angeles,6037
25-0009369,CA,Shasta,6089
25-0009370,CA,San Diego,6073
25-0009371,CA,San Bernardino,6071
25-0009372,CA,Placer,6061
25-0009373,CA,Riverside,6065
25-0009374,CA,Santa Barbara,6083
25-0009375,CA,Riverside,6065
25-0009376,CA,Los Angeles,6037
25-0009377,CA,Sacramento,6067
25-0009378,CA,Alameda,6001
25-0009379,CA,San Bernardino,6071
25-0009380,CA,Placer,6061
25-0009381,CA,San Bernardino,6071
25-0009382,CA,Orange,6059
25-0009383,CA,Los Angeles,6037
25-0009384,CA,Nevada,6057
25-0009385,CA,Orange,6059
25-0009386,CA,Los Angeles,6037
25-0009387,CA,Riverside,6065
25-0009388,CA,Los Angeles,6037
25-0009389,CA,Los Angeles,6037
25-0009390,CA,Los Angeles,6037
25-0009391,CA,Los Angeles,6037
25-0009392,CA,Fresno,6019
25-0009393,CA,Los Angeles,6037
25-0009394,CA,Sacramento,6067
25-0009395,CA,San Bernardino,6071
25-0009396,CA,Los Angeles,6037
25-0009397,CA,Orange,6059
25-0009398,CA,Sacramento,6067
25-0009399,CA,Los Angeles,6037
25-0009400,CA,Los Angeles,6037
25-0009401,CA,Los Angeles,6037
25-0009402,CA,San Bernardino,6071
25-0009403,CA,Shasta,6089
25-0009404,CA,Los Angeles,6037
25-0009405,CA,Imperial,6025
25-0009406,CA,Los Angeles,6037
25-0009407,CA,San Bernardino,6071
25-0009408,CA,Los Angeles,6037
25-0009409,CA,Lake,6033
25-0009410,CA,Sutter,6101
25-0009411,CA,San Bernardino,6071
25-0009412,CA,Tuolumne,6109
25-0009413,CA,Los Angeles,6037
25-0009414,CA,Los Angeles,6037
25-0009415,CA,Los Angeles,6037
25-0009416,CA,Fresno,6019
25-0009417,CA,Santa Clara,6085
25-0009418,CA,Merced,6047
25-0009419,CA,Orange,6059
25-0009420,CA,San Diego,6073
25-0009421,CA,Los Angeles,6037
25-0009422,CA,Solano,6095
25-0009423,CA,Los Angeles,6037
25-0009424,CA,San Joaquin,6077
25-0009425,CA,Los Angeles,6037
25-0009426,CA,Los Angeles,6037
25-0009427,CA,San Bernardino,6071
25-0009428,CA,San Joaquin,6077
25-0009429,CA,Los Angeles,6037
25-0009430,CA,Los Angeles,6037
25-0009431,CA,San Bernardino,6071
25-0009432,CA,Ventura,6111
25-0009433,CA,Tulare,6107
25-0009434,CA,Placer,6061
25-0009435,CA,Orange,6059
25-0009436,CA,Yolo,6113
25-0009437,CA,Los Angeles,6037
25-0009438,CA,Kern,6029
25-0009439,CA,Orange,6059
25-0009440,CA,Fresno,6019
25-0009441,CA,Mendocino,6045
25-0009442,CA,Los Angeles,6037
25-0009443,CA,Kern,6029
25-0009444,CA,Orange,6059
25-0009445,CA,Orange,6059
25-0009446,CA,Los Angeles,6037
25-0009447,CA,Orange,6059
25-0009448,CA,Orange,6059
25-0009449,CA,Los Angeles,6037
25-0009450,CA,Los Angeles,6037
25-0009451,CA,Los Angeles,6037
25-0009452,CA,Riverside,6065
25-0009453,CA,Placer,6061
25-0009454,CA,Los Angeles,6037
25-0009455,CA,San Francisco,6075
25-0009456,CA,Orange,6059
25-0009457,CA,Orange,6059
25-0009458,CA,Los Angeles,6037
25-0009459,CA,Humboldt,6023
25-0009460,CA,San Joaquin,6077
25-0009461,CA,Los Angeles,6037
25-0009462,CA,Riverside,6065
25-0009463,CA,Los Angeles,6037
25-0009464,CA,San Diego,6073
25-0009465,CA,Contra Costa,6013
25-0009466,CA,Los Angeles,6037
25-0009467,CA,Los Angeles,6037
25-0009468,CA,Ventura,6111
25-0009469,CA,Los Angeles,6037
25-0009470,CA,Los Angeles,6037
25-0009471,CA,San Bernardino,6071
25-0009472,CA,Los Angeles,6037
25-0009473,CA,Santa Clara,6085
25-0009474,CA,Orange,6059
25-0009475,CA,San Bernardino,6071
25-0009476,CA,Los Angeles,6037
25-0009477,CA,Riverside,6065
25-0009478,CA,Los Angeles,6037
25-0009479,CA,Riverside,6065
25-0009480,CA,Los Angeles,6037
25-0009481,CA,Los Angeles,6037
25-0009482,CA,San Francisco,6075
25-0009483,CA,Los Angeles,6037
25-0009484,CA,Los Angeles,6037
25-0009485,CA,Alameda,6001
25-0009486,CA,Los Angeles,6037
25-0009487,CA,Santa Clara,6085
25-0009488,CA,Ventura,6111
25-0009489,CA,Kern,6029
25-0009490,CA,Ventura,6111
25-0009491,CA,San Bernardino,6071
25-0009492,CA,Sacramento,6067
25-0009493,CA,Los Angeles,6037
25-0009494,CA,Monterey,6053
25-0009495,CA,Los Angeles,6037
25-0009496,CA,San Bernardino,6071
25-0009497,CA,Los Angeles,6037
25-0009498,CA,Los Angeles,6037
25-0009499,CA,Riverside,6065
25-0009500,CA,Riverside,6065
25-0009501,CA,Stanislaus,6099
25-0009502,CA,Los Angeles,6037
25-0009503,CA,Solano,6095
25-0009504,CA,Alameda,6001
25-0009505,CA,San Mateo,6081
25-0009506,CA,Los Angeles,6037
25-0009507,CA,Los Angeles,6037
25-0009508,CA,Los Angeles,6037
25-0009509,CA,Los Angeles,6037
25-0009510,CA,Kern,6029
25-0009511,CA,Orange,6059
25-0009512,CA,San Joaquin,6077
25-0009513,CA,Tehama,6103
25-0009514,CA,Los Angeles,6037
25-0009515,CA,Los Angeles,6037
25-0009516,CA,Sacramento,6067
25-0009517,CA,San Mateo,6081
25-0009518,CA,Los Angeles,6037
25-0009519,CA,San Bernardino,6071
25-0009520,CA,Los Angeles,6037
25-0009521,CA,Kern,6029
25-0009522,CA,Los Angeles,6037
25-0009523,CA,Santa Clara,6085
25-0009524,CA,San Bernardino,6071
25-0009525,CA,Kern,6029
25-0009526,CA,Los Angeles,6037
25-0009527,CA,Los Angeles,6037
25-0009528,CA,Solano,6095
25-0009529,CA,Los Angeles,6037
25-0009530,CA,Napa,6055
25-0009531,CA,Tulare,6107
25-0009532,CA,San Mateo,6081
25-0009533,CA,Alameda,6001
25-0009534,CA,Riverside,6065
25-0009535,CA,Riverside,6065
25-0009536,CA,Riverside,6065
25-0009537,CA,Los Angeles,6037
25-0009538,CA,San Diego,6073
25-0009539,CA,Los Angeles,6037
25-0009540,CA,Sacramento,6067
25-0009541,CA,Orange,6059
25-0009542,CA,Sonoma,6097
25-0009543,CA,Alameda,6001
25-0009544,CA,Kern,6029
25-0009545,CA,San Bernardino,6071
25-0009546,CA,Los Angeles,6037
25-0009547,CA,San Joaquin,6077
25-0009548,CA,Los Angeles,6037
25-0009549,CA,Riverside,6065
25-0009550,CA,Los Angeles,6037
25-0009551,CA,Alameda,6001
25-0009552,CA,Orange,6059
25-0009553,CA,Los Angeles,6037
25-0009554,CA,Colusa,6011
25-0009555,CA,Los Angeles,6037
25-0009556,CA,Orange,6059
25-0009557,CA,Los Angeles,6037
25-0009558,CA,Los Angeles,6037
25-0009559,CA,San Bernardino,6071
25-0009560,CA,Los Angeles,6037
25-0009561,CA,Los Angeles,6037
25-0009562,CA,San Francisco,6075
25-0009563,CA,Los Angeles,6037
25-0009564,CA,Fresno,6019
25-0009565,CA,San Diego,6073
25-0009566,CA,Los Angeles,6037
25-0009567,CA,Monterey,6053
25-0009568,CA,Los Angeles,6037
25-0009569,CA,Kern,6029
25-0009570,CA,Kern,6029
25-0009571,CA,Madera,6039
25-0009572,CA,Los Angeles,6037
25-0009573,CA,Los Angeles,6037
25-0009574,CA,San Mateo,6081
25-0009575,CA,Santa Clara,6085
25-0009576,CA,Los Angeles,6037
25-0009577,CA,Sacramento,6067
25-0009578,CA,Napa,6055
25-0009579,CA,San Joaquin,6077
25-0009580,CA,Riverside,6065
25-0009581,CA,Tulare,6107
25-0009582,CA,Sacramento,6067
25-0009583,CA,San Bernardino,6071
25-0009584,CA,Orange,6059
25-0009585,CA,San Diego,6073
25-0009586,CA,San Joaquin,6077
25-0009587,CA,San Bernardino,6071
25-0009588,CA,Los Angeles,6037
25-0009589,CA,Monterey,6053
25-0009590,CA,Los Angeles,6037
25-0009591,CA,Los Angeles,6037
25-0009592,CA,Orange,6059
25-0009593,CA,Tulare,6107
25-0009594,CA,Los Angeles,6037
25-0009595,CA,Los Angeles,6037
25-0009596,CA,Los Angeles,6037
25-0009597,CA,Los Angeles,6037
25-0009598,CA,San Bernardino,6071
25-0009599,CA,San Mateo,6081
25-0009600,CA,San Bernardino,6071
25-0009601,CA,Los Angeles,6037
25-0009602,CA,Los Angeles,6037
25-0009603,CA,Orange,6059
25-0009604,CA,Los Angeles,6037
25-0009605,CA,Ventura,6111
25-0009606,CA,Los Angeles,6037
25-0009607,CA,Fresno,6019
25-0009608,CA,Marin,6041
25-0009609,CA,Los Angeles,6037
25-0009610,CA,Monterey,6053
25-0009611,CA,Sonoma,6097
25-0009612,CA,Los Angeles,6037
25-0009613,CA,Orange,6059
25-0009614,CA,San Bernardino,6071
25-0009615,CA,Santa Barbara,6083
25-0009616,CA,Orange,6059
25-0009617,CA,Los Angeles,6037
25-0009618,CA,Humboldt,6023
25-0009619,CA,San Francisco,6075
25-0009620,CA,Nevada,6057
25-0009621,CA,Kern,6029
25-0009622,CA,San Bernardino,6071
25-0009623,CA,Los Angeles,6037
25-0009624,CA,Los Angeles,6037
25-0009625,CA,Alameda,6001
25-0009626,CA,Sacramento,6067
25-0009627,CA,Riverside,6065
25-0009628,CA,Los Angeles,6037
25-0009629,CA,Butte,6007
25-0009630,CA,Santa Clara,6085
25-0009631,CA,Los Angeles,6037
25-0009632,CA,Santa Cruz,6087
25-0009633,CA,Orange,6059
25-0009634,CA,Los Angeles,6037
25-0009635,CA,Orange,6059
25-0009636,CA,Riverside,6065
25-0009637,CA,Los Angeles,6037
25-0009638,CA,Orange,6059
25-0009639,CA,Los Angeles,6037
25-0009640,CA,Riverside,6065
25-0009641,CA,Orange,6059
25-0009642,CA,Santa Clara,6085
25-0009643,CA,Santa Clara,6085
25-0009644,CA,Orange,6059
25-0009645,CA,Los Angeles,6037
25-0009646,CA,Los Angeles,6037
25-0009647,CA,Los Angeles,6037
25-0009648,CA,Santa Clara,6085
25-0009649,CA,Kern,6029
25-0009650,CA,Orange,6059
25-0009651,CA,Los Angeles,6037
25-0009652,CA,Los Angeles,6037
25-0009653,CA,Riverside,6065
25-0009654,CA,Humboldt,6023
25-0009655,CA,Merced,6047
25-0009656,CA,Contra Costa,6013
25-0009657,CA,Los Angeles,6037
25-0009658,CA,Riverside,6065
25-0009659,CA,Solano,6095
25-0009660,CA,San Luis Obispo,6079
25-0009661,CA,San Francisco,6075
25-0009662,CA,Los Angeles,6037
25-0009663,CA,Los Angeles,6037
25-0009664,CA,Fresno,6019
25-0009665,CA,Los Angeles,6037
25-0009666,CA,Monterey,6053
25-0009667,CA,Shasta,6089
25-0009668,CA,Orange,6059
25-0009669,CA,Sacramento,6067
25-0009670,CA,Los Angeles,6037
25-0009671,CA,Contra Costa,6013
25-0009672,CA,Los Angeles,6037
25-0009673,CA,Alameda,6001
25-0009674,CA,Los Angeles,6037
25-0009675,CA,Orange,6059
25-0009676,CA,Los Angeles,6037
25-0009677,CA,Riverside,6065
25-0009678,CA,Napa,6055
25-0009679,CA,Los Angeles,6037
25-0009680,CA,San Joaquin,6077
25-0009681,CA,Riverside,6065
25-0009682,CA,Tulare,6107
25-0009683,CA,Los Angeles,6037
25-0009684,CA,Riverside,6065
25-0009685,CA,Los Angeles,6037
25-0009686,CA,Orange,6059
25-0009687,CA,San Bernardino,6071
25-0009688,CA,San Bernardino,6071
25-0009689,CA,Los Angeles,6037
25-0009690,CA,Ventura,6111
25-0009691,CA,San Diego,6073
25-0009692,CA,Los Angeles,6037
25-0009693,CA,Kern,6029
25-0009694,CA,Orange,6059
25-0009695,CA,Los Angeles,6037
25-0009696,CA,Orange,6059
25-0009697,CA,Orange,6059
25-0009698,CA,Riverside,6065
25-0009699,CA,Orange,6059
25-0009700,CA,Kern,6029
25-0009701,CA,Los Angeles,6037
25-0009702,CA,Los Angeles,6037
25-0009703,CA,San Bernardino,6071
25-0009704,CA,San Mateo,6081
25-0009705,CA,San Diego,6073
25-0009706,CA,Santa Clara,6085
25-0009707,CA,Los Angeles,6037
25-0009708,CA,Kern,6029
25-0009709,CA,Sutter,6101
25-0009710,CA,Los Angeles,6037
25-0009711,CA,Butte,6007
25-0009712,CA,Fresno,6019
25-0009713,CA,Butte,6007
25-0009714,CA,Los Angeles,6037
25-0009715,CA,Orange,6059
25-0009716,CA,Riverside,6065
25-0009717,CA,Los Angeles,6037
25-0009718,CA,Los Angeles,6037
25-0009719,CA,Los Angeles,6037
25-0009720,CA,Orange,6059
25-0009721,CA,Madera,6039
25-0009722,CA,San Bernardino,6071
25-0009723,CA,Los Angeles,6037
25-0009724,CA,Santa Clara,6085
25-0009725,CA,San Bernardino,6071
25-0009726,CA,Nevada,6057
25-0009727,CA,Los Angeles,6037
25-0009728,CA,Napa,6055
25-0009729,CA,San Bernardino,6071
25-0009730,CA,Los Angeles,6037
25-0009731,CA,San Bernardino,6071
25-0009732,CA,Riverside,6065
25-0009733,CA,Los Angeles,6037
25-0009734,CA,Yolo,6113
25-0009735,CA,Sacramento,6067
25-0009736,CA,Riverside,6065
25-0009737,CA,Los Angeles,6037
25-0009738,CA,Los Angeles,6037
25-0009739,CA,San Bernardino,6071
25-0009740,CA,Placer,6061
25-0009741,CA,San Diego,6073
25-0009742,CA,Sacramento,6067
25-0009743,CA,Butte,6007
25-0009744,CA,San Joaquin,6077
25-0009745,CA,Riverside,6065
25-0009746,CA,Orange,6059
25-0009747,CA,Marin,6041
25-0009748,CA,Fresno,6019
25-0009749,CA,Butte,6007
25-0009750,CA,Los Angeles,6037
25-0009751,CA,Riverside,6065
25-0009752,CA,Merced,6047
25-0009753,CA,Sacramento,6067
25-0009754,CA,San Diego,6073
25-0009755,CA,Riverside,6065
25-0009756,CA,Merced,6047
25-0009757,CA,Los Angeles,6037
25-0009758,CA,Alameda,6001
25-0009759,CA,Los Angeles,6037
25-0009760,CA,Contra Costa,6013
25-0009761,CA,San Bernardino,6071
25-0009762,CA,Orange,6059
25-0009763,CA,Shasta,6089
25-0009764,CA,Sacramento,6067
25-0009765,CA,San Diego,6073
25-0009766,CA,Los Angeles,6037
25-0009767,CA,Los Angeles,6037
25-0009768,CA,Riverside,6065
25-0009769,CA,Los Angeles,6037
25-0009770,CA,Orange,6059
25-0009771,CA,Stanislaus,6099
25-0009772,CA,Fresno,6019
25-0009773,CA,Stanislaus,6099
25-0009774,CA,Los Angeles,6037
25-0009775,CA,San Diego,6073
25-0009776,CA,Los Angeles,6037
25-0009777,CA,Fresno,6019
25-0009778,CA,Los Angeles,6037
25-0009779,CA,Los Angeles,6037
25-0009780,CA,Lake,6033
25-0009781,CA,San Bernardino,6071
25-0009782,CA,Riverside,6065
25-0009783,CA,San Bernardino,6071
25-0009784,CA,Los Angeles,6037
25-0009785,CA,Alameda,6001
25-0009786,CA,Orange,6059
25-0009787,CA,Los Angeles,6037
25-0009788,CA,Riverside,6065
25-0009789,CA,Orange,6059
25-0009790,CA,Santa Cruz,6087
25-0009791,CA,Santa Clara,6085
25-0009792,CA,Fresno,6019
25-0009793,CA,Los Angeles,6037
25-0009794,CA,Los Angeles,6037
25-0009795,CA,Mendocino,6045
25-0009796,CA,Los Angeles,6037
25-0009797,CA,Sonoma,6097
25-0009798,CA,San Diego,6073
25-0009799,CA,Orange,6059
25-0009800,CA,Monterey,6053
25-0009801,CA,Contra Costa,6013
25-0009802,CA,Orange,6059
25-0009803,CA,San Bernardino,6071
25-0009804,CA,Los Angeles,6037
25-0009805,CA,Riverside,6065
25-0009806,CA,Los Angeles,6037
25-0009807,CA,Riverside,6065
25-0009808,CA,Los Angeles,6037
25-0009809,CA,Los Angeles,6037
25-0009810,CA,Los Angeles,6037
25-0009811,CA,San Luis Obispo,6079
25-0009812,CA,Riverside,6065
25-0009813,CA,Solano,6095
25-0009814,CA,Humboldt,6023
25-0009815,CA,San Diego,6073
25-0009816,CA,Los Angeles,6037
25-0009817,CA,Los Angeles,6037
25-0009818,CA,Los Angeles,6037
25-0009819,CA,Los Angeles,6037
25-0009820,CA,Riverside,6065
25-0009821,CA,Los Angeles,6037
25-0009822,CA,Los Angeles,6037
25-0009823,CA,Orange,6059
25-0009824,CA,Orange,6059
25-0009825,CA,Los Angeles,6037
25-0009826,CA,Los Angeles,6037
25-0009827,CA,San Bernardino,6071
25-0009828,CA,Los Angeles,6037
25-0009829,CA,Orange,6059
25-0009830,CA,San Diego,6073
25-0009831,CA,Los Angeles,6037
25-0009832,CA,Los Angeles,6037
25-0009833,CA,Los Angeles,6037
25-0009834,CA,Kern,6029
25-0009835,CA,Los Angeles,6037
25-0009836,CA,San Bernardino,6071
25-0009837,CA,San Bernardino,6071
25-0009838,CA,Los Angeles,6037
25-0009839,CA,Los Angeles,6037
25-0009840,CA,Los Angeles,6037
25-0009841,CA,Yolo,6113
25-0009842,CA,Los Angeles,6037
25-0009843,CA,Los Angeles,6037
25-0009844,CA,Fresno,6019
25-0009845,CA,Los Angeles,6037
25-0009846,CA,San Bernardino,6071
25-0009847,CA,Los Angeles,6037
25-0009848,CA,Plumas,6063
25-0009849,CA,Los Angeles,6037
25-0009850,CA,Sacramento,6067
25-0009851,CA,Los Angeles,6037
25-0009852,CA,Los Angeles,6037
25-0009853,CA,Kern,6029
25-0009854,CA,Santa Clara,6085
25-0009855,CA,Kings,6031
25-0009856,CA,Los Angeles,6037
25-0009857,CA,San Bernardino,6071
25-0009858,CA,Los Angeles,6037
25-0009859,CA,Fresno,6019
25-0009860,CA,Los Angeles,6037
25-0009861,CA,San Diego,6073
25-0009862,CA,San Bernardino,6071
25-0009863,CA,Ventura,6111
25-0009864,CA,Orange,6059
25-0009865,CA,Riverside,6065
25-0009866,CA,Sacramento,6067
25-0009867,CA,Orange,6059
25-0009868,CA,Riverside,6065
25-0009869,CA,Orange,6059
25-0009870,CA,San Diego,6073
25-0009871,CA,Fresno,6019
25-0009872,CA,Solano,6095
25-0009873,CA,Orange,6059
25-0009874,CA,Nevada,6057
25-0009875,CA,San Diego,6073
25-0009876,CA,Kern,6029
25-0009877,CA,Los Angeles,6037
25-0009878,CA,Merced,6047
25-0009879,CA,Los Angeles,6037
25-0009880,CA,Fresno,6019
25-0009881,CA,Los Angeles,6037
25-0009882,CA,San Bernardino,6071
25-0009883,CA,Los Angeles,6037
25-0009884,CA,Los Angeles,6037
25-0009885,CA,Los Angeles,6037
25-0009886,CA,Los Angeles,6037
25-0009887,CA,Los Angeles,6037
25-0009888,CA,San Joaquin,6077
25-0009889,CA,Humboldt,6023
25-0009890,CA,Tulare,6107
25-0009891,CA,Orange,6059
25-0009892,CA,Los Angeles,6037
25-0009893,CA,Los Angeles,6037
25-0009894,CA,Stanislaus,6099
25-0009895,CA,Alameda,6001
25-0009896,CA,Los Angeles,6037
25-0009897,CA,San Bernardino,6071
25-0009898,CA,Los Angeles,6037
25-0009899,CA,Los Angeles,6037
25-0009900,CA,Los Angeles,6037
25-0009901,CA,Los Angeles,6037
25-0009902,CA,Los Angeles,6037
25-0009903,CA,Los Angeles,6037
25-0009904,CA,Tehama,6103
25-0009905,CA,Los Angeles,6037
25-0009906,CA,Yuba,6115
25-0009907,CA,Ventura,6111
25-0009908,CA,Los Angeles,6037
25-0009909,CA,San Bernardino,6071
25-0009910,CA,Madera,6039
25-0009911,CA,Riverside,6065
25-0009912,CA,Los Angeles,6037
25-0009913,CA,Orange,6059
25-0009914,CA,San Francisco,6075
25-0009915,CA,Los Angeles,6037
25-0009916,CA,Los Angeles,6037
25-0009917,CA,Yuba,6115
25-0009918,CA,Stanislaus,6099
25-0009919,CA,Los Angeles,6037
25-0009920,CA,Los Angeles,6037
25-0009921,CA,Butte,6007
25-0009922,CA,San Diego,6073
25-0009923,CA,Orange,6059
25-0009924,CA,San Joaquin,6077
25-0009925,CA,Yolo,6113
25-0009926,CA,Kings,6031
25-0009927,CA,Orange,6059
25-0009928,CA,Los Angeles,6037
25-0009929,CA,San Bernardino,6071
25-0009930,CA,Alameda,6001
25-0009931,CA,San Bernardino,6071
25-0009932,CA,Stanislaus,6099
25-0009933,CA,San Bernardino,6071
25-0009934,CA,Sacramento,6067
25-0009935,CA,Orange,6059
25-0009936,CA,Sacramento,6067
25-0009937,CA,Los Angeles,6037
25-0009938,CA,Ventura,6111
25-0009939,CA,Los Angeles,6037
25-0009940,CA,Riverside,6065
25-0009941,CA,Los Angeles,6037
25-0009942,CA,El Dorado,6017
25-0009943,CA,Los Angeles,6037
25-0009944,CA,Los Angeles,6037
25-0009945,CA,Los Angeles,6037
25-0009946,CA,Los Angeles,6037
25-0009947,CA,San Bernardino,6071
25-0009948,CA,Orange,6059
25-0009949,CA,Contra Costa,6013
25-0009950,CA,Los Angeles,6037
25-0009951,CA,Imperial,6025
25-0009952,CA,Los Angeles,6037
25-0009953,CA,Los Angeles,6037
25-0009954,CA,San Joaquin,6077
25-0009955,CA,Los Angeles,6037
25-0009956,CA,Fresno,6019
25-0009957,CA,Los Angeles,6037
25-0009958,CA,Los Angeles,6037
25-0009959,CA,Riverside,6065
25-0009960,CA,Orange,6059
25-0009961,CA,San Bernardino,6071
25-0009962,CA,San Luis Obispo,6079
25-0009963,CA,Los Angeles,6037
25-0009964,CA,Los Angeles,6037
25-0009965,CA,Fresno,6019
25-0009966,CA,Marin,6041
25-0009967,CA,Los Angeles,6037
25-0009968,CA,Los Angeles,6037
25-0009969,CA,Los Angeles,6037
25-0009970,CA,Placer,6061
25-0009971,CA,San Francisco,6075
25-0009972,CA,Los Angeles,6037
25-0009973,CA,Los Angeles,6037
25-0009974,CA,San Francisco,6075
25-0009975,CA,Los Angeles,6037
25-0009976,CA,Los Angeles,6037
25-0009977,CA,Alameda,6001
25-0009978,CA,Los Angeles,6037
25-0009979,CA,Merced,6047
25-0009980,CA,Los Angeles,6037
25-0009981,CA,San Bernardino,6071
25-0009982,CA,Los Angeles,6037
25-0009983,CA,Los Angeles,6037
25-0009984,CA,Los Angeles,6037
25-0009985,CA,Orange,6059
25-0009986,CA,Los Angeles,6037
25-0009987,CA,Lake,6033
25-0009988,CA,Riverside,6065
25-0009989,CA,Orange,6059
25-0009990,CA,Napa,6055
25-0009991,CA,Los Angeles,6037
25-0009992,CA,Kern,6029
25-0009993,CA,San Bernardino,6071
25-0009994,CA,Riverside,6065
25-0009995,CA,Placer,6061
25-0009996,CA,Ventura,6111
25-0009997,CA,Santa Barbara,6083
25-0009998,CA,Kern,6029
25-0009999,CA,Los Angeles,6037
25-0010000,CA,Orange,6059
25-0010001,CA,Los Angeles,6037
25-0010002,CA,Shasta,6089
25-0010003,CA,Sacramento,6067
25-0010004,CA,Los Angeles,6037
25-0010005,CA,Fresno,6019
25-0010006,CA,Los Angeles,6037
25-0010007,CA,Los Angeles,6037
25-0010008,CA,Los Angeles,6037
25-0010009,CA,San Bernardino,6071
25-0010010,CA,Los Angeles,6037
25-0010011,CA,Los Angeles,6037
25-0010012,CA,Kern,6029
25-0010013,CA,Del Norte,6015
25-0010014,CA,Los Angeles,6037
25-0010015,CA,Los Angeles,6037
25-0010016,CA,Sacramento,6067
25-0010017,CA,Santa Clara,6085
25-0010018,CA,Los Angeles,6037
25-0010019,CA,Los Angeles,6037
25-0010020,CA,Contra Costa,6013
25-0010021,CA,Alameda,6001
25-0010022,CA,Los Angeles,6037
25-0010023,CA,San Joaquin,6077
25-0010024,CA,Riverside,6065
25-0010025,CA,Los Angeles,6037
25-0010026,CA,San Bernardino,6071
25-0010027,CA,Los Angeles,6037
25-0010028,CA,Napa,6055
25-0010029,CA,Tehama,6103
25-0010030,CA,Riverside,6065
25-0010031,CA,San Francisco,6075
25-0010032,CA,Los Angeles,6037
25-0010033,CA,Contra Costa,6013
25-0010034,CA,San Bernardino,6071
25-0010035,CA,Sacramento,6067
25-0010036,CA,Los Angeles,6037
25-0010037,CA,Orange,6059
25-0010038,CA,Riverside,6065
25-0010039,CA,Riverside,6065
25-0010040,CA,Orange,6059
25-0010041,CA,Los Angeles,6037
25-0010042,CA,Orange,6059
25-0010043,CA,Butte,6007
25-0010044,CA,San Bernardino,6071
25-0010045,CA,Los Angeles,6037
25-0010046,CA,Los Angeles,6037
25-0010047,CA,Los Angeles,6037
25-0010048,CA,Riverside,6065
25-0010049,CA,San Joaquin,6077
25-0010050,CA,Santa Barbara,6083
25-0010051,CA,Los Angeles,6037
25-0010052,CA,Butte,6007
25-0010053,CA,Los Angeles,6037
25-0010054,CA,Los Angeles,6037
25-0010055,CA,Tulare,6107
25-0010056,CA,Fresno,6019
25-0010057,CA,Santa Clara,6085
25-0010058,CA,San Diego,6073
25-0010059,CA,Los Angeles,6037
25-0010060,CA,Riverside,6065
25-0010061,CA,Santa Clara,6085
25-0010062,CA,Riverside,6065
25-0010063,CA,Orange,6059
25-0010064,CA,Stanislaus,6099
25-0010065,CA,San Bernardino,6071
25-0010066,CA,Orange,6059
25-0010067,CA,San Francisco,6075
25-0010068,CA,Orange,6059
25-0010069,CA,Los Angeles,6037
25-0010070,CA,Los Angeles,6037
25-0010071,CA,Shasta,6089
25-0010072,CA,San Joaquin,6077
25-0010073,CA,Riverside,6065
25-0010074,CA,Los Angeles,6037
25-0010075,CA,Imperial,6025
25-0010076,CA,Riverside,6065
25-0010077,CA,Orange,6059
25-0010078,CA,Los Angeles,6037
25-0010079,CA,Sacramento,6067
25-0010080,CA,Los Angeles,6037
25-0010081,CA,Kern,6029
25-0010082,CA,Kern,6029
25-0010083,CA,Riverside,6065
25-0010084,CA,Los Angeles,6037
25-0010085,CA,Riverside,6065
25-0010086,CA,Kern,6029
25-0010087,CA,Monterey,6053
25-0010088,CA,Los Angeles,6037
25-0010089,CA,Riverside,6065
25-0010090,CA,Riverside,6065
25-0010091,CA,El Dorado,6017
25-0010092,CA,San Bernardino,6071
25-0010093,CA,Los Angeles,6037
25-0010094,CA,San Bernardino,6071
25-0010095,CA,Riverside,6065
25-0010096,CA,Riverside,6065
25-0010097,CA,San Bernardino,6071
25-0010098,CA,Los Angeles,6037
25-0010099,CA,Riverside,6065
25-0010100,CA,Los Angeles,6037
25-0010101,CA,Los Angeles,6037
25-0010102,CA,Orange,6059
25-0010103,CA,Butte,6007
25-0010104,CA,Orange,6059
25-0010105,CA,San Diego,6073
25-0010106,CA,Orange,6059
25-0010107,CA,Los Angeles,6037
25-0010108,CA,Los Angeles,6037
25-0010109,CA,Los Angeles,6037
25-0010110,CA,Los Angeles,6037
25-0010111,CA,Santa Barbara,6083
25-0010112,CA,Kings,6031
25-0010113,CA,San Diego,6073
25-0010114,CA,Shasta,6089
25-0010115,CA,San Bernardino,6071
25-0010116,CA,Los Angeles,6037
25-0010117,CA,Los Angeles,6037
25-0010118,CA,Humboldt,6023
25-0010119,CA,Orange,6059
25-0010120,CA,Los Angeles,6037
25-0010121,CA,Alameda,6001
25-0010122,CA,Sacramento,6067
25-0010123,CA,Los Angeles,6037
25-0010124,CA,Contra Costa,6013
25-0010125,CA,San Joaquin,6077
25-0010126,CA,San Bernardino,6071
25-0010127,CA,Los Angeles,6037
25-0010128,CA,Los Angeles,6037
25-0010129,CA,Alameda,6001
25-0010130,CA,San Bernardino,6071
25-0010131,CA,Los Angeles,6037
25-0010132,CA,Los Angeles,6037
25-0010133,CA,Los Angeles,6037
25-0010134,CA,Los Angeles,6037
25-0010135,CA,San Bernardino,6071
25-0010136,CA,San Diego,6073
25-0010137,CA,Orange,6059
25-0010138,CA,Los Angeles,6037
25-0010139,CA,Los Angeles,6037
25-0010140,CA,San Francisco,6075
25-0010141,CA,Los Angeles,6037
25-0010142,CA,Imperial,6025
25-0010143,CA,Orange,6059
25-0010144,CA,San Diego,6073
25-0010145,CA,Madera,6039
25-0010146,CA,Los Angeles,6037
25-0010147,CA,San Benito,6069
25-0010148,CA,Ventura,6111
25-0010149,CA,Kern,6029
25-0010150,CA,Los Angeles,6037
25-0010151,CA,Los Angeles,6037
25-0010152,CA,Los Angeles,6037
25-0010153,CA,Los Angeles,6037
25-0010154,CA,San Diego,6073
25-0010155,CA,Santa Clara,6085
25-0010156,CA,Merced,6047
25-0010157,CA,Madera,6039
25-0010158,CA,San Diego,6073
25-0010159,CA,San Francisco,6075
25-0010160,CA,Tuolumne,6109
25-0010161,CA,Orange,6059
25-0010162,CA,Stanislaus,6099
25-0010163,CA,San Bernardino,6071
25-0010164,CA,Humboldt,6023
25-0010165,CA,Riverside,6065
25-0010166,CA,Los Angeles,6037
25-0010167,CA,Los Angeles,6037
25-0010168,CA,Los Angeles,6037
25-0010169,CA,San Bernardino,6071
25-0010170,CA,Riverside,6065
25-0010171,CA,Los Angeles,6037
25-0010172,CA,Tulare,6107
25-0010173,CA,San Joaquin,6077
25-0010174,CA,Los Angeles,6037
25-0010175,CA,Los Angeles,6037
25-0010176,CA,Santa Barbara,6083
25-0010177,CA,Los Angeles,6037
25-0010178,CA,Los Angeles,6037
25-0010179,CA,Madera,6039
25-0010180,CA,San Luis Obispo,6079
25-0010181,CA,San Mateo,6081
25-0010182,CA,Fresno,6019
25-0010183,CA,Los Angeles,6037
25-0010184,CA,San Diego,6073
25-0010185,CA,Los Angeles,6037
25-0010186,CA,Orange,6059
25-0010187,CA,Amador,6005
25-0010188,CA,Ventura,6111
25-0010189,CA,San Bernardino,6071
25-0010190,CA,Alameda,6001
25-0010191,CA,San Bernardino,6071
25-0010192,CA,San Mateo,6081
25-0010193,CA,Riverside,6065
25-0010194,CA,Los Angeles,6037
25-0010195,CA,Humboldt,6023
25-0010196,CA,Orange,6059
25-0010197,CA,Los Angeles,6037
25-0010198,CA,Riverside,6065
25-0010199,CA,Los Angeles,6037
25-0010200,CA,San Bernardino,6071
25-0010201,CA,Los Angeles,6037
25-0010202,CA,Los Angeles,6037
25-0010203,CA,Riverside,6065
25-0010204,CA,San Bernardino,6071
25-0010205,CA,Los Angeles,6037
25-0010206,CA,Amador,6005
25-0010207,CA,San Francisco,6075
25-0010208,CA,Los Angeles,6037
25-0010209,CA,Los Angeles,6037
25-0010210,CA,Los Angeles,6037
25-0010211,CA,Orange,6059
25-0010212,CA,Los Angeles,6037
25-0010213,CA,Los Angeles,6037
25-0010214,CA,Stanislaus,6099
25-0010215,CA,Yolo,6113
25-0010216,CA,San Diego,6073
25-0010217,CA,Los Angeles,6037
25-0010218,CA,Orange,6059
25-0010219,CA,San Bernardino,6071
25-0010220,CA,Los Angeles,6037
25-0010221,CA,Stanislaus,6099
25-0010222,CA,Orange,6059
25-0010223,CA,Los Angeles,6037
25-0010224,CA,Los Angeles,6037
25-0010225,CA,San Bernardino,6071
25-0010226,CA,Fresno,6019
25-0010227,CA,San Francisco,6075
25-0010228,CA,San Bernardino,6071
25-0010229,CA,Ventura,6111
25-0010230,CA,Los Angeles,6037
25-0010231,CA,San Bernardino,6071
25-0010232,CA,Orange,6059
25-0010233,CA,San Joaquin,6077
25-0010234,CA,Merced,6047
25-0010235,CA,Sacramento,6067
25-0010236,CA,Los Angeles,6037
25-0010237,CA,Tulare,6107
25-0010238,CA,San Bernardino,6071
25-0010239,CA,Los Angeles,6037
25-0010240,CA,Alameda,6001
25-0010241,CA,Los Angeles,6037
25-0010242,CA,San Bernardino,6071
25-0010243,CA,Riverside,6065
25-0010244,CA,Los Angeles,6037
25-0010245,CA,Ventura,6111
25-0010246,CA,San Bernardino,6071
25-0010247,CA,Mendocino,6045
25-0010248,CA,Orange,6059
25-0010249,CA,Monterey,6053
25-0010250,CA,Fresno,6019
25-0010251,CA,Los Angeles,6037
25-0010252,CA,Sacramento,6067
25-0010253,CA,Los Angeles,6037
25-0010254,CA,Orange,6059
25-0010255,CA,Los Angeles,6037
25-0010256,CA,Contra Costa,6013
25-0010257,CA,Orange,6059
25-0010258,CA,Los Angeles,6037
25-0010259,CA,Orange,6059
25-0010260,CA,Los Angeles,6037
25-0010261,CA,San Diego,6073
25-0010262,CA,Humboldt,6023
25-0010263,CA,Los Angeles,6037
25-0010264,CA,Kern,6029
25-0010265,CA,San Bernardino,6071
25-0010266,CA,Riverside,6065
25-0010267,CA,Los Angeles,6037
25-0010268,CA,Los Angeles,6037
25-0010269,CA,Orange,6059
25-0010270,CA,Orange,6059
25-0010271,CA,Riverside,6065
25-0010272,CA,San Joaquin,6077
25-0010273,CA,Los Angeles,6037
25-0010274,CA,Riverside,6065
25-0010275,CA,Riverside,6065
25-0010276,CA,Trinity,6105
25-0010277,CA,Sacramento,6067
25-0010278,CA,Sacramento,6067
25-0010279,CA,Los Angeles,6037
25-0010280,CA,El Dorado,6017
25-0010281,CA,Orange,6059
25-0010282,CA,Monterey,6053
25-0010283,CA,Sutter,6101
25-0010284,CA,Los Angeles,6037
25-0010285,CA,Riverside,6065
25-0010286,CA,Los Angeles,6037
25-0010287,CA,Los Angeles,6037
25-0010288,CA,Los Angeles,6037
25-0010289,CA,Los Angeles,6037
25-0010290,CA,Orange,6059
25-0010291,CA,Los Angeles,6037
25-0010292,CA,Los Angeles,6037
25-0010293,CA,Orange,6059
25-0010294,CA,San Diego,6073
25-0010295,CA,Los Angeles,6037
25-0010296,CA,Los Angeles,6037
25-0010297,CA,Contra Costa,6013
25-0010298,CA,Riverside,6065
25-0010299,CA,Merced,6047
25-0010300,CA,Tulare,6107
25-0010301,CA,San Bernardino,6071
25-0010302,CA,Los Angeles,6037
25-0010303,CA,Contra Costa,6013
25-0010304,CA,Los Angeles,6037
25-0010305,CA,Orange,6059
25-0010306,CA,Nevada,6057
25-0010307,CA,Los Angeles,6037
25-0010308,CA,Los Angeles,6037
25-0010309,CA,Los Angeles,6037
25-0010310,CA,Riverside,6065
25-0010311,CA,Los Angeles,6037
25-0010312,CA,San Francisco,6075
25-0010313,CA,Los Angeles,6037
25-0010314,CA,Los Angeles,6037
25-0010315,CA,Sacramento,6067
25-0010316,CA,Orange,6059
25-0010317,CA,Merced,6047
25-0010318,CA,Riverside,6065
25-0010319,CA,San Bernardino,6071
25-0010320,CA,Los Angeles,6037
25-0010321,CA,San Bernardino,6071
25-0010322,CA,Kern,6029
25-0010323,CA,Los Angeles,6037
25-0010324,CA,Inyo,6027
25-0010325,CA,San Diego,6073
25-0010326,CA,Ventura,6111
25-0010327,CA,Los Angeles,6037
25-0010328,CA,Los Angeles,6037
25-0010329,CA,Los Angeles,6037
25-0010330,CA,Los Angeles,6037
25-0010331,CA,Placer,6061
25-0010332,CA,Orange,6059
25-0010333,CA,San Bernardino,6071
25-0010334,CA,Los Angeles,6037
25-0010335,CA,Los Angeles,6037
25-0010336,CA,Alameda,6001
25-0010337,CA,Los Angeles,6037
25-0010338,CA,Riverside,6065
25-0010339,CA,San Bernardino,6071
25-0010340,CA,Los Angeles,6037
25-0010341,CA,Los Angeles,6037
25-0010342,CA,Orange,6059
25-0010343,CA,San Benito,6069
25-0010344,CA,Los Angeles,6037
25-0010345,CA,Los Angeles,6037
25-0010346,CA,Los Angeles,6037
25-0010347,CA,Madera,6039
25-0010348,CA,San Benito,6069
25-0010349,CA,San Diego,6073
25-0010350,CA,Los Angeles,6037
25-0010351,CA,Fresno,6019
25-0010352,CA,Butte,6007
25-0010353,CA,Los Angeles,6037
25-0010354,CA,Los Angeles,6037
25-0010355,CA,Sonoma,6097
25-0010356,CA,Los Angeles,6037
25-0010357,CA,Riverside,6065
25-0010358,CA,Orange,6059
25-0010359,CA,Kern,6029
25-0010360,CA,Ventura,6111
25-0010361,CA,San Bernardino,6071
25-0010362,CA,Riverside,6065
25-0010363,CA,San Diego,6073
25-0010364,CA,Los Angeles,6037
25-0010365,CA,Riverside,6065
25-0010366,CA,Los Angeles,6037
25-0010367,CA,Sonoma,6097
25-0010368,CA,Los Angeles,6037
25-0010369,CA,Los Angeles,6037
25-0010370,CA,Orange,6059
25-0010371,CA,Los Angeles,6037
25-0010372,CA,Los Angeles,6037
25-0010373,CA,Santa Clara,6085
25-0010374,CA,Orange,6059
25-0010375,CA,Los Angeles,6037
25-0010376,CA,San Bernardino,6071
25-0010377,CA,Orange,6059
25-0010378,CA,Contra Costa,6013
25-0010379,CA,San Bernardino,6071
25-0010380,CA,Alameda,6001
25-0010381,CA,Los Angeles,6037
25-0010382,CA,Los Angeles,6037
25-0010383,CA,San Bernardino,6071
25-0010384,CA,Los Angeles,6037
25-0010385,CA,Orange,6059
25-0010386,CA,San Bernardino,6071
25-0010387,CA,Riverside,6065
25-0010388,CA,Nevada,6057
25-0010389,CA,Santa Clara,6085
25-0010390,CA,San Bernardino,6071
25-0010391,CA,Butte,6007
25-0010392,CA,Los Angeles,6037
25-0010393,CA,San Diego,6073
25-0010394,CA,Orange,6059
25-0010395,CA,Los Angeles,6037
25-0010396,CA,Kern,6029
25-0010397,CA,San Bernardino,6071
25-0010398,CA,Stanislaus,6099
25-0010399,CA,Riverside,6065
25-0010400,CA,Los Angeles,6037
25-0010401,CA,Orange,6059
25-0010402,CA,San Bernardino,6071
25-0010403,CA,Kern,6029
25-0010404,CA,Tulare,6107
25-0010405,CA,Los Angeles,6037
25-0010406,CA,Santa Barbara,6083
25-0010407,CA,Solano,6095
25-0010408,CA,Los Angeles,6037
25-0010409,CA,Madera,6039
25-0010410,CA,San Bernardino,6071
25-0010411,CA,Los Angeles,6037
25-0010412,CA,San Diego,6073
25-0010413,CA,Los Angeles,6037
25-0010414,CA,Los Angeles,6037
25-0010415,CA,Los Angeles,6037
25-0010416,CA,Riverside,6065
25-0010417,CA,Los Angeles,6037
25-0010418,CA,Los Angeles,6037
25-0010419,CA,Sacramento,6067
25-0010420,CA,San Joaquin,6077
25-0010421,CA,El Dorado,6017
25-0010422,CA,Los Angeles,6037
25-0010423,CA,Los Angeles,6037
25-0010424,CA,Solano,6095
25-0010425,CA,Orange,6059
25-0010426,CA,San Bernardino,6071
25-0010427,CA,Orange,6059
25-0010428,CA,Los Angeles,6037
25-0010429,CA,Riverside,6065
25-0010430,CA,Los Angeles,6037
25-0010431,CA,Orange,6059
25-0010432,CA,Los Angeles,6037
25-0010433,CA,Los Angeles,6037
25-0010434,CA,San Francisco,6075
25-0010435,CA,Santa Clara,6085
25-0010436,CA,Los Angeles,6037
25-0010437,CA,Riverside,6065
25-0010438,CA,Fresno,6019
25-0010439,CA,Los Angeles,6037
25-0010440,CA,Orange,6059
25-0010441,CA,Riverside,6065
25-0010442,CA,Los Angeles,6037
25-0010443,CA,Kings,6031
25-0010444,CA,Los Angeles,6037
25-0010445,CA,Los Angeles,6037
25-0010446,CA,Los Angeles,6037
25-0010447,CA,Santa Barbara,6083
25-0010448,CA,Riverside,6065
25-0010449,CA,Santa Cruz,6087
25-0010450,CA,Los Angeles,6037
25-0010451,CA,Fresno,6019
25-0010452,CA,Los Angeles,6037
25-0010453,CA,San Diego,6073
25-0010454,CA,San Bernardino,6071
25-0010455,CA,Fresno,6019
25-0010456,CA,Orange,6059
25-0010457,CA,Los Angeles,6037
25-0010458,CA,Santa Clara,6085
25-0010459,CA,Riverside,6065
25-0010460,CA,Santa Clara,6085
25-0010461,CA,Los Angeles,6037
25-0010462,CA,Los Angeles,6037
25-0010463,CA,Los Angeles,6037
25-0010464,CA,Riverside,6065
25-0010465,CA,San Francisco,6075
25-0010466,CA,Tulare,6107
25-0010467,CA,San Bernardino,6071
25-0010468,CA,Los Angeles,6037
25-0010469,CA,Los Angeles,6037
25-0010470,CA,Los Angeles,6037
25-0010471,CA,Los Angeles,6037
25-0010472,CA,Orange,6059
25-0010473,CA,Solano,6095
25-0010474,CA,Santa Clara,6085
25-0010475,CA,Orange,6059
25-0010476,CA,Fresno,6019
25-0010477,CA,Los Angeles,6037
25-0010478,CA,Sacramento,6067
25-0010479,CA,Orange,6059
25-0010480,CA,Alameda,6001
25-0010481,CA,Sacramento,6067
25-0010482,CA,Los Angeles,6037
25-0010483,CA,San Bernardino,6071
25-0010484,CA,Los Angeles,6037
25-0010485,CA,Los Angeles,6037
25-0010486,CA,Orange,6059
25-0010487,CA,San Joaquin,6077
25-0010488,CA,Los Angeles,6037
25-0010489,CA,Imperial,6025
25-0010490,CA,Santa Clara,6085
25-0010491,CA,Los Angeles,6037
25-0010492,CA,San Diego,6073
25-0010493,CA,Fresno,6019
25-0010494,CA,Los Angeles,6037
25-0010495,CA,Tulare,6107
25-0010496,CA,Los Angeles,6037
25-0010497,CA,San Bernardino,6071
25-0010498,CA,Butte,6007
25-0010499,CA,Alameda,6001
25-0010500,CA,Los Angeles,6037
25-0010501,CA,Los Angeles,6037
25-0010502,CA,Orange,6059
25-0010503,CA,Los Angeles,6037
25-0010504,CA,Los Angeles,6037
25-0010505,CA,San Bernardino,6071
25-0010506,CA,Riverside,6065
25-0010507,CA,Los Angeles,6037
25-0010508,CA,Kern,6029
25-0010509,CA,Los Angeles,6037
25-0010510,CA,Los Angeles,6037
25-0010511,CA,Los Angeles,6037
25-0010512,CA,San Bernardino,6071
25-0010513,CA,Riverside,6065
25-0010514,CA,Los Angeles,6037
25-0010515,CA,Riverside,6065
25-0010516,CA,Los Angeles,6037
25-0010517,CA,Los Angeles,6037
25-0010518,CA,San Joaquin,6077
25-0010519,CA,Riverside,6065
25-0010520,CA,Los Angeles,6037
25-0010521,CA,Los Angeles,6037
25-0010522,CA,Merced,6047
25-0010523,CA,Orange,6059
25-0010524,CA,Los Angeles,6037
25-0010525,CA,Orange,6059
25-0010526,CA,San Diego,6073
25-0010527,CA,Los Angeles,6037
25-0010528,CA,Orange,6059
25-0010529,CA,San Diego,6073
25-0010530,CA,Los Angeles,6037
25-0010531,CA,San Francisco,6075
25-0010532,CA,Riverside,6065
25-0010533,CA,Fresno,6019
25-0010534,CA,Contra Costa,6013
25-0010535,CA,San Diego,6073
25-0010536,CA,Los Angeles,6037
25-0010537,CA,San Bernardino,6071
25-0010538,CA,Los Angeles,6037
25-0010539,CA,Siskiyou,6093
25-0010540,CA,Los Angeles,6037
25-0010541,CA,San Bernardino,6071
25-0010542,CA,Los Angeles,6037
25-0010543,CA,Los Angeles,6037
25-0010544,CA,Los Angeles,6037
25-0010545,CA,Los Angeles,6037
25-0010546,CA,Los Angeles,6037
25-0010547,CA,Los Angeles,6037
25-0010548,CA,Los Angeles,6037
25-0010549,CA,Madera,6039
25-0010550,CA,Riverside,6065
25-0010551,CA,San Bernardino,6071
25-0010552,CA,Kern,6029
25-0010553,CA,San Joaquin,6077
25-0010554,CA,Marin,6041
25-0010555,CA,Fresno,6019
25-0010556,CA,Riverside,6065
25-0010557,CA,Santa Clara,6085
25-0010558,CA,Los Angeles,6037
25-0010559,CA,San Diego,6073
25-0010560,CA,San Benito,6069
25-0010561,CA,Tulare,6107
25-0010562,CA,San Bernardino,6071
25-0010563,CA,San Bernardino,6071
25-0010564,CA,San Bernardino,6071
25-0010565,CA,El Dorado,6017
25-0010566,CA,Los Angeles,6037
25-0010567,CA,Los Angeles,6037
25-0010568,CA,San Diego,6073
25-0010569,CA,Shasta,6089
25-0010570,CA,Los Angeles,6037
25-0010571,CA,Solano,6095
25-0010572,CA,Los Angeles,6037
25-0010573,CA,Los Angeles,6037
25-0010574,CA,Los Angeles,6037
25-0010575,CA,San Diego,6073
25-0010576,CA,San Bernardino,6071
25-0010577,CA,San Bernardino,6071
25-0010578,CA,Riverside,6065
25-0010579,CA,Santa Barbara,6083
25-0010580,CA,Orange,6059
25-0010581,CA,Los Angeles,6037
25-0010582,CA,Riverside,6065
25-0010583,CA,Lake,6033
25-0010584,CA,Merced,6047
25-0010585,CA,Los Angeles,6037
25-0010586,CA,Orange,6059
25-0010587,CA,Tulare,6107
25-0010588,CA,Sacramento,6067
25-0010589,CA,Butte,6007
25-0010590,CA,San Joaquin,6077
25-0010591,CA,Los Angeles,6037
25-0010592,CA,Kern,6029
25-0010593,CA,Los Angeles,6037
25-0010594,CA,Kern,6029
25-0010595,CA,Los Angeles,6037
25-0010596,CA,San Francisco,6075
25-0010597,CA,Fresno,6019
25-0010598,CA,Orange,6059
25-0010599,CA,Orange,6059
25-0010600,CA,Kern,6029
25-0010601,CA,Los Angeles,6037
25-0010602,CA,San Diego,6073
25-0010603,CA,San Bernardino,6071
25-0010604,CA,Los Angeles,6037
25-0010605,CA,Los Angeles,6037
25-0010606,CA,Santa Cruz,6087
25-0010607,CA,Los Angeles,6037
25-0010608,CA,San Joaquin,6077
25-0010609,CA,San Bernardino,6071
25-0010610,CA,Los Angeles,6037
25-0010611,CA,Merced,6047
25-0010612,CA,Orange,6059
25-0010613,CA,Los Angeles,6037
25-0010614,CA,Los Angeles,6037
25-0010615,CA,San Bernardino,6071
25-0010616,CA,San Francisco,6075
25-0010617,CA,Los Angeles,6037
25-0010618,CA,San Joaquin,6077
25-0010619,CA,Riverside,6065
25-0010620,CA,Los Angeles,6037
25-0010621,CA,Los Angeles,6037
25-0010622,CA,Los Angeles,6037
25-0010623,CA,Los Angeles,6037
25-0010624,CA,Los Angeles,6037
25-0010625,CA,Orange,6059
25-0010626,CA,San Bernardino,6071
25-0010627,CA,Orange,6059
25-0010628,CA,Riverside,6065
25-0010629,CA,Riverside,6065
25-0010630,CA,Merced,6047
25-0010631,CA,Los Angeles,6037
25-0010632,CA,Riverside,6065
25-0010633,CA,Kings,6031
25-0010634,CA,San Bernardino,6071
25-0010635,CA,Los Angeles,6037
25-0010636,CA,Siskiyou,6093
25-0010637,CA,Ventura,6111
25-0010638,CA,San Bernardino,6071
25-0010639,CA,San Bernardino,6071
25-0010640,CA,Fresno,6019
25-0010641,CA,Los Angeles,6037
25-0010642,CA,Orange,6059
25-0010643,CA,Los Angeles,6037
25-0010644,CA,Orange,6059
25-0010645,CA,Los Angeles,6037
25-0010646,CA,Fresno,6019
25-0010647,CA,Los Angeles,6037
25-0010648,CA,Orange,6059
25-0010649,CA,San Diego,6073
25-0010650,CA,Los Angeles,6037
25-0010651,CA,Orange,6059
25-0010652,CA,Los Angeles,6037
25-0010653,CA,San Luis Obispo,6079
25-0010654,CA,Orange,6059
25-0010655,CA,Butte,6007
25-0010656,CA,Los Angeles,6037
25-0010657,CA,Santa Barbara,6083
25-0010658,CA,Ventura,6111
25-0010659,CA,Los Angeles,6037
25-0010660,CA,Santa Clara,6085
25-0010661,CA,Los Angeles,6037
25-0010662,CA,Los Angeles,6037
25-0010663,CA,Los Angeles,6037
25-0010664,CA,Ventura,6111
25-0010665,CA,San Diego,6073
25-0010666,CA,Los Angeles,6037
25-0010667,CA,Orange,6059
25-0010668,CA,Santa Clara,6085
25-0010669,CA,San Benito,6069
25-0010670,CA,Los Angeles,6037
25-0010671,CA,Kern,6029
25-0010672,CA,San Francisco,6075
25-0010673,CA,Los Angeles,6037
25-0010674,CA,Los Angeles,6037
25-0010675,CA,Los Angeles,6037
25-0010676,CA,San Bernardino,6071
25-0010677,CA,Alameda,6001
25-0010678,CA,Los Angeles,6037
25-0010679,CA,Imperial,6025
25-0010680,CA,Los Angeles,6037
25-0010681,CA,Santa Barbara,6083
25-0010682,CA,Los Angeles,6037
25-0010683,CA,Orange,6059
25-0010684,CA,Sacramento,6067
25-0010685,CA,San Bernardino,6071
25-0010686,CA,Fresno,6019
25-0010687,CA,San Bernardino,6071
25-0010688,CA,Riverside,6065
25-0010689,CA,Orange,6059
25-0010690,CA,Los Angeles,6037
25-0010691,CA,Contra Costa,6013
25-0010692,CA,Santa Cruz,6087
25-0010693,CA,Santa Cruz,6087
25-0010694,CA,Los Angeles,6037
25-0010695,CA,Riverside,6065
25-0010696,CA,Los Angeles,6037
25-0010697,CA,Orange,6059
25-0010698,CA,San Diego,6073
25-0010699,CA,Los Angeles,6037
25-0010700,CA,Sacramento,6067
25-0010701,CA,Los Angeles,6037
25-0010702,CA,Los Angeles,6037
25-0010703,CA,Shasta,6089
25-0010704,CA,Riverside,6065
25-0010705,CA,Sonoma,6097
25-0010706,CA,Los Angeles,6037
25-0010707,CA,San Bernardino,6071
25-0010708,CA,Orange,6059
25-0010709,CA,Los Angeles,6037
25-0010710,CA,San Bernardino,6071
25-0010711,CA,Los Angeles,6037
25-0010712,CA,Los Angeles,6037
25-0010713,CA,Los Angeles,6037
25-0010714,CA,San Diego,6073
25-0010715,CA,Alameda,6001
25-0010716,CA,Lake,6033
25-0010717,CA,Santa Clara,6085
25-0010718,CA,Los Angeles,6037
25-0010719,CA,San Luis Obispo,6079
25-0010720,CA,Los Angeles,6037
25-0010721,CA,San Bernardino,6071
25-0010722,CA,Imperial,6025
25-0010723,CA,Los Angeles,6037
25-0010724,CA,San Francisco,6075
25-0010725,CA,Riverside,6065
25-0010726,CA,Los Angeles,6037
25-0010727,CA,San Francisco,6075
25-0010728,CA,Los Angeles,6037
25-0010729,CA,Tulare,6107
25-0010730,CA,Kern,6029
25-0010731,CA,Los Angeles,6037
25-0010732,CA,Butte,6007
25-0010733,CA,Tulare,6107
25-0010734,CA,San Francisco,6075
25-0010735,CA,Fresno,6019
25-0010736,CA,Trinity,6105
25-0010737,CA,Los Angeles,6037
25-0010738,CA,Los Angeles,6037
25-0010739,CA,Los Angeles,6037
25-0010740,CA,San Bernardino,6071
25-0010741,CA,Los Angeles,6037
25-0010742,CA,Los Angeles,6037
25-0010743,CA,San Joaquin,6077
25-0010744,CA,Orange,6059
25-0010745,CA,Sacramento,6067
25-0010746,CA,Orange,6059
25-0010747,CA,Orange,6059
25-0010748,CA,Contra Costa,6013
25-0010749,CA,San Bernardino,6071
25-0010750,CA,Riverside,6065
25-0010751,CA,Riverside,6065
25-0010752,CA,San Bernardino,6071
25-0010753,CA,San Bernardino,6071
25-0010754,CA,Sacramento,6067
25-0010755,CA,Los Angeles,6037
25-0010756,CA,Los Angeles,6037
25-0010757,CA,San Diego,6073
25-0010758,CA,San Diego,6073
25-0010759,CA,Los Angeles,6037
25-0010760,CA,Los Angeles,6037
25-0010761,CA,Stanislaus,6099
25-0010762,CA,Butte,6007
25-0010763,CA,San Bernardino,6071
25-0010764,CA,Stanislaus,6099
25-0010765,CA,Stanislaus,6099
25-0010766,CA,Alameda,6001
25-0010767,CA,Riverside,6065
25-0010768,CA,Los Angeles,6037
25-0010769,CA,Riverside,6065
25-0010770,CA,Los Angeles,6037
25-0010771,CA,Los Angeles,6037
25-0010772,CA,Imperial,6025
25-0010773,CA,Los Angeles,6037
25-0010774,CA,Ventura,6111
25-0010775,CA,Los Angeles,6037
25-0010776,CA,Los Angeles,6037
25-0010777,CA,Napa,6055
25-0010778,CA,San Francisco,6075
25-0010779,CA,Lassen,6035
25-0010780,CA,Los Angeles,6037
25-0010781,CA,San Joaquin,6077
25-0010782,CA,San Francisco,6075
25-0010783,CA,Los Angeles,6037
25-0010784,CA,San Bernardino,6071
25-0010785,CA,Los Angeles,6037
25-0010786,CA,San Bernardino,6071
25-0010787,CA,Contra Costa,6013
25-0010788,CA,Los Angeles,6037
25-0010789,CA,Los Angeles,6037
25-0010790,CA,Riverside,6065
25-0010791,CA,Yuba,6115
25-0010792,CA,Los Angeles,6037
25-0010793,CA,Fresno,6019
25-0010794,CA,San Bernardino,6071
25-0010795,CA,Los Angeles,6037
25-0010796,CA,Los Angeles,6037
25-0010797,CA,San Bernardino,6071
25-0010798,CA,Monterey,6053
25-0010799,CA,Monterey,6053
25-0010800,CA,San Joaquin,6077
25-0010801,CA,Los Angeles,6037
25-0010802,CA,Orange,6059
25-0010803,CA,Orange,6059
25-0010804,CA,Siskiyou,6093
25-0010805,CA,Orange,6059
25-0010806,CA,San Bernardino,6071
25-0010807,CA,Los Angeles,6037
25-0010808,CA,Los Angeles,6037
25-0010809,CA,Orange,6059
25-0010810,CA,Fresno,6019
25-0010811,CA,Los Angeles,6037
25-0010812,CA,Los Angeles,6037
25-0010813,CA,Napa,6055
25-0010814,CA,Los Angeles,6037
25-0010815,CA,Los Angeles,6037
25-0010816,CA,San Bernardino,6071
25-0010817,CA,Los Angeles,6037
25-0010818,CA,Los Angeles,6037
25-0010819,CA,Solano,6095
25-0010820,CA,Los Angeles,6037
25-0010821,CA,San Bernardino,6071
25-0010822,CA,San Bernardino,6071
25-0010823,CA,Los Angeles,6037
25-0010824,CA,Orange,6059
25-0010825,CA,Los Angeles,6037
25-0010826,CA,Imperial,6025
25-0010827,CA,Los Angeles,6037
25-0010828,CA,Los Angeles,6037
25-0010829,CA,Los Angeles,6037
25-0010830,CA,Los Angeles,6037
25-0010831,CA,Los Angeles,6037
25-0010832,CA,Contra Costa,6013
25-0010833,CA,Riverside,6065
25-0010834,CA,San Bernardino,6071
25-0010835,CA,Los Angeles,6037
25-0010836,CA,Contra Costa,6013
25-0010837,CA,Los Angeles,6037
25-0010838,CA,Kern,6029
25-0010839,CA,Stanislaus,6099
25-0010840,CA,Los Angeles,6037
25-0010841,CA,Kern,6029
25-0010842,CA,Orange,6059
25-0010843,CA,San Bernardino,6071
25-0010844,CA,Los Angeles,6037
25-0010845,CA,Los Angeles,6037
25-0010846,CA,Los Angeles,6037
25-0010847,CA,Los Angeles,6037
25-0010848,CA,Orange,6059
25-0010849,CA,Riverside,6065
25-0010850,CA,Placer,6061
25-0010851,CA,Los Angeles,6037
25-0010852,CA,San Bernardino,6071
25-0010853,CA,Orange,6059
25-0010854,CA,Solano,6095
25-0010855,CA,Los Angeles,6037
25-0010856,CA,Contra Costa,6013
25-0010857,CA,San Benito,6069
25-0010858,CA,Orange,6059
25-0010859,CA,Orange,6059
25-0010860,CA,Los Angeles,6037
25-0010861,CA,Los Angeles,6037
25-0010862,CA,Santa Clara,6085
25-0010863,CA,San Bernardino,6071
25-0010864,CA,Los Angeles,6037
25-0010865,CA,Los Angeles,6037
25-0010866,CA,Monterey,6053
25-0010867,CA,Los Angeles,6037
25-0010868,CA,Los Angeles,6037
25-0010869,CA,Tulare,6107
25-0010870,CA,Los Angeles,6037
25-0010871,CA,Riverside,6065
25-0010872,CA,Calaveras,6009
25-0010873,CA,San Bernardino,6071
25-0010874,CA,Sacramento,6067
25-0010875,CA,Orange,6059
25-0010876,CA,Los Angeles,6037
25-0010877,CA,Alameda,6001
25-0010878,CA,San Bernardino,6071
25-0010879,CA,Monterey,6053
25-0010880,CA,Riverside,6065
25-0010881,CA,Los Angeles,6037
25-0010882,CA,San Diego,6073
25-0010883,CA,Los Angeles,6037
25-0010884,CA,Riverside,6065
25-0010885,CA,Los Angeles,6037
25-0010886,CA,Los Angeles,6037
25-0010887,CA,San Mateo,6081
25-0010888,CA,Los Angeles,6037
25-0010889,CA,Kern,6029
25-0010890,CA,San Diego,6073
25-0010891,CA,Los Angeles,6037
25-0010892,CA,Orange,6059
25-0010893,CA,Yolo,6113
25-0010894,CA,Los Angeles,6037
25-0010895,CA,Orange,6059
25-0010896,CA,Los Angeles,6037
25-0010897,CA,Kern,6029
25-0010898,CA,Los Angeles,6037
25-0010899,CA,Santa Clara,6085
25-0010900,CA,Los Angeles,6037
25-0010901,CA,Mariposa,6043
25-0010902,CA,Tulare,6107
25-0010903,CA,Calaveras,6009
25-0010904,CA,San Bernardino,6071
25-0010905,CA,San Bernardino,6071
25-0010906,CA,Los Angeles,6037
25-0010907,CA,Los Angeles,6037
25-0010908,CA,San Bernardino,6071
25-0010909,CA,San Bernardino,6071
25-0010910,CA,Los Angeles,6037
25-0010911,CA,Riverside,6065
25-0010912,CA,Los Angeles,6037
25-0010913,CA,Los Angeles,6037
25-0010914,CA,Kern,6029
25-0010915,CA,San Luis Obispo,6079
25-0010916,CA,Los Angeles,6037
25-0010917,CA,Ventura,6111
25-0010918,CA,Los Angeles,6037
25-0010919,CA,Orange,6059
25-0010920,CA,Riverside,6065
25-0010921,CA,Los Angeles,6037
25-0010922,CA,Los Angeles,6037
25-0010923,CA,Los Angeles,6037
25-0010924,CA,Los Angeles,6037
25-0010925,CA,Orange,6059
25-0010926,CA,Los Angeles,6037
25-0010927,CA,Santa Cruz,6087
25-0010928,CA,Los Angeles,6037
25-0010929,CA,Los Angeles,6037
25-0010930,CA,Tehama,6103
25-0010931,CA,Riverside,6065
25-0010932,CA,Fresno,6019
25-0010933,CA,Kern,6029
25-0010934,CA,Los Angeles,6037
25-0010935,CA,Los Angeles,6037
25-0010936,CA,Riverside,6065
25-0010937,CA,Los Angeles,6037
25-0010938,CA,San Bernardino,6071
25-0010939,CA,Los Angeles,6037
25-0010940,CA,Los Angeles,6037
25-0010941,CA,Los Angeles,6037
25-0010942,CA,Los Angeles,6037
25-0010943,CA,Los Angeles,6037
25-0010944,CA,Los Angeles,6037
25-0010945,CA,Los Angeles,6037
25-0010946,CA,Yuba,6115
25-0010947,CA,Los Angeles,6037
25-0010948,CA,Orange,6059
25-0010949,CA,Fresno,6019
25-0010950,CA,San Luis Obispo,6079
25-0010951,CA,Tehama,6103
25-0010952,CA,San Francisco,6075
25-0010953,CA,Kern,6029
25-0010954,CA,Contra Costa,6013
25-0010955,CA,Riverside,6065
25-0010956,CA,Los Angeles,6037
25-0010957,CA,Los Angeles,6037
25-0010958,CA,Santa Barbara,6083
25-0010959,CA,Santa Barbara,6083
25-0010960,CA,Fresno,6019
25-0010961,CA,Riverside,6065
25-0010962,CA,Riverside,6065
25-0010963,CA,Los Angeles,6037
25-0010964,CA,Alameda,6001
25-0010965,CA,Riverside,6065
25-0010966,CA,Los Angeles,6037
25-0010967,CA,Alameda,6001
25-0010968,CA,Merced,6047
25-0010969,CA,Los Angeles,6037
25-0010970,CA,Orange,6059
25-0010971,CA,Los Angeles,6037
25-0010972,CA,Los Angeles,6037
25-0010973,CA,San Diego,6073
25-0010974,CA,Santa Barbara,6083
25-0010975,CA,Orange,6059
25-0010976,CA,Alameda,6001
25-0010977,CA,Los Angeles,6037
25-0010978,CA,Los Angeles,6037
25-0010979,CA,Placer,6061
25-0010980,CA,Los Angeles,6037
25-0010981,CA,Los Angeles,6037
25-0010982,CA,Orange,6059
25-0010983,CA,San Bernardino,6071
25-0010984,CA,Los Angeles,6037
25-0010985,CA,Siskiyou,6093
25-0010986,CA,Sacramento,6067
25-0010987,CA,Orange,6059
25-0010988,CA,Orange,6059
25-0010989,CA,Los Angeles,6037
25-0010990,CA,Yolo,6113
25-0010991,CA,Contra Costa,6013
25-0010992,CA,Los Angeles,6037
25-0010993,CA,Los Angeles,6037
25-0010994,CA,Fresno,6019
25-0010995,CA,Los Angeles,6037
25-0010996,CA,San Bernardino,6071
25-0010997,CA,Santa Barbara,6083
25-0010998,CA,Solano,6095
25-0010999,CA,Fresno,6019
25-0011000,CA,Sacramento,6067
25-0011001,CA,Orange,6059
25-0011002,CA,Ventura,6111
25-0011003,CA,Los Angeles,6037
25-0011004,CA,Tulare,6107
25-0011005,CA,Kings,6031
25-0011006,CA,Los Angeles,6037
25-0011007,CA,Fresno,6019
25-0011008,CA,Los Angeles,6037
25-0011009,CA,Stanislaus,6099
25-0011010,CA,Ventura,6111
25-0011011,CA,Los Angeles,6037
25-0011012,CA,Los Angeles,6037
25-0011013,CA,Nevada,6057
25-0011014,CA,Los Angeles,6037
25-0011015,CA,San Mateo,6081
25-0011016,CA,Los Angeles,6037
25-0011017,CA,San Diego,6073
25-0011018,CA,Orange,6059
25-0011019,CA,Los Angeles,6037
25-0011020,CA,Los Angeles,6037
25-0011021,CA,San Joaquin,6077
25-0011022,CA,Los Angeles,6037
25-0011023,CA,San Mateo,6081
25-0011024,CA,Los Angeles,6037
25-0011025,CA,San Bernardino,6071
25-0011026,CA,Riverside,6065
25-0011027,CA,Los Angeles,6037
25-0011028,CA,Los Angeles,6037
25-0011029,CA,Orange,6059
25-0011030,CA,Kern,6029
25-0011031,CA,Ventura,6111
25-0011032,CA,Los Angeles,6037
25-0011033,CA,Sacramento,6067
25-0011034,CA,Orange,6059
25-0011035,CA,Alameda,6001
25-0011036,CA,San Francisco,6075
25-0011037,CA,Riverside,6065
25-0011038,CA,Los Angeles,6037
25-0011039,CA,Los Angeles,6037
25-0011040,CA,Orange,6059
25-0011041,CA,San Bernardino,6071
25-0011042,CA,El Dorado,6017
25-0011043,CA,Orange,6059
25-0011044,CA,Alameda,6001
25-0011045,CA,Riverside,6065
25-0011046,CA,Orange,6059
25-0011047,CA,Riverside,6065
25-0011048,CA,El Dorado,6017
25-0011049,CA,Los Angeles,6037
25-0011050,CA,Los Angeles,6037
25-0011051,CA,Los Angeles,6037
25-0011052,CA,Santa Clara,6085
25-0011053,CA,Los Angeles,6037
25-0011054,CA,Los Angeles,6037
25-0011055,CA,San Diego,6073
25-0011056,CA,Riverside,6065
25-0011057,CA,San Francisco,6075
25-0011058,CA,Riverside,6065
25-0011059,CA,Riverside,6065
25-0011060,CA,Los Angeles,6037
25-0011061,CA,Los Angeles,6037
25-0011062,CA,San Bernardino,6071
25-0011063,CA,Orange,6059
25-0011064,CA,Alameda,6001
25-0011065,CA,Los Angeles,6037
25-0011066,CA,Orange,6059
25-0011067,CA,Orange,6059
25-0011068,CA,San Diego,6073
25-0011069,CA,Orange,6059
25-0011070,CA,Los Angeles,6037
25-0011071,CA,Los Angeles,6037
25-0011072,CA,San Bernardino,6071
25-0011073,CA,Orange,6059
25-0011074,CA,Kern,6029
25-0011075,CA,Los Angeles,6037
25-0011076,CA,Los Angeles,6037
25-0011077,CA,Kern,6029
25-0011078,CA,Los Angeles,6037
25-0011079,CA,Fresno,6019
25-0011080,CA,Orange,6059
25-0011081,CA,Los Angeles,6037
25-0011082,CA,San Bernardino,6071
25-0011083,CA,Los Angeles,6037
25-0011084,CA,Fresno,6019
25-0011085,CA,San Bernardino,6071
25-0011086,CA,San Bernardino,6071
25-0011087,CA,Yolo,6113
25-0011088,CA,Riverside,6065
25-0011089,CA,Los Angeles,6037
25-0011090,CA,Los Angeles,6037
25-0011091,CA,Riverside,6065
25-0011092,CA,Los Angeles,6037
25-0011093,CA,Los Angeles,6037
25-0011094,CA,Los Angeles,6037
25-0011095,CA,Los Angeles,6037
25-0011096,CA,Orange,6059
25-0011097,CA,Orange,6059
25-0011098,CA,Santa Clara,6085
25-0011099,CA,Imperial,6025
25-0011100,CA,Alameda,6001
25-0011101,CA,Santa Barbara,6083
25-0011102,CA,Orange,6059
25-0011103,CA,Butte,6007
25-0011104,CA,San Francisco,6075
25-0011105,CA,Fresno,6019
25-0011106,CA,San Francisco,6075
25-0011107,CA,San Diego,6073
25-0011108,CA,Orange,6059
25-0011109,CA,Los Angeles,6037
25-0011110,CA,Los Angeles,6037
25-0011111,CA,Calaveras,6009
25-0011112,CA,Los Angeles,6037
25-0011113,CA,Los Angeles,6037
25-0011114,CA,Orange,6059
25-0011115,CA,Los Angeles,6037
25-0011116,CA,Orange,6059
25-0011117,CA,Los Angeles,6037
25-0011118,CA,Los Angeles,6037
25-0011119,CA,San Francisco,6075
25-0011120,CA,Orange,6059
25-0011121,CA,Los Angeles,6037
25-0011122,CA,San Bernardino,6071
25-0011123,CA,Sacramento,6067
25-0011124,CA,Los Angeles,6037
25-0011125,CA,Fresno,6019
25-0011126,CA,Los Angeles,6037
25-0011127,CA,San Bernardino,6071
25-0011128,CA,Los Angeles,6037
25-0011129,CA,San Bernardino,6071
25-0011130,CA,San Luis Obispo,6079
25-0011131,CA,Los Angeles,6037
25-0011132,CA,Orange,6059
25-0011133,CA,Los Angeles,6037
25-0011134,CA,Los Angeles,6037
25-0011135,CA,Los Angeles,6037
25-0011136,CA,Los Angeles,6037
25-0011137,CA,Shasta,6089
25-0011138,CA,Alameda,6001
25-0011139,CA,Fresno,6019
25-0011140,CA,San Joaquin,6077
25-0011141,CA,Orange,6059
25-0011142,CA,Orange,6059
25-0011143,CA,Marin,6041
25-0011144,CA,Los Angeles,6037
25-0011145,CA,Ventura,6111
25-0011146,CA,San Bernardino,6071
25-0011147,CA,Orange,6059
25-0011148,CA,Santa Cruz,6087
25-0011149,CA,Orange,6059
25-0011150,CA,Los Angeles,6037
25-0011151,CA,Alameda,6001
25-0011152,CA,San Bernardino,6071
25-0011153,CA,San Luis Obispo,6079
25-0011154,CA,Orange,6059
25-0011155,CA,Los Angeles,6037
25-0011156,CA,Los Angeles,6037
25-0011157,CA,Fresno,6019
25-0011158,CA,Los Angeles,6037
25-0011159,CA,San Bernardino,6071
25-0011160,CA,Orange,6059
25-0011161,CA,Sacramento,6067
25-0011162,CA,San Francisco,6075
25-0011163,CA,Calaveras,6009
25-0011164,CA,Los Angeles,6037
25-0011165,CA,San Francisco,6075
25-0011166,CA,Los Angeles,6037
25-0011167,CA,San Bernardino,6071
25-0011168,CA,Los Angeles,6037
25-0011169,CA,Kern,6029
25-0011170,CA,Riverside,6065
25-0011171,CA,Santa Clara,6085
25-0011172,CA,Riverside,6065
25-0011173,CA,Los Angeles,6037
25-0011174,CA,San Bernardino,6071
25-0011175,CA,Los Angeles,6037
25-0011176,CA,Riverside,6065
25-0011177,CA,Riverside,6065
25-0011178,CA,San Bernardino,6071
25-0011179,CA,Los Angeles,6037
25-0011180,CA,Orange,6059
25-0011181,CA,Los Angeles,6037
25-0011182,CA,Los Angeles,6037
25-0011183,CA,Los Angeles,6037
25-0011184,CA,Los Angeles,6037
25-0011185,CA,Los Angeles,6037
25-0011186,CA,Riverside,6065
25-0011187,CA,Los Angeles,6037
25-0011188,CA,Los Angeles,6037
25-0011189,CA,Los Angeles,6037
25-0011190,CA,Riverside,6065
25-0011191,CA,Riverside,6065
25-0011192,CA,Los Angeles,6037
25-0011193,CA,Los Angeles,6037
25-0011194,CA,Los Angeles,6037
25-0011195,CA,Sonoma,6097
25-0011196,CA,Orange,6059
25-0011197,CA,San Bernardino,6071
25-0011198,CA,El Dorado,6017
25-0011199,CA,Orange,6059
25-0011200,CA,San Bernardino,6071
25-0011201,CA,Riverside,6065
25-0011202,CA,San Mateo,6081
25-0011203,CA,Contra Costa,6013
25-0011204,CA,Riverside,6065
25-0011205,CA,Los Angeles,6037
25-0011206,CA,Orange,6059
25-0011207,CA,Orange,6059
25-0011208,CA,Los Angeles,6037
25-0011209,CA,San Diego,6073
25-0011210,CA,Alameda,6001
25-0011211,CA,Alameda,6001
25-0011212,CA,Tulare,6107
25-0011213,CA,Ventura,6111
25-0011214,CA,Butte,6007
25-0011215,CA,Riverside,6065
25-0011216,CA,Riverside,6065
25-0011217,CA,Riverside,6065
25-0011218,CA,Imperial,6025
25-0011219,CA,San Diego,6073
25-0011220,CA,Riverside,6065
25-0011221,CA,Kern,6029
25-0011222,CA,Riverside,6065
25-0011223,CA,Los Angeles,6037
25-0011224,CA,Ventura,6111
25-0011225,CA,Los Angeles,6037
25-0011226,CA,Ventura,6111
25-0011227,CA,Los Angeles,6037
25-0011228,CA,Monterey,6053
25-0011229,CA,Shasta,6089
25-0011230,CA,Riverside,6065
25-0011231,CA,San Bernardino,6071
25-0011232,CA,Merced,6047
25-0011233,CA,Los Angeles,6037
25-0011234,CA,Riverside,6065
25-0011235,CA,Orange,6059
25-0011236,CA,Los Angeles,6037
25-0011237,CA,Los Angeles,6037
25-0011238,CA,Sonoma,6097
25-0011239,CA,Mendocino,6045
25-0011240,CA,San Bernardino,6071
25-0011241,CA,Sacramento,6067
25-0011242,CA,Los Angeles,6037
25-0011243,CA,Tulare,6107
25-0011244,CA,Riverside,6065
25-0011245,CA,Los Angeles,6037
25-0011246,CA,Contra Costa,6013
25-0011247,CA,Los Angeles,6037
25-0011248,CA,Los Angeles,6037
25-0011249,CA,Los Angeles,6037
25-0011250,CA,Sutter,6101
25-0011251,CA,Tulare,6107
25-0011252,CA,Los Angeles,6037
25-0011253,CA,Kern,6029
25-0011254,CA,Los Angeles,6037
25-0011255,CA,Los Angeles,6037
25-0011256,CA,Los Angeles,6037
25-0011257,CA,Los Angeles,6037
25-0011258,CA,Los Angeles,6037
25-0011259,CA,Los Angeles,6037
25-0011260,CA,Riverside,6065
25-0011261,CA,San Bernardino,6071
25-0011262,CA,Los Angeles,6037
25-0011263,CA,Ventura,6111
25-0011264,CA,Fresno,6019
25-0011265,CA,Los Angeles,6037
25-0011266,CA,Los Angeles,6037
25-0011267,CA,San Francisco,6075
25-0011268,CA,Los Angeles,6037
25-0011269,CA,Orange,6059
25-0011270,CA,Monterey,6053
25-0011271,CA,San Bernardino,6071
25-0011272,CA,Los Angeles,6037
25-0011273,CA,San Bernardino,6071
25-0011274,CA,Los Angeles,6037
25-0011275,CA,Orange,6059
25-0011276,CA,Los Angeles,6037
25-0011277,CA,Riverside,6065
25-0011278,CA,Los Angeles,6037
25-0011279,CA,San Joaquin,6077
25-0011280,CA,Stanislaus,6099
25-0011281,CA,San Joaquin,6077
25-0011282,CA,Riverside,6065
25-0011283,CA,San Francisco,6075
25-0011284,CA,Riverside,6065
25-0011285,CA,Los Angeles,6037
25-0011286,CA,Kern,6029
25-0011287,CA,Santa Clara,6085
25-0011288,CA,Los Angeles,6037
25-0011289,CA,Los Angeles,6037
25-0011290,CA,Stanislaus,6099
25-0011291,CA,Los Angeles,6037
25-0011292,CA,San Diego,6073
25-0011293,CA,Los Angeles,6037
25-0011294,CA,Los Angeles,6037
25-0011295,CA,Sacramento,6067
25-0011296,CA,Los Angeles,6037
25-0011297,CA,Santa Barbara,6083
25-0011298,CA,Los Angeles,6037
25-0011299,CA,Fresno,6019
25-0011300,CA,San Bernardino,6071
25-0011301,CA,Orange,6059
25-0011302,CA,Merced,6047
25-0011303,CA,Kern,6029
25-0011304,CA,Los Angeles,6037
25-0011305,CA,Fresno,6019
25-0011306,CA,San Bernardino,6071
25-0011307,CA,Los Angeles,6037
25-0011308,CA,Los Angeles,6037
25-0011309,CA,Los Angeles,6037
25-0011310,CA,Riverside,6065
25-0011311,CA,Los Angeles,6037
25-0011312,CA,San Bernardino,6071
25-0011313,CA,Los Angeles,6037
25-0011314,CA,Los Angeles,6037
25-0011315,CA,Los Angeles,6037
25-0011316,CA,Riverside,6065
25-0011317,CA,Los Angeles,6037
25-0011318,CA,Colusa,6011
25-0011319,CA,San Bernardino,6071
25-0011320,CA,San Joaquin,6077
25-0011321,CA,San Bernardino,6071
25-0011322,CA,Los Angeles,6037
25-0011323,CA,San Bernardino,6071
25-0011324,CA,Orange,6059
25-0011325,CA,San Diego,6073
25-0011326,CA,Contra Costa,6013
25-0011327,CA,San Bernardino,6071
25-0011328,CA,Sacramento,6067
25-0011329,CA,Los Angeles,6037
25-0011330,CA,Kern,6029
25-0011331,CA,Los Angeles,6037
25-0011332,CA,Sacramento,6067
25-0011333,CA,Los Angeles,6037
25-0011334,CA,Orange,6059
25-0011335,CA,Sacramento,6067
25-0011336,CA,San Bernardino,6071
25-0011337,CA,Santa Clara,6085
25-0011338,CA,Los Angeles,6037
25-0011339,CA,Orange,6059
25-0011340,CA,Los Angeles,6037
25-0011341,CA,Los Angeles,6037
25-0011342,CA,Los Angeles,6037
25-0011343,CA,Santa Clara,6085
25-0011344,CA,Contra Costa,6013
25-0011345,CA,Glenn,6021
25-0011346,CA,Fresno,6019
25-0011347,CA,Los Angeles,6037
25-0011348,CA,Los Angeles,6037
25-0011349,CA,Imperial,6025
25-0011350,CA,Fresno,6019
25-0011351,CA,Riverside,6065
25-0011352,CA,Los Angeles,6037
25-0011353,CA,Los Angeles,6037
25-0011354,CA,San Francisco,6075
25-0011355,CA,Los Angeles,6037
25-0011356,CA,Santa Cruz,6087
25-0011357,CA,Los Angeles,6037
25-0011358,CA,Los Angeles,6037
25-0011359,CA,San Diego,6073
25-0011360,CA,Los Angeles,6037
25-0011361,CA,Madera,6039
25-0011362,CA,Los Angeles,6037
25-0011363,CA,Orange,6059
25-0011364,CA,Fresno,6019
25-0011365,CA,Orange,6059
25-0011366,CA,Los Angeles,6037
25-0011367,CA,Orange,6059
25-0011368,CA,Los Angeles,6037
25-0011369,CA,Kings,6031
25-0011370,CA,Los Angeles,6037
25-0011371,CA,Los Angeles,6037
25-0011372,CA,Los Angeles,6037
25-0011373,CA,Los Angeles,6037
25-0011374,CA,Los Angeles,6037
25-0011375,CA,Los Angeles,6037
25-0011376,CA,Orange,6059
25-0011377,CA,Orange,6059
25-0011378,CA,Los Angeles,6037
25-0011379,CA,Sacramento,6067
25-0011380,CA,Orange,6059
25-0011381,CA,Los Angeles,6037
25-0011382,CA,Ventura,6111
25-0011383,CA,Los Angeles,6037
25-0011384,CA,Los Angeles,6037
25-0011385,CA,Los Angeles,6037
25-0011386,CA,Los Angeles,6037
25-0011387,CA,Contra Costa,6013
25-0011388,CA,San Diego,6073
25-0011389,CA,San Bernardino,6071
25-0011390,CA,Kern,6029
25-0011391,CA,Los Angeles,6037
25-0011392,CA,San Bernardino,6071
25-0011393,CA,San Mateo,6081
25-0011394,CA,Butte,6007
25-0011395,CA,Los Angeles,6037
25-0011396,CA,Butte,6007
25-0011397,CA,San Bernardino,6071
25-0011398,CA,Tulare,6107
25-0011399,CA,Kings,6031
25-0011400,CA,Los Angeles,6037
25-0011401,CA,Placer,6061
25-0011402,CA,Los Angeles,6037
25-0011403,CA,San Francisco,6075
25-0011404,CA,Los Angeles,6037
25-0011405,CA,Los Angeles,6037
25-0011406,CA,Los Angeles,6037
25-0011407,CA,Los Angeles,6037
25-0011408,CA,Monterey,6053
25-0011409,CA,Ventura,6111
25-0011410,CA,Merced,6047
25-0011411,CA,Los Angeles,6037
25-0011412,CA,Los Angeles,6037
25-0011413,CA,Los Angeles,6037
25-0011414,CA,Los Angeles,6037
25-0011415,CA,Los Angeles,6037
25-0011416,CA,Los Angeles,6037
25-0011417,CA,Los Angeles,6037
25-0011418,CA,Orange,6059
25-0011419,CA,Los Angeles,6037
25-0011420,CA,Los Angeles,6037
25-0011421,CA,Orange,6059
25-0011422,CA,Orange,6059
25-0011423,CA,Merced,6047
25-0011424,CA,Los Angeles,6037
25-0011425,CA,Los Angeles,6037
25-0011426,CA,Los Angeles,6037
25-0011427,CA,Stanislaus,6099
25-0011428,CA,Los Angeles,6037
25-0011429,CA,Orange,6059
25-0011430,CA,San Bernardino,6071
25-0011431,CA,Los Angeles,6037
25-0011432,CA,San Francisco,6075
25-0011433,CA,Riverside,6065
25-0011434,CA,San Bernardino,6071
25-0011435,CA,Los Angeles,6037
25-0011436,CA,Los Angeles,6037
25-0011437,CA,Los Angeles,6037
25-0011438,CA,Riverside,6065
25-0011439,CA,Riverside,6065
25-0011440,CA,Los Angeles,6037
25-0011441,CA,Los Angeles,6037
25-0011442,CA,Los Angeles,6037
25-0011443,CA,Orange,6059
25-0011444,CA,Riverside,6065
25-0011445,CA,Fresno,6019
25-0011446,CA,Orange,6059
25-0011447,CA,Los Angeles,6037
25-0011448,CA,Los Angeles,6037
25-0011449,CA,Los Angeles,6037
25-0011450,CA,Los Angeles,6037
25-0011451,CA,Los Angeles,6037
25-0011452,CA,Los Angeles,6037
25-0011453,CA,Los Angeles,6037
25-0011454,CA,Fresno,6019
25-0011455,CA,San Diego,6073
25-0011456,CA,San Bernardino,6071
25-0011457,CA,Madera,6039
25-0011458,CA,Los Angeles,6037
25-0011459,CA,Los Angeles,6037
25-0011460,CA,Los Angeles,6037
25-0011461,CA,Los Angeles,6037
25-0011462,CA,Monterey,6053
25-0011463,CA,Los Angeles,6037
25-0011464,CA,Riverside,6065
25-0011465,CA,San Bernardino,6071
25-0011466,CA,Contra Costa,6013
25-0011467,CA,Los Angeles,6037
25-0011468,CA,Santa Clara,6085
25-0011469,CA,Los Angeles,6037
25-0011470,CA,Los Angeles,6037
25-0011471,CA,Orange,6059
25-0011472,CA,Contra Costa,6013
25-0011473,CA,Orange,6059
25-0011474,CA,Solano,6095
25-0011475,CA,Los Angeles,6037
25-0011476,CA,Sacramento,6067
25-0011477,CA,Merced,6047
25-0011478,CA,Los Angeles,6037
25-0011479,CA,Los Angeles,6037
25-0011480,CA,Los Angeles,6037
25-0011481,CA,Los Angeles,6037
25-0011482,CA,Los Angeles,6037
25-0011483,CA,Kern,6029
25-0011484,CA,San Francisco,6075
25-0011485,CA,Orange,6059
25-0011486,CA,Los Angeles,6037
25-0011487,CA,Riverside,6065
25-0011488,CA,Riverside,6065
25-0011489,CA,Stanislaus,6099
25-0011490,CA,San Diego,6073
25-0011491,CA,Los Angeles,6037
25-0011492,CA,Los Angeles,6037
25-0011493,CA,Orange,6059
25-0011494,CA,Los Angeles,6037
25-0011495,CA,Orange,6059
25-0011496,CA,Los Angeles,6037
25-0011497,CA,Orange,6059
25-0011498,CA,Los Angeles,6037
25-0011499,CA,Riverside,6065
25-0011500,CA,Shasta,6089
25-0011501,CA,Trinity,6105
25-0011502,CA,Los Angeles,6037
25-0011503,CA,Riverside,6065
25-0011504,CA,Sonoma,6097
25-0011505,CA,Los Angeles,6037
25-0011506,CA,San Joaquin,6077
25-0011507,CA,Orange,6059
25-0011508,CA,Los Angeles,6037
25-0011509,CA,Kern,6029
25-0011510,CA,Kern,6029
25-0011511,CA,Los Angeles,6037
25-0011512,CA,Sonoma,6097
25-0011513,CA,Los Angeles,6037
25-0011514,CA,Los Angeles,6037
25-0011515,CA,Santa Clara,6085
25-0011516,CA,Los Angeles,6037
25-0011517,CA,San Diego,6073
25-0011518,CA,Los Angeles,6037
25-0011519,CA,Los Angeles,6037
25-0011520,CA,Orange,6059
25-0011521,CA,Los Angeles,6037
25-0011522,CA,Los Angeles,6037
25-0011523,CA,Riverside,6065
25-0011524,CA,Los Angeles,6037
25-0011525,CA,San Bernardino,6071
25-0011526,CA,Los Angeles,6037
25-0011527,CA,Los Angeles,6037
25-0011528,CA,Los Angeles,6037
25-0011529,CA,Lake,6033
25-0011530,CA,San Diego,6073
25-0011531,CA,Los Angeles,6037
25-0011532,CA,San Bernardino,6071
25-0011533,CA,Los Angeles,6037
25-0011534,CA,Orange,6059
25-0011535,CA,San Bernardino,6071
25-0011536,CA,San Bernardino,6071
25-0011537,CA,Merced,6047
25-0011538,CA,Los Angeles,6037
25-0011539,CA,Tulare,6107
25-0011540,CA,Alameda,6001
25-0011541,CA,San Diego,6073
25-0011542,CA,Los Angeles,6037
25-0011543,CA,San Joaquin,6077
25-0011544,CA,San Benito,6069
25-0011545,CA,San Bernardino,6071
25-0011546,CA,San Joaquin,6077
25-0011547,CA,Los Angeles,6037
25-0011548,CA,Santa Clara,6085
25-0011549,CA,Los Angeles,6037
25-0011550,CA,San Bernardino,6071
25-0011551,CA,Orange,6059
25-0011552,CA,Los Angeles,6037
25-0011553,CA,San Diego,6073
25-0011554,CA,San Diego,6073
25-0011555,CA,Los Angeles,6037
25-0011556,CA,Los Angeles,6037
25-0011557,CA,Orange,6059
25-0011558,CA,San Bernardino,6071
25-0011559,CA,Los Angeles,6037
25-0011560,CA,Riverside,6065
25-0011561,CA,Los Angeles,6037
25-0011562,CA,San Bernardino,6071
25-0011563,CA,Los Angeles,6037
25-0011564,CA,San Bernardino,6071
25-0011565,CA,San Bernardino,6071
25-0011566,CA,San Diego,6073
25-0011567,CA,Los Angeles,6037
25-0011568,CA,Tulare,6107
25-0011569,CA,Los Angeles,6037
25-0011570,CA,Kern,6029
25-0011571,CA,Riverside,6065
25-0011572,CA,Monterey,6053
25-0011573,CA,Kern,6029
25-0011574,CA,Yolo,6113
25-0011575,CA,Butte,6007
25-0011576,CA,Los Angeles,6037
25-0011577,CA,Los Angeles,6037
25-0011578,CA,San Joaquin,6077
25-0011579,CA,Riverside,6065
25-0011580,CA,San Bernardino,6071
25-0011581,CA,Santa Clara,6085
25-0011582,CA,San Francisco,6075
25-0011583,CA,Los Angeles,6037
25-0011584,CA,Los Angeles,6037
25-0011585,CA,Los Angeles,6037
25-0011586,CA,Santa Clara,6085
25-0011587,CA,Tulare,6107
25-0011588,CA,Ventura,6111
25-0011589,CA,Los Angeles,6037
25-0011590,CA,San Joaquin,6077
25-0011591,CA,San Bernardino,6071
25-0011592,CA,Orange,6059
25-0011593,CA,Alameda,6001
25-0011594,CA,Los Angeles,6037
25-0011595,CA,Butte,6007
25-0011596,CA,San Bernardino,6071
25-0011597,CA,Merced,6047
25-0011598,CA,Los Angeles,6037
25-0011599,CA,Los Angeles,6037
25-0011600,CA,Riverside,6065
25-0011601,CA,Kern,6029
25-0011602,CA,Los Angeles,6037
25-0011603,CA,Los Angeles,6037
25-0011604,CA,Orange,6059
25-0011605,CA,Del Norte,6015
25-0011606,CA,Los Angeles,6037
25-0011607,CA,Los Angeles,6037
25-0011608,CA,Los Angeles,6037
25-0011609,CA,Santa Clara,6085
25-0011610,CA,Los Angeles,6037
25-0011611,CA,Orange,6059
25-0011612,CA,Amador,6005
25-0011613,CA,Los Angeles,6037
25-0011614,CA,Los Angeles,6037
25-0011615,CA,Los Angeles,6037
25-0011616,CA,San Bernardino,6071
25-0011617,CA,Tulare,6107
25-0011618,CA,Los Angeles,6037
25-0011619,CA,Los Angeles,6037
25-0011620,CA,San Diego,6073
25-0011621,CA,Los Angeles,6037
25-0011622,CA,Riverside,6065
25-0011623,CA,Los Angeles,6037
25-0011624,CA,Los Angeles,6037
25-0011625,CA,Orange,6059
25-0011626,CA,San Diego,6073
25-0011627,CA,Los Angeles,6037
25-0011628,CA,El Dorado,6017
25-0011629,CA,Riverside,6065
25-0011630,CA,Orange,6059
25-0011631,CA,San Bernardino,6071
25-0011632,CA,San Luis Obispo,6079
25-0011633,CA,Los Angeles,6037
25-0011634,CA,Shasta,6089
25-0011635,CA,Los Angeles,6037
25-0011636,CA,Tehama,6103
25-0011637,CA,Santa Barbara,6083
25-0011638,CA,Orange,6059
25-0011639,CA,Yolo,6113
25-0011640,CA,Kern,6029
25-0011641,CA,Los Angeles,6037
25-0011642,CA,Los Angeles,6037
25-0011643,CA,San Luis Obispo,6079
25-0011644,CA,Los Angeles,6037
25-0011645,CA,San Bernardino,6071
25-0011646,CA,San Bernardino,6071
25-0011647,CA,Orange,6059
25-0011648,CA,Los Angeles,6037
25-0011649,CA,Orange,6059
25-0011650,CA,Fresno,6019
25-0011651,CA,Los Angeles,6037
25-0011652,CA,San Diego,6073
25-0011653,CA,San Bernardino,6071
25-0011654,CA,Los Angeles,6037
25-0011655,CA,Riverside,6065
25-0011656,CA,Sacramento,6067
25-0011657,CA,Los Angeles,6037
25-0011658,CA,San Diego,6073
25-0011659,CA,Los Angeles,6037
25-0011660,CA,San Joaquin,6077
25-0011661,CA,San Diego,6073
25-0011662,CA,Los Angeles,6037
25-0011663,CA,Los Angeles,6037
25-0011664,CA,San Bernardino,6071
25-0011665,CA,Los Angeles,6037
25-0011666,CA,Riverside,6065
25-0011667,CA,Los Angeles,6037
25-0011668,CA,Merced,6047
25-0011669,CA,Los Angeles,6037
25-0011670,CA,Los Angeles,6037
25-0011671,CA,Los Angeles,6037
25-0011672,CA,Riverside,6065
25-0011673,CA,Riverside,6065
25-0011674,CA,Los Angeles,6037
25-0011675,CA,Los Angeles,6037
25-0011676,CA,Riverside,6065
25-0011677,CA,Orange,6059
25-0011678,CA,Los Angeles,6037
25-0011679,CA,San Bernardino,6071
25-0011680,CA,Los Angeles,6037
25-0011681,CA,Riverside,6065
25-0011682,CA,Tuolumne,6109
25-0011683,CA,San Diego,6073
25-0011684,CA,San Diego,6073
25-0011685,CA,Tulare,6107
25-0011686,CA,Placer,6061
25-0011687,CA,Riverside,6065
25-0011688,CA,Orange,6059
25-0011689,CA,Riverside,6065
25-0011690,CA,Los Angeles,6037
25-0011691,CA,Riverside,6065
25-0011692,CA,San Francisco,6075
25-0011693,CA,Los Angeles,6037
25-0011694,CA,Los Angeles,6037
25-0011695,CA,Tulare,6107
25-0011696,CA,Los Angeles,6037
25-0011697,CA,Los Angeles,6037
25-0011698,CA,Orange,6059
25-0011699,CA,Ventura,6111
25-0011700,CA,Los Angeles,6037
25-0011701,CA,Contra Costa,6013
25-0011702,CA,Amador,6005
25-0011703,CA,Lassen,6035
25-0011704,CA,Los Angeles,6037
25-0011705,CA,San Bernardino,6071
25-0011706,CA,San Bernardino,6071
25-0011707,CA,Contra Costa,6013
25-0011708,CA,San Joaquin,6077
25-0011709,CA,Los Angeles,6037
25-0011710,CA,San Bernardino,6071
25-0011711,CA,Los Angeles,6037
25-0011712,CA,San Diego,6073
25-0011713,CA,San Bernardino,6071
25-0011714,CA,Kern,6029
25-0011715,CA,Los Angeles,6037
25-0011716,CA,Los Angeles,6037
25-0011717,CA,Los Angeles,6037
25-0011718,CA,Sacramento,6067
25-0011719,CA,Santa Barbara,6083
25-0011720,CA,Los Angeles,6037
25-0011721,CA,San Diego,6073
25-0011722,CA,San Bernardino,6071
25-0011723,CA,Los Angeles,6037
25-0011724,CA,San Bernardino,6071
25-0011725,CA,Los Angeles,6037
25-0011726,CA,Yolo,6113
25-0011727,CA,Los Angeles,6037
25-0011728,CA,Orange,6059
25-0011729,CA,Los Angeles,6037
25-0011730,CA,Alameda,6001
25-0011731,CA,Orange,6059
25-0011732,CA,Los Angeles,6037
25-0011733,CA,Los Angeles,6037
25-0011734,CA,Los Angeles,6037
25-0011735,CA,Los Angeles,6037
25-0011736,CA,San Diego,6073
25-0011737,CA,Los Angeles,6037
25-0011738,CA,San Joaquin,6077
25-0011739,CA,Orange,6059
25-0011740,CA,Orange,6059
25-0011741,CA,Los Angeles,6037
25-0011742,CA,Los Angeles,6037
25-0011743,CA,Los Angeles,6037
25-0011744,CA,Los Angeles,6037
25-0011745,CA,Los Angeles,6037
25-0011746,CA,Alameda,6001
25-0011747,CA,Los Angeles,6037
25-0011748,CA,Napa,6055
25-0011749,CA,Butte,6007
25-0011750,CA,Los Angeles,6037
25-0011751,CA,San Bernardino,6071
25-0011752,CA,Los Angeles,6037
25-0011753,CA,Los Angeles,6037
25-0011754,CA,Ventura,6111
25-0011755,CA,Los Angeles,6037
25-0011756,CA,Riverside,6065
25-0011757,CA,Los Angeles,6037
25-0011758,CA,Riverside,6065
25-0011759,CA,Los Angeles,6037
25-0011760,CA,San Diego,6073
25-0011761,CA,San Diego,6073
25-0011762,CA,Los Angeles,6037
25-0011763,CA,Fresno,6019
25-0011764,CA,San Bernardino,6071
25-0011765,CA,Santa Barbara,6083
25-0011766,CA,Los Angeles,6037
25-0011767,CA,Los Angeles,6037
25-0011768,CA,Kern,6029
25-0011769,CA,Fresno,6019
25-0011770,CA,San Bernardino,6071
25-0011771,CA,Santa Clara,6085
25-0011772,CA,Orange,6059
25-0011773,CA,Los Angeles,6037
25-0011774,CA,Tulare,6107
25-0011775,CA,Los Angeles,6037
25-0011776,CA,Los Angeles,6037
25-0011777,CA,San Joaquin,6077
25-0011778,CA,Los Angeles,6037
25-0011779,CA,Sacramento,6067
25-0011780,CA,Los Angeles,6037
25-0011781,CA,Los Angeles,6037
25-0011782,CA,Orange,6059
25-0011783,CA,Sacramento,6067
25-0011784,CA,Fresno,6019
25-0011785,CA,Los Angeles,6037
25-0011786,CA,Los Angeles,6037
25-0011787,CA,Los Angeles,6037
25-0011788,CA,Los Angeles,6037
25-0011789,CA,Los Angeles,6037
25-0011790,CA,Los Angeles,6037
25-0011791,CA,Los Angeles,6037
25-0011792,CA,Los Angeles,6037
25-0011793,CA,Los Angeles,6037
25-0011794,CA,Fresno,6019
25-0011795,CA,Los Angeles,6037
25-0011796,CA,Los Angeles,6037
25-0011797,CA,Los Angeles,6037
25-0011798,CA,Los Angeles,6037
25-0011799,CA,Los Angeles,6037
25-0011800,CA,Colusa,6011
25-0011801,CA,Los Angeles,6037
25-0011802,CA,Los Angeles,6037
25-0011803,CA,Napa,6055
25-0011804,CA,Los Angeles,6037
25-0011805,CA,San Francisco,6075
25-0011806,CA,Los Angeles,6037
25-0011807,CA,Sacramento,6067
25-0011808,CA,Fresno,6019
25-0011809,CA,Sacramento,6067
25-0011810,CA,Los Angeles,6037
25-0011811,CA,San Mateo,6081
25-0011812,CA,Orange,6059
25-0011813,CA,Riverside,6065
25-0011814,CA,San Bernardino,6071
25-0011815,CA,San Francisco,6075
25-0011816,CA,San Diego,6073
25-0011817,CA,Fresno,6019
25-0011818,CA,Humboldt,6023
25-0011819,CA,San Diego,6073
25-0011820,CA,Los Angeles,6037
25-0011821,CA,Butte,6007
25-0011822,CA,Los Angeles,6037
25-0011823,CA,Sutter,6101
25-0011824,CA,Los Angeles,6037
25-0011825,CA,Riverside,6065
25-0011826,CA,Riverside,6065
25-0011827,CA,Los Angeles,6037
25-0011828,CA,Nevada,6057
25-0011829,CA,Los Angeles,6037
25-0011830,CA,Riverside,6065
25-0011831,CA,Sacramento,6067
25-0011832,CA,Solano,6095
25-0011833,CA,San Mateo,6081
25-0011834,CA,Riverside,6065
25-0011835,CA,San Bernardino,6071
25-0011836,CA,Sacramento,6067
25-0011837,CA,San Diego,6073
25-0011838,CA,Orange,6059
25-0011839,CA,Orange,6059
25-0011840,CA,Los Angeles,6037
25-0011841,CA,Orange,6059
25-0011842,CA,Fresno,6019
25-0011843,CA,San Bernardino,6071
25-0011844,CA,Los Angeles,6037
25-0011845,CA,Riverside,6065
25-0011846,CA,Los Angeles,6037
25-0011847,CA,Los Angeles,6037
25-0011848,CA,San Diego,6073
25-0011849,CA,Los Angeles,6037
25-0011850,CA,Los Angeles,6037
25-0011851,CA,Los Angeles,6037
25-0011852,CA,Kern,6029
25-0011853,CA,Alameda,6001
25-0011854,CA,Los Angeles,6037
25-0011855,CA,San Bernardino,6071
25-0011856,CA,Los Angeles,6037
25-0011857,CA,Merced,6047
25-0011858,CA,Los Angeles,6037
25-0011859,CA,Santa Cruz,6087
25-0011860,CA,Los Angeles,6037
25-0011861,CA,Los Angeles,6037
25-0011862,CA,San Bernardino,6071
25-0011863,CA,Santa Clara,6085
25-0011864,CA,Los Angeles,6037
25-0011865,CA,Los Angeles,6037
25-0011866,CA,Kern,6029
25-0011867,CA,Sacramento,6067
25-0011868,CA,Stanislaus,6099
25-0011869,CA,Los Angeles,6037
25-0011870,CA,Los Angeles,6037
25-0011871,CA,Sacramento,6067
25-0011872,CA,Sacramento,6067
25-0011873,CA,Placer,6061
25-0011874,CA,Los Angeles,6037
25-0011875,CA,Sonoma,6097
25-0011876,CA,Lake,6033
25-0011877,CA,San Bernardino,6071
25-0011878,CA,Los Angeles,6037
25-0011879,CA,Fresno,6019
25-0011880,CA,Los Angeles,6037
25-0011881,CA,San Diego,6073
25-0011882,CA,Riverside,6065
25-0011883,CA,Los Angeles,6037
25-0011884,CA,Orange,6059
25-0011885,CA,Sacramento,6067
25-0011886,CA,Riverside,6065
25-0011887,CA,Kern,6029
25-0011888,CA,Santa Barbara,6083
25-0011889,CA,Orange,6059
25-0011890,CA,Los Angeles,6037
25-0011891,CA,Los Angeles,6037
25-0011892,CA,Los Angeles,6037
25-0011893,CA,Santa Clara,6085
25-0011894,CA,Orange,6059
25-0011895,CA,San Joaquin,6077
25-0011896,CA,San Diego,6073
25-0011897,CA,Orange,6059
25-0011898,CA,Tulare,6107
25-0011899,CA,San Francisco,6075
25-0011900,CA,Los Angeles,6037
25-0011901,CA,Los Angeles,6037
25-0011902,CA,Contra Costa,6013
25-0011903,CA,Riverside,6065
25-0011904,CA,Riverside,6065
25-0011905,CA,Ventura,6111
25-0011906,CA,Los Angeles,6037
25-0011907,CA,Alameda,6001
25-0011908,CA,Orange,6059
25-0011909,CA,Sutter,6101
25-0011910,CA,Tuolumne,6109
25-0011911,CA,San Bernardino,6071
25-0011912,CA,Riverside,6065
25-0011913,CA,Los Angeles,6037
25-0011914,CA,Orange,6059
25-0011915,CA,Orange,6059
25-0011916,CA,Santa Clara,6085
25-0011917,CA,Los Angeles,6037
25-0011918,CA,San Bernardino,6071
25-0011919,CA,Riverside,6065
25-0011920,CA,Riverside,6065
25-0011921,CA,San Diego,6073
25-0011922,CA,San Diego,6073
25-0011923,CA,Riverside,6065
25-0011924,CA,Los Angeles,6037
25-0011925,CA,Los Angeles,6037
25-0011926,CA,Los Angeles,6037
25-0011927,CA,San Bernardino,6071
25-0011928,CA,Riverside,6065
25-0011929,CA,San Bernardino,6071
25-0011930,CA,Contra Costa,6013
25-0011931,CA,Los Angeles,6037
25-0011932,CA,San Bernardino,6071
25-0011933,CA,Riverside,6065
25-0011934,CA,Los Angeles,6037
25-0011935,CA,Imperial,6025
25-0011936,CA,Contra Costa,6013
25-0011937,CA,Fresno,6019
25-0011938,CA,San Joaquin,6077
25-0011939,CA,Kern,6029
25-0011940,CA,Riverside,6065
25-0011941,CA,Los Angeles,6037
25-0011942,CA,Orange,6059
25-0011943,CA,Riverside,6065
25-0011944,CA,Riverside,6065
25-0011945,CA,Los Angeles,6037
25-0011946,CA,Los Angeles,6037
25-0011947,CA,Riverside,6065
25-0011948,CA,San Diego,6073
25-0011949,CA,Riverside,6065
25-0011950,CA,Kern,6029
25-0011951,CA,Tulare,6107
25-0011952,CA,Sacramento,6067
25-0011953,CA,Los Angeles,6037
25-0011954,CA,Contra Costa,6013
25-0011955,CA,Los Angeles,6037
25-0011956,CA,Sutter,6101
25-0011957,CA,Fresno,6019
25-0011958,CA,Ventura,6111
25-0011959,CA,Riverside,6065
25-0011960,CA,Sacramento,6067
25-0011961,CA,Los Angeles,6037
25-0011962,CA,Los Angeles,6037
25-0011963,CA,San Bernardino,6071
25-0011964,CA,San Mateo,6081
25-0011965,CA,San Bernardino,6071
25-0011966,CA,Los Angeles,6037
25-0011967,CA,Alameda,6001
25-0011968,CA,Sacramento,6067
25-0011969,CA,Orange,6059
25-0011970,CA,Orange,6059
25-0011971,CA,Madera,6039
25-0011972,CA,Los Angeles,6037
25-0011973,CA,Los Angeles,6037
25-0011974,CA,Fresno,6019
25-0011975,CA,Riverside,6065
25-0011976,CA,San Bernardino,6071
25-0011977,CA,San Luis Obispo,6079
25-0011978,CA,Los Angeles,6037
25-0011979,CA,Solano,6095
25-0011980,CA,San Bernardino,6071
25-0011981,CA,Sacramento,6067
25-0011982,CA,Solano,6095
25-0011983,CA,Butte,6007
25-0011984,CA,Calaveras,6009
25-0011985,CA,Los Angeles,6037
25-0011986,CA,San Bernardino,6071
25-0011987,CA,Los Angeles,6037
25-0011988,CA,Humboldt,6023
25-0011989,CA,Tehama,6103
25-0011990,CA,Sacramento,6067
25-0011991,CA,Los Angeles,6037
25-0011992,CA,Los Angeles,6037
25-0011993,CA,San Francisco,6075
25-0011994,CA,San Diego,6073
25-0011995,CA,Santa Clara,6085
25-0011996,CA,Stanislaus,6099
25-0011997,CA,Los Angeles,6037
25-0011998,CA,Orange,6059
25-0011999,CA,Riverside,6065
25-0012000,CA,San Bernardino,6071
25-0012001,CA,Merced,6047
25-0012002,CA,Los Angeles,6037
25-0012003,CA,Orange,6059
25-0012004,CA,Stanislaus,6099
25-0012005,CA,Los Angeles,6037
25-0012006,CA,Los Angeles,6037
25-0012007,CA,Orange,6059
25-0012008,CA,Sacramento,6067
25-0012009,CA,San Diego,6073
25-0012010,CA,Los Angeles,6037
25-0012011,CA,Los Angeles,6037
25-0012012,CA,San Bernardino,6071
25-0012013,CA,Los Angeles,6037
25-0012014,CA,Solano,6095
25-0012015,CA,Alameda,6001
25-0012016,CA,Los Angeles,6037
25-0012017,CA,Tulare,6107
25-0012018,CA,Los Angeles,6037
25-0012019,CA,San Joaquin,6077
25-0012020,CA,Riverside,6065
25-0012021,CA,Los Angeles,6037
25-0012022,CA,San Bernardino,6071
25-0012023,CA,San Diego,6073
25-0012024,CA,Riverside,6065
25-0012025,CA,Los Angeles,6037
25-0012026,CA,Riverside,6065
25-0012027,CA,Ventura,6111
25-0012028,CA,Los Angeles,6037
25-0012029,CA,Riverside,6065
25-0012030,CA,Orange,6059
25-0012031,CA,Orange,6059
25-0012032,CA,Monterey,6053
25-0012033,CA,Orange,6059
25-0012034,CA,Los Angeles,6037
25-0012035,CA,Tulare,6107
25-0012036,CA,Monterey,6053
25-0012037,CA,San Bernardino,6071
25-0012038,CA,Riverside,6065
25-0012039,CA,San Diego,6073
25-0012040,CA,San Joaquin,6077
25-0012041,CA,Los Angeles,6037
25-0012042,CA,San Bernardino,6071
25-0012043,CA,San Diego,6073
25-0012044,CA,Los Angeles,6037
25-0012045,CA,Los Angeles,6037
25-0012046,CA,San Diego,6073
25-0012047,CA,Los Angeles,6037
25-0012048,CA,Los Angeles,6037
25-0012049,CA,Orange,6059
25-0012050,CA,San Bernardino,6071
25-0012051,CA,Orange,6059
25-0012052,CA,Los Angeles,6037
25-0012053,CA,Los Angeles,6037
25-0012054,CA,San Bernardino,6071
25-0012055,CA,Los Angeles,6037
25-0012056,CA,Los Angeles,6037
25-0012057,CA,San Bernardino,6071
25-0012058,CA,Placer,6061
25-0012059,CA,Los Angeles,6037
25-0012060,CA,Los Angeles,6037
25-0012061,CA,Sacramento,6067
25-0012062,CA,San Bernardino,6071
25-0012063,CA,Siskiyou,6093
25-0012064,CA,Orange,6059
25-0012065,CA,Orange,6059
25-0012066,CA,Contra Costa,6013
25-0012067,CA,San Bernardino,6071
25-0012068,CA,Los Angeles,6037
25-0012069,CA,San Luis Obispo,6079
25-0012070,CA,Los Angeles,6037
25-0012071,CA,Sacramento,6067
25-0012072,CA,Marin,6041
25-0012073,CA,Los Angeles,6037
25-0012074,CA,Los Angeles,6037
25-0012075,CA,Los Angeles,6037
25-0012076,CA,Santa Clara,6085
25-0012077,CA,San Joaquin,6077
25-0012078,CA,Orange,6059
25-0012079,CA,Los Angeles,6037
25-0012080,CA,Los Angeles,6037
25-0012081,CA,Los Angeles,6037
25-0012082,CA,Los Angeles,6037
25-0012083,CA,Sacramento,6067
25-0012084,CA,Los Angeles,6037
25-0012085,CA,Los Angeles,6037
25-0012086,CA,San Benito,6069
25-0012087,CA,Los Angeles,6037
25-0012088,CA,Los Angeles,6037
25-0012089,CA,San Joaquin,6077
25-0012090,CA,Los Angeles,6037
25-0012091,CA,San Luis Obispo,6079
25-0012092,CA,San Bernardino,6071
25-0012093,CA,San Francisco,6075
25-0012094,CA,Los Angeles,6037
25-0012095,CA,Los Angeles,6037
25-0012096,CA,Los Angeles,6037
25-0012097,CA,Los Angeles,6037
25-0012098,CA,Los Angeles,6037
25-0012099,CA,Kern,6029
25-0012100,CA,Riverside,6065
25-0012101,CA,Los Angeles,6037
25-0012102,CA,Riverside,6065
25-0012103,CA,Alameda,6001
25-0012104,CA,Los Angeles,6037
25-0012105,CA,Los Angeles,6037
25-0012106,CA,Los Angeles,6037
25-0012107,CA,Solano,6095
25-0012108,CA,Kern,6029
25-0012109,CA,Alameda,6001
25-0012110,CA,Los Angeles,6037
25-0012111,CA,Los Angeles,6037
25-0012112,CA,Fresno,6019
25-0012113,CA,Alameda,6001
25-0012114,CA,Ventura,6111
25-0012115,CA,Imperial,6025
25-0012116,CA,Kings,6031
25-0012117,CA,Tulare,6107
25-0012118,CA,Stanislaus,6099
25-0012119,CA,Santa Clara,6085
25-0012120,CA,San Bernardino,6071
25-0012121,CA,Fresno,6019
25-0012122,CA,Kern,6029
25-0012123,CA,Solano,6095
25-0012124,CA,San Joaquin,6077
25-0012125,CA,San Diego,6073
25-0012126,CA,Sacramento,6067
25-0012127,CA,Riverside,6065
25-0012128,CA,Los Angeles,6037
25-0012129,CA,Orange,6059
25-0012130,CA,Orange,6059
25-0012131,CA,Los Angeles,6037
25-0012132,CA,Los Angeles,6037
25-0012133,CA,San Luis Obispo,6079
25-0012134,CA,San Bernardino,6071
25-0012135,CA,Los Angeles,6037
25-0012136,CA,Imperial,6025
25-0012137,CA,Los Angeles,6037
25-0012138,CA,Sonoma,6097
25-0012139,CA,Riverside,6065
25-0012140,CA,Los Angeles,6037
25-0012141,CA,Los Angeles,6037
25-0012142,CA,Los Angeles,6037
25-0012143,CA,Los Angeles,6037
25-0012144,CA,Los Angeles,6037
25-0012145,CA,Contra Costa,6013
25-0012146,CA,Tulare,6107
25-0012147,CA,Los Angeles,6037
25-0012148,CA,San Bernardino,6071
25-0012149,CA,Santa Barbara,6083
25-0012150,CA,Los Angeles,6037
25-0012151,CA,Los Angeles,6037
25-0012152,CA,Orange,6059
25-0012153,CA,Los Angeles,6037
25-0012154,CA,Los Angeles,6037
25-0012155,CA,Los Angeles,6037
25-0012156,CA,Los Angeles,6037
25-0012157,CA,Shasta,6089
25-0012158,CA,San Bernardino,6071
25-0012159,CA,Orange,6059
25-0012160,CA,Los Angeles,6037
25-0012161,CA,Los Angeles,6037
25-0012162,CA,San Bernardino,6071
25-0012163,CA,Kern,6029
25-0012164,CA,San Joaquin,6077
25-0012165,CA,Los Angeles,6037
25-0012166,CA,Riverside,6065
25-0012167,CA,San Bernardino,6071
25-0012168,CA,Los Angeles,6037
25-0012169,CA,Kern,6029
25-0012170,CA,San Mateo,6081
25-0012171,CA,Orange,6059
25-0012172,CA,Butte,6007
25-0012173,CA,San Bernardino,6071
25-0012174,CA,Los Angeles,6037
25-0012175,CA,Yolo,6113
25-0012176,CA,San Bernardino,6071
25-0012177,CA,Los Angeles,6037
25-0012178,CA,Los Angeles,6037
25-0012179,CA,San Bernardino,6071
25-0012180,CA,Orange,6059
25-0012181,CA,Sonoma,6097
25-0012182,CA,Orange,6059
25-0012183,CA,Los Angeles,6037
25-0012184,CA,Los Angeles,6037
25-0012185,CA,Los Angeles,6037
25-0012186,CA,Santa Clara,6085
25-0012187,CA,Orange,6059
25-0012188,CA,Los Angeles,6037
25-0012189,CA,Los Angeles,6037
25-0012190,CA,Riverside,6065
25-0012191,CA,Humboldt,6023
25-0012192,CA,Yolo,6113
25-0012193,CA,Los Angeles,6037
25-0012194,CA,Sacramento,6067
25-0012195,CA,Orange,6059
25-0012196,CA,Orange,6059
25-0012197,CA,Merced,6047
25-0012198,CA,Kern,6029
25-0012199,CA,Los Angeles,6037
25-0012200,CA,San Diego,6073
25-0012201,CA,San Francisco,6075
25-0012202,CA,Fresno,6019
25-0012203,CA,San Bernardino,6071
25-0012204,CA,Riverside,6065
25-0012205,CA,Riverside,6065
25-0012206,CA,Los Angeles,6037
25-0012207,CA,Orange,6059
25-0012208,CA,Los Angeles,6037
25-0012209,CA,Santa Clara,6085
25-0012210,CA,Los Angeles,6037
25-0012211,CA,Kings,6031
25-0012212,CA,Los Angeles,6037
25-0012213,CA,Sacramento,6067
25-0012214,CA,Kern,6029
25-0012215,CA,Contra Costa,6013
25-0012216,CA,Los Angeles,6037
25-0012217,CA,San Bernardino,6071
25-0012218,CA,Los Angeles,6037
25-0012219,CA,San Bernardino,6071
25-0012220,CA,Kern,6029
25-0012221,CA,Kings,6031
25-0012222,CA,San Diego,6073
25-0012223,CA,Los Angeles,6037
25-0012224,CA,Solano,6095
25-0012225,CA,San Bernardino,6071
25-0012226,CA,San Diego,6073
25-0012227,CA,Orange,6059
25-0012228,CA,Los Angeles,6037
25-0012229,CA,Contra Costa,6013
25-0012230,CA,Madera,6039
25-0012231,CA,Placer,6061
25-0012232,CA,Butte,6007
25-0012233,CA,Los Angeles,6037
25-0012234,CA,Los Angeles,6037
25-0012235,CA,San Bernardino,6071
25-0012236,CA,Los Angeles,6037
25-0012237,CA,Los Angeles,6037
25-0012238,CA,Los Angeles,6037
25-0012239,CA,San Bernardino,6071
25-0012240,CA,Los Angeles,6037
25-0012241,CA,Tulare,6107
25-0012242,CA,Tulare,6107
25-0012243,CA,Los Angeles,6037
25-0012244,CA,Los Angeles,6037
25-0012245,CA,Riverside,6065
25-0012246,CA,Los Angeles,6037
25-0012247,CA,Fresno,6019
25-0012248,CA,Riverside,6065
25-0012249,CA,San Bernardino,6071
25-0012250,CA,Orange,6059
25-0012251,CA,Los Angeles,6037
25-0012252,CA,Los Angeles,6037
25-0012253,CA,San Bernardino,6071
25-0012254,CA,San Bernardino,6071
25-0012255,CA,Los Angeles,6037
25-0012256,CA,San Diego,6073
25-0012257,CA,San Luis Obispo,6079
25-0012258,CA,Fresno,6019
25-0012259,CA,Los Angeles,6037
25-0012260,CA,Santa Clara,6085
25-0012261,CA,Kern,6029
25-0012262,CA,Contra Costa,6013
25-0012263,CA,Los Angeles,6037
25-0012264,CA,Orange,6059
25-0012265,CA,Fresno,6019
25-0012266,CA,Tulare,6107
25-0012267,CA,Riverside,6065
25-0012268,CA,Los Angeles,6037
25-0012269,CA,San Bernardino,6071
25-0012270,CA,Los Angeles,6037
25-0012271,CA,Los Angeles,6037
25-0012272,CA,San Bernardino,6071
25-0012273,CA,San Bernardino,6071
25-0012274,CA,San Francisco,6075
25-0012275,CA,San Bernardino,6071
25-0012276,CA,Los Angeles,6037
25-0012277,CA,Butte,6007
25-0012278,CA,Orange,6059
25-0012279,CA,San Diego,6073
25-0012280,CA,Los Angeles,6037
25-0012281,CA,Los Angeles,6037
25-0012282,CA,Los Angeles,6037
25-0012283,CA,Los Angeles,6037
25-0012284,CA,Los Angeles,6037
25-0012285,CA,San Diego,6073
25-0012286,CA,Los Angeles,6037
25-0012287,CA,Los Angeles,6037
25-0012288,CA,Riverside,6065
25-0012289,CA,Tulare,6107
25-0012290,CA,Los Angeles,6037
25-0012291,CA,San Francisco,6075
25-0012292,CA,Los Angeles,6037
25-0012293,CA,Los Angeles,6037
25-0012294,CA,Los Angeles,6037
25-0012295,CA,Kern,6029
25-0012296,CA,Sacramento,6067
25-0012297,CA,Los Angeles,6037
25-0012298,CA,Los Angeles,6037
25-0012299,CA,Orange,6059
25-0012300,CA,Los Angeles,6037
25-0012301,CA,Orange,6059
25-0012302,CA,Orange,6059
25-0012303,CA,Los Angeles,6037
25-0012304,CA,Los Angeles,6037
25-0012305,CA,Napa,6055
25-0012306,CA,Los Angeles,6037
25-0012307,CA,Glenn,6021
25-0012308,CA,Orange,6059
25-0012309,CA,San Bernardino,6071
25-0012310,CA,Santa Clara,6085
25-0012311,CA,Santa Clara,6085
25-0012312,CA,San Bernardino,6071
25-0012313,CA,Tulare,6107
25-0012314,CA,Los Angeles,6037
25-0012315,CA,Kern,6029
25-0012316,CA,Los Angeles,6037
25-0012317,CA,Kern,6029
25-0012318,CA,Orange,6059
25-0012319,CA,Orange,6059
25-0012320,CA,Riverside,6065
25-0012321,CA,San Bernardino,6071
25-0012322,CA,Los Angeles,6037
25-0012323,CA,Orange,6059
25-0012324,CA,Los Angeles,6037
25-0012325,CA,Los Angeles,6037
25-0012326,CA,San Joaquin,6077
25-0012327,CA,Riverside,6065
25-0012328,CA,Orange,6059
25-0012329,CA,Los Angeles,6037
25-0012330,CA,Sacramento,6067
25-0012331,CA,Ventura,6111
25-0012332,CA,Orange,6059
25-0012333,CA,Orange,6059
25-0012334,CA,Los Angeles,6037
25-0012335,CA,Orange,6059
25-0012336,CA,Orange,6059
25-0012337,CA,San Bernardino,6071
25-0012338,CA,San Bernardino,6071
25-0012339,CA,Fresno,6019
25-0012340,CA,Orange,6059
25-0012341,CA,Kern,6029
25-0012342,CA,Orange,6059
25-0012343,CA,Los Angeles,6037
25-0012344,CA,Riverside,6065
25-0012345,CA,Los Angeles,6037
25-0012346,CA,Imperial,6025
25-0012347,CA,Tulare,6107
25-0012348,CA,Los Angeles,6037
25-0012349,CA,Los Angeles,6037
25-0012350,CA,Riverside,6065
25-0012351,CA,Orange,6059
25-0012352,CA,Los Angeles,6037
25-0012353,CA,Orange,6059
25-0012354,CA,Los Angeles,6037
25-0012355,CA,San Diego,6073
25-0012356,CA,Sacramento,6067
25-0012357,CA,Imperial,6025
25-0012358,CA,Los Angeles,6037
25-0012359,CA,Yolo,6113
25-0012360,CA,Los Angeles,6037
25-0012361,CA,Orange,6059
25-0012362,CA,Shasta,6089
25-0012363,CA,Alameda,6001
25-0012364,CA,Santa Clara,6085
25-0012365,CA,Los Angeles,6037
25-0012366,CA,Los Angeles,6037
25-0012367,CA,Los Angeles,6037
25-0012368,CA,Merced,6047
25-0012369,CA,Ventura,6111
25-0012370,CA,Los Angeles,6037
25-0012371,CA,Santa Barbara,6083
25-0012372,CA,Los Angeles,6037
25-0012373,CA,San Diego,6073
25-0012374,CA,Santa Clara,6085
25-0012375,CA,Alameda,6001
25-0012376,CA,Los Angeles,6037
25-0012377,CA,Fresno,6019
25-0012378,CA,Los Angeles,6037
25-0012379,CA,Stanislaus,6099
25-0012380,CA,Los Angeles,6037
25-0012381,CA,Los Angeles,6037
25-0012382,CA,Los Angeles,6037
25-0012383,CA,Riverside,6065
25-0012384,CA,Los Angeles,6037
25-0012385,CA,Los Angeles,6037
25-0012386,CA,Los Angeles,6037
25-0012387,CA,San Bernardino,6071
25-0012388,CA,Los Angeles,6037
25-0012389,CA,Los Angeles,6037
25-0012390,CA,Santa Clara,6085
25-0012391,CA,Orange,6059
25-0012392,CA,Orange,6059
25-0012393,CA,Los Angeles,6037
25-0012394,CA,Fresno,6019
25-0012395,CA,Sacramento,6067
25-0012396,CA,Los Angeles,6037
25-0012397,CA,San Diego,6073
25-0012398,CA,Los Angeles,6037
25-0012399,CA,Los Angeles,6037
25-0012400,CA,Kings,6031
25-0012401,CA,Sonoma,6097
25-0012402,CA,Orange,6059
25-0012403,CA,Sonoma,6097
25-0012404,CA,Riverside,6065
25-0012405,CA,Alameda,6001
25-0012406,CA,Los Angeles,6037
25-0012407,CA,Santa Clara,6085
25-0012408,CA,San Bernardino,6071
25-0012409,CA,Tulare,6107
25-0012410,CA,Butte,6007
25-0012411,CA,Orange,6059
25-0012412,CA,Santa Clara,6085
25-0012413,CA,Tulare,6107
25-0012414,CA,Los Angeles,6037
25-0012415,CA,San Diego,6073
25-0012416,CA,San Bernardino,6071
25-0012417,CA,Stanislaus,6099
25-0012418,CA,Los Angeles,6037
25-0012419,CA,San Bernardino,6071
25-0012420,CA,Mono,6051
25-0012421,CA,Riverside,6065
25-0012422,CA,Los Angeles,6037
25-0012423,CA,Marin,6041
25-0012424,CA,Contra Costa,6013
25-0012425,CA,Sacramento,6067
25-0012426,CA,Los Angeles,6037
25-0012427,CA,Riverside,6065
25-0012428,CA,Yolo,6113
25-0012429,CA,Los Angeles,6037
25-0012430,CA,Los Angeles,6037
25-0012431,CA,Los Angeles,6037
25-0012432,CA,Los Angeles,6037
25-0012433,CA,Kern,6029
25-0012434,CA,Los Angeles,6037
25-0012435,CA,Los Angeles,6037
25-0012436,CA,Fresno,6019
25-0012437,CA,San Bernardino,6071
25-0012438,CA,Riverside,6065
25-0012439,CA,Riverside,6065
25-0012440,CA,Yuba,6115
25-0012441,CA,Los Angeles,6037
25-0012442,CA,Los Angeles,6037
25-0012443,CA,Los Angeles,6037
25-0012444,CA,San Diego,6073
25-0012445,CA,Tuolumne,6109
25-0012446,CA,Riverside,6065
25-0012447,CA,Orange,6059
25-0012448,CA,Riverside,6065
25-0012449,CA,Los Angeles,6037
25-0012450,CA,Los Angeles,6037
25-0012451,CA,Los Angeles,6037
25-0012452,CA,Kings,6031
25-0012453,CA,Los Angeles,6037
25-0012454,CA,Alameda,6001
25-0012455,CA,Kern,6029
25-0012456,CA,Los Angeles,6037
25-0012457,CA,San Bernardino,6071
25-0012458,CA,Riverside,6065
25-0012459,CA,Placer,6061
25-0012460,CA,Los Angeles,6037
25-0012461,CA,Los Angeles,6037
25-0012462,CA,Orange,6059
25-0012463,CA,Fresno,6019
25-0012464,CA,Ventura,6111
25-0012465,CA,Orange,6059
25-0012466,CA,Sacramento,6067
25-0012467,CA,Riverside,6065
25-0012468,CA,Orange,6059
25-0012469,CA,Marin,6041
25-0012470,CA,Los Angeles,6037
25-0012471,CA,Los Angeles,6037
25-0012472,CA,Riverside,6065
25-0012473,CA,Los Angeles,6037
25-0012474,CA,Los Angeles,6037
25-0012475,CA,Riverside,6065
25-0012476,CA,Los Angeles,6037
25-0012477,CA,Riverside,6065
25-0012478,CA,Tehama,6103
25-0012479,CA,Los Angeles,6037
25-0012480,CA,Los Angeles,6037
25-0012481,CA,Los Angeles,6037
25-0012482,CA,Santa Barbara,6083
25-0012483,CA,Orange,6059
25-0012484,CA,Nevada,6057
25-0012485,CA,Stanislaus,6099
25-0012486,CA,Sacramento,6067
25-0012487,CA,Los Angeles,6037
25-0012488,CA,Riverside,6065
25-0012489,CA,Los Angeles,6037
25-0012490,CA,San Francisco,6075
25-0012491,CA,Sacramento,6067
25-0012492,CA,Orange,6059
25-0012493,CA,Riverside,6065
25-0012494,CA,Los Angeles,6037
25-0012495,CA,Alameda,6001
25-0012496,CA,Sacramento,6067
25-0012497,CA,Tulare,6107
25-0012498,CA,San Joaquin,6077
25-0012499,CA,Los Angeles,6037
25-0012500,CA,Los Angeles,6037
25-0012501,CA,Los Angeles,6037
25-0012502,CA,Los Angeles,6037
25-0012503,CA,San Bernardino,6071
25-0012504,CA,Los Angeles,6037
25-0012505,CA,Riverside,6065
25-0012506,CA,Los Angeles,6037
25-0012507,CA,Stanislaus,6099
25-0012508,CA,Riverside,6065
25-0012509,CA,San Diego,6073
25-0012510,CA,Orange,6059
25-0012511,CA,Alameda,6001
25-0012512,CA,Los Angeles,6037
25-0012513,CA,San Diego,6073
25-0012514,CA,Los Angeles,6037
25-0012515,CA,San Bernardino,6071
25-0012516,CA,Kern,6029
25-0012517,CA,Sonoma,6097
25-0012518,CA,San Bernardino,6071
25-0012519,CA,Los Angeles,6037
25-0012520,CA,Sonoma,6097
25-0012521,CA,San Diego,6073
25-0012522,CA,Los Angeles,6037
25-0012523,CA,Orange,6059
25-0012524,CA,Tulare,6107
25-0012525,CA,San Diego,6073
25-0012526,CA,Kings,6031
25-0012527,CA,Tulare,6107
25-0012528,CA,Riverside,6065
25-0012529,CA,Los Angeles,6037
25-0012530,CA,Los Angeles,6037
25-0012531,CA,Los Angeles,6037
25-0012532,CA,Riverside,6065
25-0012533,CA,Orange,6059
25-0012534,CA,Orange,6059
25-0012535,CA,Tulare,6107
25-0012536,CA,Los Angeles,6037
25-0012537,CA,Los Angeles,6037
25-0012538,CA,Riverside,6065
25-0012539,CA,Merced,6047
25-0012540,CA,Monterey,6053
25-0012541,CA,San Diego,6073
25-0012542,CA,Riverside,6065
25-0012543,CA,San Bernardino,6071
25-0012544,CA,Los Angeles,6037
25-0012545,CA,Los Angeles,6037
25-0012546,CA,Los Angeles,6037
25-0012547,CA,Los Angeles,6037
25-0012548,CA,Los Angeles,6037
25-0012549,CA,Los Angeles,6037
25-0012550,CA,Santa Clara,6085
25-0012551,CA,San Luis Obispo,6079
25-0012552,CA,San Bernardino,6071
25-0012553,CA,Los Angeles,6037
25-0012554,CA,Fresno,6019
25-0012555,CA,Los Angeles,6037
25-0012556,CA,Los Angeles,6037
25-0012557,CA,San Mateo,6081
25-0012558,CA,Riverside,6065
25-0012559,CA,San Francisco,6075
25-0012560,CA,San Diego,6073
25-0012561,CA,Fresno,6019
25-0012562,CA,San Bernardino,6071
25-0012563,CA,Orange,6059
25-0012564,CA,Riverside,6065
25-0012565,CA,Kern,6029
25-0012566,CA,San Diego,6073
25-0012567,CA,Fresno,6019
25-0012568,CA,San Diego,6073
25-0012569,CA,Los Angeles,6037
25-0012570,CA,San Diego,6073
25-0012571,CA,Los Angeles,6037
25-0012572,CA,Los Angeles,6037
25-0012573,CA,Los Angeles,6037
25-0012574,CA,Alameda,6001
25-0012575,CA,Riverside,6065
25-0012576,CA,Los Angeles,6037
25-0012577,CA,Contra Costa,6013
25-0012578,CA,San Diego,6073
25-0012579,CA,Los Angeles,6037
25-0012580,CA,Los Angeles,6037
25-0012581,CA,Sacramento,6067
25-0012582,CA,Monterey,6053
25-0012583,CA,Monterey,6053
25-0012584,CA,Los Angeles,6037
25-0012585,CA,Los Angeles,6037
25-0012586,CA,Madera,6039
25-0012587,CA,San Francisco,6075
25-0012588,CA,Orange,6059
25-0012589,CA,Los Angeles,6037
25-0012590,CA,San Bernardino,6071
25-0012591,CA,Humboldt,6023
25-0012592,CA,Riverside,6065
25-0012593,CA,El Dorado,6017
25-0012594,CA,Fresno,6019
25-0012595,CA,Los Angeles,6037
25-0012596,CA,El Dorado,6017
25-0012597,CA,Los Angeles,6037
25-0012598,CA,Los Angeles,6037
25-0012599,CA,Orange,6059
25-0012600,CA,Orange,6059
25-0012601,CA,San Diego,6073
25-0012602,CA,San Francisco,6075
25-0012603,CA,Orange,6059
25-0012604,CA,Orange,6059
25-0012605,CA,Los Angeles,6037
25-0012606,CA,Riverside,6065
25-0012607,CA,Los Angeles,6037
25-0012608,CA,Los Angeles,6037
25-0012609,CA,Madera,6039
25-0012610,CA,Sacramento,6067
25-0012611,CA,Shasta,6089
25-0012612,CA,Los Angeles,6037
25-0012613,CA,Tulare,6107
25-0012614,CA,Fresno,6019
25-0012615,CA,Orange,6059
25-0012616,CA,Orange,6059
25-0012617,CA,Kern,6029
25-0012618,CA,San Bernardino,6071
25-0012619,CA,Los Angeles,6037
25-0012620,CA,Santa Barbara,6083
25-0012621,CA,Fresno,6019
25-0012622,CA,San Bernardino,6071
25-0012623,CA,Los Angeles,6037
25-0012624,CA,Orange,6059
25-0012625,CA,Orange,6059
25-0012626,CA,Contra Costa,6013
25-0012627,CA,Los Angeles,6037
25-0012628,CA,San Luis Obispo,6079
25-0012629,CA,San Diego,6073
25-0012630,CA,Sacramento,6067
25-0012631,CA,Fresno,6019
25-0012632,CA,Los Angeles,6037
25-0012633,CA,San Diego,6073
25-0012634,CA,Alameda,6001
25-0012635,CA,Shasta,6089
25-0012636,CA,Orange,6059
25-0012637,CA,Los Angeles,6037
25-0012638,CA,Riverside,6065
25-0012639,CA,Kern,6029
25-0012640,CA,Sacramento,6067
25-0012641,CA,Los Angeles,6037
25-0012642,CA,Alameda,6001
25-0012643,CA,Orange,6059
25-0012644,CA,Riverside,6065
25-0012645,CA,Orange,6059
25-0012646,CA,Orange,6059
25-0012647,CA,Orange,6059
25-0012648,CA,San Bernardino,6071
25-0012649,CA,Los Angeles,6037
25-0012650,CA,Los Angeles,6037
25-0012651,CA,Los Angeles,6037
25-0012652,CA,Los Angeles,6037
25-0012653,CA,Los Angeles,6037
25-0012654,CA,Los Angeles,6037
25-0012655,CA,Los Angeles,6037
25-0012656,CA,Los Angeles,6037
25-0012657,CA,Riverside,6065
25-0012658,CA,Yuba,6115
25-0012659,CA,Los Angeles,6037
25-0012660,CA,Riverside,6065
25-0012661,CA,Madera,6039
25-0012662,CA,Sacramento,6067
25-0012663,CA,Orange,6059
25-0012664,CA,Riverside,6065
25-0012665,CA,Los Angeles,6037
25-0012666,CA,Orange,6059
25-0012667,CA,Los Angeles,6037
25-0012668,CA,Los Angeles,6037
25-0012669,CA,Los Angeles,6037
25-0012670,CA,Alameda,6001
25-0012671,CA,San Diego,6073
25-0012672,CA,San Bernardino,6071
25-0012673,CA,Orange,6059
25-0012674,CA,Los Angeles,6037
25-0012675,CA,Riverside,6065
25-0012676,CA,Los Angeles,6037
25-0012677,CA,Merced,6047
25-0012678,CA,Fresno,6019
25-0012679,CA,Riverside,6065
25-0012680,CA,Los Angeles,6037
25-0012681,CA,Los Angeles,6037
25-0012682,CA,Riverside,6065
25-0012683,CA,Santa Clara,6085
25-0012684,CA,Los Angeles,6037
25-0012685,CA,San Bernardino,6071
25-0012686,CA,San Bernardino,6071
25-0012687,CA,Kern,6029
25-0012688,CA,Los Angeles,6037
25-0012689,CA,Los Angeles,6037
25-0012690,CA,Riverside,6065
25-0012691,CA,Ventura,6111
25-0012692,CA,Los Angeles,6037
25-0012693,CA,Los Angeles,6037
25-0012694,CA,Kern,6029
25-0012695,CA,Los Angeles,6037
25-0012696,CA,San Bernardino,6071
25-0012697,CA,Los Angeles,6037
25-0012698,CA,San Francisco,6075
25-0012699,CA,Los Angeles,6037
25-0012700,CA,San Diego,6073
25-0012701,CA,San Diego,6073
25-0012702,CA,Los Angeles,6037
25-0012703,CA,Santa Clara,6085
25-0012704,CA,Alameda,6001
25-0012705,CA,Los Angeles,6037
25-0012706,CA,Orange,6059
25-0012707,CA,San Mateo,6081
25-0012708,CA,Los Angeles,6037
25-0012709,CA,Orange,6059
25-0012710,CA,Yolo,6113
25-0012711,CA,Orange,6059
25-0012712,CA,Los Angeles,6037
25-0012713,CA,Tulare,6107
25-0012714,CA,Orange,6059
25-0012715,CA,San Bernardino,6071
25-0012716,CA,Los Angeles,6037
25-0012717,CA,San Diego,6073
25-0012718,CA,Los Angeles,6037
25-0012719,CA,Los Angeles,6037
25-0012720,CA,Alameda,6001
25-0012721,CA,San Bernardino,6071
25-0012722,CA,San Mateo,6081
25-0012723,CA,Los Angeles,6037
25-0012724,CA,Mariposa,6043
25-0012725,CA,Los Angeles,6037
25-0012726,CA,Los Angeles,6037
25-0012727,CA,Los Angeles,6037
25-0012728,CA,Los Angeles,6037
25-0012729,CA,Contra Costa,6013
25-0012730,CA,San Diego,6073
25-0012731,CA,Orange,6059
25-0012732,CA,Sacramento,6067
25-0012733,CA,Los Angeles,6037
25-0012734,CA,Riverside,6065
25-0012735,CA,San Bernardino,6071
25-0012736,CA,Los Angeles,6037
25-0012737,CA,Orange,6059
25-0012738,CA,San Bernardino,6071
25-0012739,CA,Los Angeles,6037
25-0012740,CA,Los Angeles,6037
25-0012741,CA,Santa Barbara,6083
25-0012742,CA,Los Angeles,6037
25-0012743,CA,Los Angeles,6037
25-0012744,CA,Los Angeles,6037
25-0012745,CA,Santa Clara,6085
25-0012746,CA,Orange,6059
25-0012747,CA,Los Angeles,6037
25-0012748,CA,Los Angeles,6037
25-0012749,CA,Los Angeles,6037
25-0012750,CA,Santa Cruz,6087
25-0012751,CA,Los Angeles,6037
25-0012752,CA,Los Angeles,6037
25-0012753,CA,Los Angeles,6037
25-0012754,CA,Los Angeles,6037
25-0012755,CA,Los Angeles,6037
25-0012756,CA,Sacramento,6067
25-0012757,CA,Los Angeles,6037
25-0012758,CA,Lassen,6035
25-0012759,CA,San Bernardino,6071
25-0012760,CA,San Bernardino,6071
25-0012761,CA,San Bernardino,6071
25-0012762,CA,Los Angeles,6037
25-0012763,CA,San Diego,6073
25-0012764,CA,San Bernardino,6071
25-0012765,CA,Riverside,6065
25-0012766,CA,Orange,6059
25-0012767,CA,Kern,6029
25-0012768,CA,San Bernardino,6071
25-0012769,CA,Los Angeles,6037
25-0012770,CA,Los Angeles,6037
25-0012771,CA,San Diego,6073
25-0012772,CA,Alameda,6001
25-0012773,CA,San Diego,6073
25-0012774,CA,Los Angeles,6037
25-0012775,CA,Santa Clara,6085
25-0012776,CA,Los Angeles,6037
25-0012777,CA,Stanislaus,6099
25-0012778,CA,Los Angeles,6037
25-0012779,CA,Los Angeles,6037
25-0012780,CA,Orange,6059
25-0012781,CA,Alameda,6001
25-0012782,CA,Alameda,6001
25-0012783,CA,San Bernardino,6071
25-0012784,CA,Los Angeles,6037
25-0012785,CA,San Diego,6073
25-0012786,CA,Sonoma,6097
25-0012787,CA,San Bernardino,6071
25-0012788,CA,Los Angeles,6037
25-0012789,CA,Madera,6039
25-0012790,CA,Tulare,6107
25-0012791,CA,San Bernardino,6071
25-0012792,CA,Tulare,6107
25-0012793,CA,Santa Clara,6085
25-0012794,CA,Los Angeles,6037
25-0012795,CA,Riverside,6065
25-0012796,CA,Los Angeles,6037
25-0012797,CA,Merced,6047
25-0012798,CA,San Diego,6073
25-0012799,CA,Orange,6059
25-0012800,CA,Los Angeles,6037
25-0012801,CA,Los Angeles,6037
25-0012802,CA,Los Angeles,6037
25-0012803,CA,Orange,6059
25-0012804,CA,San Bernardino,6071
25-0012805,CA,San Bernardino,6071
25-0012806,CA,Santa Clara,6085
25-0012807,CA,San Bernardino,6071
25-0012808,CA,Merced,6047
25-0012809,CA,Riverside,6065
25-0012810,CA,San Bernardino,6071
25-0012811,CA,Monterey,6053
25-0012812,CA,Los Angeles,6037
25-0012813,CA,Contra Costa,6013
25-0012814,CA,Orange,6059
25-0012815,CA,Los Angeles,6037
25-0012816,CA,San Francisco,6075
25-0012817,CA,Los Angeles,6037
25-0012818,CA,Shasta,6089
25-0012819,CA,Los Angeles,6037
25-0012820,CA,Alameda,6001
25-0012821,CA,San Bernardino,6071
25-0012822,CA,Los Angeles,6037
25-0012823,CA,Orange,6059
25-0012824,CA,San Diego,6073
25-0012825,CA,San Bernardino,6071
25-0012826,CA,Los Angeles,6037
25-0012827,CA,Orange,6059
25-0012828,CA,Los Angeles,6037
25-0012829,CA,Los Angeles,6037
25-0012830,CA,Los Angeles,6037
25-0012831,CA,Kern,6029
25-0012832,CA,Merced,6047
25-0012833,CA,Los Angeles,6037
25-0012834,CA,Fresno,6019
25-0012835,CA,Los Angeles,6037
25-0012836,CA,Sacramento,6067
25-0012837,CA,Los Angeles,6037
25-0012838,CA,Los Angeles,6037
25-0012839,CA,Los Angeles,6037
25-0012840,CA,Los Angeles,6037
25-0012841,CA,Madera,6039
25-0012842,CA,Los Angeles,6037
25-0012843,CA,Orange,6059
25-0012844,CA,Fresno,6019
25-0012845,CA,Contra Costa,6013
25-0012846,CA,Butte,6007
25-0012847,CA,Alameda,6001
25-0012848,CA,Sonoma,6097
25-0012849,CA,San Joaquin,6077
25-0012850,CA,Santa Barbara,6083
25-0012851,CA,Los Angeles,6037
25-0012852,CA,Riverside,6065
25-0012853,CA,San Mateo,6081
25-0012854,CA,Tulare,6107
25-0012855,CA,Los Angeles,6037
25-0012856,CA,Nevada,6057
25-0012857,CA,Los Angeles,6037
25-0012858,CA,Kern,6029
25-0012859,CA,Placer,6061
25-0012860,CA,Los Angeles,6037
25-0012861,CA,Los Angeles,6037
25-0012862,CA,San Bernardino,6071
25-0012863,CA,Santa Clara,6085
25-0012864,CA,Los Angeles,6037
25-0012865,CA,San Bernardino,6071
25-0012866,CA,Sacramento,6067
25-0012867,CA,San Bernardino,6071
25-0012868,CA,Los Angeles,6037
25-0012869,CA,Riverside,6065
25-0012870,CA,Los Angeles,6037
25-0012871,CA,San Bernardino,6071
25-0012872,CA,Los Angeles,6037
25-0012873,CA,Los Angeles,6037
25-0012874,CA,Los Angeles,6037
25-0012875,CA,Orange,6059
25-0012876,CA,Los Angeles,6037
25-0012877,CA,Los Angeles,6037
25-0012878,CA,Riverside,6065
25-0012879,CA,Los Angeles,6037
25-0012880,CA,Kern,6029
25-0012881,CA,Los Angeles,6037
25-0012882,CA,Orange,6059
25-0012883,CA,San Joaquin,6077
25-0012884,CA,Kern,6029
25-0012885,CA,Los Angeles,6037
25-0012886,CA,Riverside,6065
25-0012887,CA,Los Angeles,6037
25-0012888,CA,Los Angeles,6037
25-0012889,CA,Orange,6059
25-0012890,CA,Ventura,6111
25-0012891,CA,Tehama,6103
25-0012892,CA,Los Angeles,6037
25-0012893,CA,Stanislaus,6099
25-0012894,CA,Los Angeles,6037
25-0012895,CA,Los Angeles,6037
25-0012896,CA,San Diego,6073
25-0012897,CA,Los Angeles,6037
25-0012898,CA,Los Angeles,6037
25-0012899,CA,San Bernardino,6071
25-0012900,CA,Riverside,6065
25-0012901,CA,Los Angeles,6037
25-0012902,CA,Los Angeles,6037
25-0012903,CA,Los Angeles,6037
25-0012904,CA,Madera,6039
25-0012905,CA,Butte,6007
25-0012906,CA,Los Angeles,6037
25-0012907,CA,Los Angeles,6037
25-0012908,CA,Mendocino,6045
25-0012909,CA,Los Angeles,6037
25-0012910,CA,San Bernardino,6071
25-0012911,CA,Riverside,6065
25-0012912,CA,Solano,6095
25-0012913,CA,El Dorado,6017
25-0012914,CA,Los Angeles,6037
25-0012915,CA,Orange,6059
25-0012916,CA,Los Angeles,6037
25-0012917,CA,Los Angeles,6037
25-0012918,CA,Yolo,6113
25-0012919,CA,Napa,6055
25-0012920,CA,Los Angeles,6037
25-0012921,CA,Los Angeles,6037
25-0012922,CA,Sutter,6101
25-0012923,CA,Imperial,6025
25-0012924,CA,San Diego,6073
25-0012925,CA,Riverside,6065
25-0012926,CA,San Francisco,6075
25-0012927,CA,Kern,6029
25-0012928,CA,San Bernardino,6071
25-0012929,CA,Los Angeles,6037
25-0012930,CA,San Bernardino,6071
25-0012931,CA,Riverside,6065
25-0012932,CA,Orange,6059
25-0012933,CA,Los Angeles,6037
25-0012934,CA,Los Angeles,6037
25-0012935,CA,San Bernardino,6071
25-0012936,CA,Los Angeles,6037
25-0012937,CA,Alameda,6001
25-0012938,CA,San Bernardino,6071
25-0012939,CA,Orange,6059
25-0012940,CA,San Bernardino,6071
25-0012941,CA,Los Angeles,6037
25-0012942,CA,Los Angeles,6037
25-0012943,CA,Contra Costa,6013
25-0012944,CA,Los Angeles,6037
25-0012945,CA,Los Angeles,6037
25-0012946,CA,San Bernardino,6071
25-0012947,CA,Santa Clara,6085
25-0012948,CA,San Bernardino,6071
25-0012949,CA,Tulare,6107
25-0012950,CA,Merced,6047
25-0012951,CA,San Diego,6073
25-0012952,CA,Orange,6059
25-0012953,CA,Los Angeles,6037
25-0012954,CA,Sacramento,6067
25-0012955,CA,Orange,6059
25-0012956,CA,Los Angeles,6037
25-0012957,CA,Los Angeles,6037
25-0012958,CA,Riverside,6065
25-0012959,CA,Merced,6047
25-0012960,CA,San Diego,6073
25-0012961,CA,Santa Clara,6085
25-0012962,CA,Los Angeles,6037
25-0012963,CA,Riverside,6065
25-0012964,CA,Los Angeles,6037
25-0012965,CA,Los Angeles,6037
25-0012966,CA,Santa Clara,6085
25-0012967,CA,San Diego,6073
25-0012968,CA,Los Angeles,6037
25-0012969,CA,Riverside,6065
25-0012970,CA,San Bernardino,6071
25-0012971,CA,Kern,6029
25-0012972,CA,Stanislaus,6099
25-0012973,CA,Orange,6059
25-0012974,CA,Fresno,6019
25-0012975,CA,Los Angeles,6037
25-0012976,CA,Alameda,6001
25-0012977,CA,San Joaquin,6077
25-0012978,CA,Los Angeles,6037
25-0012979,CA,Contra Costa,6013
25-0012980,CA,San Diego,6073
25-0012981,CA,Los Angeles,6037
25-0012982,CA,Riverside,6065
25-0012983,CA,Riverside,6065
25-0012984,CA,Los Angeles,6037
25-0012985,CA,Los Angeles,6037
25-0012986,CA,Los Angeles,6037
25-0012987,CA,Los Angeles,6037
25-0012988,CA,San Bernardino,6071
25-0012989,CA,San Diego,6073
25-0012990,CA,Los Angeles,6037
25-0012991,CA,Orange,6059
25-0012992,CA,Los Angeles,6037
25-0012993,CA,Los Angeles,6037
25-0012994,CA,Madera,6039
25-0012995,CA,Kern,6029
25-0012996,CA,San Diego,6073
25-0012997,CA,Kern,6029
25-0012998,CA,Los Angeles,6037
25-0012999,CA,Riverside,6065
25-0013000,CA,Santa Cruz,6087
25-0013001,CA,Riverside,6065
25-0013002,CA,Los Angeles,6037
25-0013003,CA,Merced,6047
25-0013004,CA,Los Angeles,6037
25-0013005,CA,Siskiyou,6093
25-0013006,CA,San Mateo,6081
25-0013007,CA,Fresno,6019
25-0013008,CA,Orange,6059
25-0013009,CA,Los Angeles,6037
25-0013010,CA,Los Angeles,6037
25-0013011,CA,Los Angeles,6037
25-0013012,CA,Los Angeles,6037
25-0013013,CA,Santa Clara,6085
25-0013014,CA,Alameda,6001
25-0013015,CA,Mendocino,6045
25-0013016,CA,San Bernardino,6071
25-0013017,CA,Los Angeles,6037
25-0013018,CA,Los Angeles,6037
25-0013019,CA,San Bernardino,6071
25-0013020,CA,Los Angeles,6037
25-0013021,CA,Los Angeles,6037
25-0013022,CA,Orange,6059
25-0013023,CA,Orange,6059
25-0013024,CA,San Luis Obispo,6079
25-0013025,CA,Los Angeles,6037
25-0013026,CA,Los Angeles,6037
25-0013027,CA,Contra Costa,6013
25-0013028,CA,Orange,6059
25-0013029,CA,Kern,6029
25-0013030,CA,San Bernardino,6071
25-0013031,CA,Los Angeles,6037
25-0013032,CA,Los Angeles,6037
25-0013033,CA,Riverside,6065
25-0013034,CA,Los Angeles,6037
25-0013035,CA,San Diego,6073
25-0013036,CA,Los Angeles,6037
25-0013037,CA,San Diego,6073
25-0013038,CA,Kings,6031
25-0013039,CA,Los Angeles,6037
25-0013040,CA,Orange,6059
25-0013041,CA,Los Angeles,6037
25-0013042,CA,Orange,6059
25-0013043,CA,Riverside,6065
25-0013044,CA,Kern,6029
25-0013045,CA,Los Angeles,6037
25-0013046,CA,San Bernardino,6071
25-0013047,CA,Los Angeles,6037
25-0013048,CA,Los Angeles,6037
25-0013049,CA,San Diego,6073
25-0013050,CA,Los Angeles,6037
25-0013051,CA,Sonoma,6097
25-0013052,CA,San Diego,6073
25-0013053,CA,Fresno,6019
25-0013054,CA,Orange,6059
25-0013055,CA,Contra Costa,6013
25-0013056,CA,San Bernardino,6071
25-0013057,CA,Orange,6059
25-0013058,CA,Orange,6059
25-0013059,CA,Kings,6031
25-0013060,CA,Fresno,6019
25-0013061,CA,Butte,6007
25-0013062,CA,San Joaquin,6077
25-0013063,CA,Sacramento,6067
25-0013064,CA,Orange,6059
25-0013065,CA,Monterey,6053
25-0013066,CA,Riverside,6065
25-0013067,CA,Los Angeles,6037
25-0013068,CA,Los Angeles,6037
25-0013069,CA,Los Angeles,6037
25-0013070,CA,San Bernardino,6071
25-0013071,CA,Los Angeles,6037
25-0013072,CA,Orange,6059
25-0013073,CA,Los Angeles,6037
25-0013074,CA,Los Angeles,6037
25-0013075,CA,Los Angeles,6037
25-0013076,CA,Orange,6059
25-0013077,CA,Los Angeles,6037
25-0013078,CA,Los Angeles,6037
25-0013079,CA,Santa Barbara,6083
25-0013080,CA,San Bernardino,6071
25-0013081,CA,Riverside,6065
25-0013082,CA,Los Angeles,6037
25-0013083,CA,Los Angeles,6037
25-0013084,CA,Los Angeles,6037
25-0013085,CA,Los Angeles,6037
25-0013086,CA,Los Angeles,6037
25-0013087,CA,Santa Barbara,6083
25-0013088,CA,Stanislaus,6099
25-0013089,CA,Riverside,6065
25-0013090,CA,Contra Costa,6013
25-0013091,CA,Yolo,6113
25-0013092,CA,Ventura,6111
25-0013093,CA,Riverside,6065
25-0013094,CA,Sacramento,6067
25-0013095,CA,San Bernardino,6071
25-0013096,CA,Orange,6059
25-0013097,CA,San Diego,6073
25-0013098,CA,Riverside,6065
25-0013099,CA,Riverside,6065
25-0013100,CA,Riverside,6065
25-0013101,CA,San Bernardino,6071
25-0013102,CA,Los Angeles,6037
25-0013103,CA,San Bernardino,6071
25-0013104,CA,Los Angeles,6037
25-0013105,CA,Orange,6059
25-0013106,CA,San Bernardino,6071
25-0013107,CA,Fresno,6019
25-0013108,CA,Merced,6047
25-0013109,CA,Tulare,6107
25-0013110,CA,Alameda,6001
25-0013111,CA,Riverside,6065
25-0013112,CA,Los Angeles,6037
25-0013113,CA,San Joaquin,6077
25-0013114,CA,Fresno,6019
25-0013115,CA,Tulare,6107
25-0013116,CA,Los Angeles,6037
25-0013117,CA,Alameda,6001
25-0013118,CA,Orange,6059
25-0013119,CA,Orange,6059
25-0013120,CA,Placer,6061
25-0013121,CA,Los Angeles,6037
25-0013122,CA,Los Angeles,6037
25-0013123,CA,Orange,6059
25-0013124,CA,Los Angeles,6037
25-0013125,CA,Los Angeles,6037
25-0013126,CA,Riverside,6065
25-0013127,CA,Los Angeles,6037
25-0013128,CA,Los Angeles,6037
25-0013129,CA,Los Angeles,6037
25-0013130,CA,Sacramento,6067
25-0013131,CA,San Diego,6073
25-0013132,CA,Merced,6047
25-0013133,CA,San Bernardino,6071
25-0013134,CA,Kings,6031
25-0013135,CA,Los Angeles,6037
25-0013136,CA,Los Angeles,6037
25-0013137,CA,Los Angeles,6037
25-0013138,CA,San Bernardino,6071
25-0013139,CA,Los Angeles,6037
25-0013140,CA,Riverside,6065
25-0013141,CA,Riverside,6065
25-0013142,CA,Sonoma,6097
25-0013143,CA,Los Angeles,6037
25-0013144,CA,Yuba,6115
25-0013145,CA,Fresno,6019
25-0013146,CA,Los Angeles,6037
25-0013147,CA,Yolo,6113
25-0013148,CA,San Bernardino,6071
25-0013149,CA,Alameda,6001
25-0013150,CA,San Bernardino,6071
25-0013151,CA,Riverside,6065
25-0013152,CA,Los Angeles,6037
25-0013153,CA,Los Angeles,6037
25-0013154,CA,San Bernardino,6071
25-0013155,CA,Riverside,6065
25-0013156,CA,Orange,6059
25-0013157,CA,Orange,6059
25-0013158,CA,Los Angeles,6037
25-0013159,CA,Yuba,6115
25-0013160,CA,Ventura,6111
25-0013161,CA,Santa Clara,6085
25-0013162,CA,Riverside,6065
25-0013163,CA,Orange,6059
25-0013164,CA,Los Angeles,6037
25-0013165,CA,Los Angeles,6037
25-0013166,CA,Orange,6059
25-0013167,CA,San Bernardino,6071
25-0013168,CA,Santa Clara,6085
25-0013169,CA,Fresno,6019
25-0013170,CA,Los Angeles,6037
25-0013171,CA,San Bernardino,6071
25-0013172,CA,Los Angeles,6037
25-0013173,CA,Los Angeles,6037
25-0013174,CA,Los Angeles,6037
25-0013175,CA,San Diego,6073
25-0013176,CA,Los Angeles,6037
25-0013177,CA,Los Angeles,6037
25-0013178,CA,Orange,6059
25-0013179,CA,Sacramento,6067
25-0013180,CA,Los Angeles,6037
25-0013181,CA,Riverside,6065
25-0013182,CA,San Bernardino,6071
25-0013183,CA,San Bernardino,6071
25-0013184,CA,Monterey,6053
25-0013185,CA,Orange,6059
25-0013186,CA,Los Angeles,6037
25-0013187,CA,Contra Costa,6013
25-0013188,CA,Los Angeles,6037
25-0013189,CA,Tulare,6107
25-0013190,CA,Sacramento,6067
25-0013191,CA,Los Angeles,6037
25-0013192,CA,San Bernardino,6071
25-0013193,CA,Tulare,6107
25-0013194,CA,Humboldt,6023
25-0013195,CA,San Bernardino,6071
25-0013196,CA,Los Angeles,6037
25-0013197,CA,Los Angeles,6037
25-0013198,CA,Madera,6039
25-0013199,CA,San Bernardino,6071
25-0013200,CA,Ventura,6111
25-0013201,CA,San Bernardino,6071
25-0013202,CA,Los Angeles,6037
25-0013203,CA,Humboldt,6023
25-0013204,CA,San Bernardino,6071
25-0013205,CA,Los Angeles,6037
25-0013206,CA,Sacramento,6067
25-0013207,CA,Riverside,6065
25-0013208,CA,Placer,6061
25-0013209,CA,Kern,6029
25-0013210,CA,San Diego,6073
25-0013211,CA,Los Angeles,6037
25-0013212,CA,Orange,6059
25-0013213,CA,Los Angeles,6037
25-0013214,CA,Los Angeles,6037
25-0013215,CA,San Bernardino,6071
25-0013216,CA,Solano,6095
25-0013217,CA,San Bernardino,6071
25-0013218,CA,Los Angeles,6037
25-0013219,CA,Los Angeles,6037
25-0013220,CA,Riverside,6065
25-0013221,CA,Orange,6059
25-0013222,CA,Fresno,6019
25-0013223,CA,Los Angeles,6037
25-0013224,CA,Lake,6033
25-0013225,CA,Los Angeles,6037
25-0013226,CA,Los Angeles,6037
25-0013227,CA,Riverside,6065
25-0013228,CA,San Bernardino,6071
25-0013229,CA,Riverside,6065
25-0013230,CA,Riverside,6065
25-0013231,CA,Los Angeles,6037
25-0013232,CA,Los Angeles,6037
25-0013233,CA,Riverside,6065
25-0013234,CA,Los Angeles,6037
25-0013235,CA,San Mateo,6081
25-0013236,CA,Los Angeles,6037
25-0013237,CA,Orange,6059
25-0013238,CA,Los Angeles,6037
25-0013239,CA,San Bernardino,6071
25-0013240,CA,Los Angeles,6037
25-0013241,CA,Monterey,6053
25-0013242,CA,Los Angeles,6037
25-0013243,CA,Merced,6047
25-0013244,CA,Los Angeles,6037
25-0013245,CA,Los Angeles,6037
25-0013246,CA,San Diego,6073
25-0013247,CA,Riverside,6065
25-0013248,CA,Los Angeles,6037
25-0013249,CA,Los Angeles,6037
25-0013250,CA,Los Angeles,6037
25-0013251,CA,Los Angeles,6037
25-0013252,CA,Orange,6059
25-0013253,CA,Los Angeles,6037
25-0013254,CA,Los Angeles,6037
25-0013255,CA,Los Angeles,6037
25-0013256,CA,San Bernardino,6071
25-0013257,CA,Los Angeles,6037
25-0013258,CA,Los Angeles,6037
25-0013259,CA,Orange,6059
25-0013260,CA,Los Angeles,6037
25-0013261,CA,Los Angeles,6037
25-0013262,CA,Solano,6095
25-0013263,CA,Los Angeles,6037
25-0013264,CA,Los Angeles,6037
25-0013265,CA,Riverside,6065
25-0013266,CA,Los Angeles,6037
25-0013267,CA,Santa Barbara,6083
25-0013268,CA,Los Angeles,6037
25-0013269,CA,Sacramento,6067
25-0013270,CA,Los Angeles,6037
25-0013271,CA,Los Angeles,6037
25-0013272,CA,Riverside,6065
25-0013273,CA,Santa Clara,6085
25-0013274,CA,Los Angeles,6037
25-0013275,CA,San Diego,6073
25-0013276,CA,Monterey,6053
25-0013277,CA,Los Angeles,6037
25-0013278,CA,San Bernardino,6071
25-0013279,CA,Orange,6059
25-0013280,CA,Los Angeles,6037
25-0013281,CA,Orange,6059
25-0013282,CA,Los Angeles,6037
25-0013283,CA,Orange,6059
25-0013284,CA,Los Angeles,6037
25-0013285,CA,San Diego,6073
25-0013286,CA,Fresno,6019
25-0013287,CA,Merced,6047
25-0013288,CA,Los Angeles,6037
25-0013289,CA,Los Angeles,6037
25-0013290,CA,Contra Costa,6013
25-0013291,CA,Tulare,6107
25-0013292,CA,Kern,6029
25-0013293,CA,San Bernardino,6071
25-0013294,CA,Los Angeles,6037
25-0013295,CA,Fresno,6019
25-0013296,CA,Los Angeles,6037
25-0013297,CA,Fresno,6019
25-0013298,CA,Los Angeles,6037
25-0013299,CA,Orange,6059
25-0013300,CA,San Bernardino,6071
25-0013301,CA,Los Angeles,6037
25-0013302,CA,San Joaquin,6077
25-0013303,CA,Los Angeles,6037
25-0013304,CA,Riverside,6065
25-0013305,CA,Los Angeles,6037
25-0013306,CA,Los Angeles,6037
25-0013307,CA,Los Angeles,6037
25-0013308,CA,Los Angeles,6037
25-0013309,CA,Los Angeles,6037
25-0013310,CA,Sacramento,6067
25-0013311,CA,Fresno,6019
25-0013312,CA,San Mateo,6081
25-0013313,CA,Fresno,6019
25-0013314,CA,San Mateo,6081
25-0013315,CA,San Bernardino,6071
25-0013316,CA,Fresno,6019
25-0013317,CA,San Bernardino,6071
25-0013318,CA,Ventura,6111
25-0013319,CA,Los Angeles,6037
25-0013320,CA,Los Angeles,6037
25-0013321,CA,Los Angeles,6037
25-0013322,CA,Los Angeles,6037
25-0013323,CA,San Bernardino,6071
25-0013324,CA,Orange,6059
25-0013325,CA,Madera,6039
25-0013326,CA,San Bernardino,6071
25-0013327,CA,San Bernardino,6071
25-0013328,CA,Santa Clara,6085
25-0013329,CA,Riverside,6065
25-0013330,CA,Los Angeles,6037
25-0013331,CA,Los Angeles,6037
25-0013332,CA,Fresno,6019
25-0013333,CA,Santa Clara,6085
25-0013334,CA,Ventura,6111
25-0013335,CA,Monterey,6053
25-0013336,CA,Fresno,6019
25-0013337,CA,Los Angeles,6037
25-0013338,CA,Los Angeles,6037
25-0013339,CA,San Bernardino,6071
25-0013340,CA,Orange,6059
25-0013341,CA,Riverside,6065
25-0013342,CA,Ventura,6111
25-0013343,CA,Los Angeles,6037
25-0013344,CA,Fresno,6019
25-0013345,CA,Los Angeles,6037
25-0013346,CA,Riverside,6065
25-0013347,CA,Orange,6059
25-0013348,CA,Los Angeles,6037
25-0013349,CA,Marin,6041
25-0013350,CA,Sacramento,6067
25-0013351,CA,Los Angeles,6037
25-0013352,CA,Siskiyou,6093
25-0013353,CA,Los Angeles,6037
25-0013354,CA,Sacramento,6067
25-0013355,CA,Los Angeles,6037
25-0013356,CA,Los Angeles,6037
25-0013357,CA,Fresno,6019
25-0013358,CA,Santa Clara,6085
25-0013359,CA,Los Angeles,6037
25-0013360,CA,Los Angeles,6037
25-0013361,CA,San Joaquin,6077
25-0013362,CA,Los Angeles,6037
25-0013363,CA,Santa Clara,6085
25-0013364,CA,Contra Costa,6013
25-0013365,CA,Alameda,6001
25-0013366,CA,San Joaquin,6077
25-0013367,CA,Los Angeles,6037
25-0013368,CA,Alameda,6001
25-0013369,CA,San Joaquin,6077
25-0013370,CA,Los Angeles,6037
25-0013371,CA,San Joaquin,6077
25-0013372,CA,Los Angeles,6037
25-0013373,CA,Yuba,6115
25-0013374,CA,Los Angeles,6037
25-0013375,CA,Los Angeles,6037
25-0013376,CA,Los Angeles,6037
25-0013377,CA,Los Angeles,6037
25-0013378,CA,Los Angeles,6037
25-0013379,CA,Los Angeles,6037
25-0013380,CA,Los Angeles,6037
25-0013381,CA,Los Angeles,6037
25-0013382,CA,San Bernardino,6071
25-0013383,CA,Alameda,6001
25-0013384,CA,Sacramento,6067
25-0013385,CA,Los Angeles,6037
25-0013386,CA,Stanislaus,6099
25-0013387,CA,Los Angeles,6037
25-0013388,CA,Los Angeles,6037
25-0013389,CA,Los Angeles,6037
25-0013390,CA,San Mateo,6081
25-0013391,CA,Los Angeles,6037
25-0013392,CA,Los Angeles,6037
25-0013393,CA,Los Angeles,6037
25-0013394,CA,Madera,6039
25-0013395,CA,Stanislaus,6099
25-0013396,CA,Los Angeles,6037
25-0013397,CA,Los Angeles,6037
25-0013398,CA,Contra Costa,6013
25-0013399,CA,Los Angeles,6037
25-0013400,CA,Los Angeles,6037
25-0013401,CA,Orange,6059
25-0013402,CA,Riverside,6065
25-0013403,CA,Riverside,6065
25-0013404,CA,Los Angeles,6037
25-0013405,CA,San Bernardino,6071
25-0013406,CA,Los Angeles,6037
25-0013407,CA,Fresno,6019
25-0013408,CA,Riverside,6065
25-0013409,CA,Orange,6059
25-0013410,CA,Contra Costa,6013
25-0013411,CA,Humboldt,6023
25-0013412,CA,Riverside,6065
25-0013413,CA,Fresno,6019
25-0013414,CA,Humboldt,6023
25-0013415,CA,Ventura,6111
25-0013416,CA,Los Angeles,6037
25-0013417,CA,San Mateo,6081
25-0013418,CA,Los Angeles,6037
25-0013419,CA,Tulare,6107
25-0013420,CA,Ventura,6111
25-0013421,CA,Merced,6047
25-0013422,CA,Ventura,6111
25-0013423,CA,Los Angeles,6037
25-0013424,CA,Los Angeles,6037
25-0013425,CA,San Diego,6073
25-0013426,CA,Fresno,6019
25-0013427,CA,Kern,6029
25-0013428,CA,Los Angeles,6037
25-0013429,CA,Los Angeles,6037
25-0013430,CA,Los Angeles,6037
25-0013431,CA,San Bernardino,6071
25-0013432,CA,Sacramento,6067
25-0013433,CA,Los Angeles,6037
25-0013434,CA,Alameda,6001
25-0013435,CA,Riverside,6065
25-0013436,CA,Los Angeles,6037
25-0013437,CA,Los Angeles,6037
25-0013438,CA,Orange,6059
25-0013439,CA,Los Angeles,6037
25-0013440,CA,Los Angeles,6037
25-0013441,CA,Riverside,6065
25-0013442,CA,San Bernardino,6071
25-0013443,CA,San Bernardino,6071
25-0013444,CA,Los Angeles,6037
25-0013445,CA,Los Angeles,6037
25-0013446,CA,Los Angeles,6037
25-0013447,CA,Sonoma,6097
25-0013448,CA,Orange,6059
25-0013449,CA,San Francisco,6075
25-0013450,CA,San Bernardino,6071
25-0013451,CA,Shasta,6089
25-0013452,CA,San Diego,6073
25-0013453,CA,Tulare,6107
25-0013454,CA,Riverside,6065
25-0013455,CA,Fresno,6019
25-0013456,CA,Kern,6029
25-0013457,CA,Los Angeles,6037
25-0013458,CA,Los Angeles,6037
25-0013459,CA,Los Angeles,6037
25-0013460,CA,San Joaquin,6077
25-0013461,CA,Riverside,6065
25-0013462,CA,Madera,6039
25-0013463,CA,Los Angeles,6037
25-0013464,CA,Los Angeles,6037
25-0013465,CA,Ventura,6111
25-0013466,CA,San Diego,6073
25-0013467,CA,Alameda,6001
25-0013468,CA,Orange,6059
25-0013469,CA,Santa Cruz,6087
25-0013470,CA,San Joaquin,6077
25-0013471,CA,Riverside,6065
25-0013472,CA,Los Angeles,6037
25-0013473,CA,Riverside,6065
25-0013474,CA,Los Angeles,6037
25-0013475,CA,San Diego,6073
25-0013476,CA,Riverside,6065
25-0013477,CA,Humboldt,6023
25-0013478,CA,Los Angeles,6037
25-0013479,CA,Los Angeles,6037
25-0013480,CA,Los Angeles,6037
25-0013481,CA,San Francisco,6075
25-0013482,CA,Butte,6007
25-0013483,CA,Placer,6061
25-0013484,CA,Los Angeles,6037
25-0013485,CA,Fresno,6019
25-0013486,CA,Orange,6059
25-0013487,CA,Sacramento,6067
25-0013488,CA,Los Angeles,6037
25-0013489,CA,Los Angeles,6037
25-0013490,CA,Orange,6059
25-0013491,CA,Orange,6059
25-0013492,CA,San Bernardino,6071
25-0013493,CA,Los Angeles,6037
25-0013494,CA,San Diego,6073
25-0013495,CA,San Bernardino,6071
25-0013496,CA,Fresno,6019
25-0013497,CA,Los Angeles,6037
25-0013498,CA,Tulare,6107
25-0013499,CA,Los Angeles,6037
25-0013500,CA,Los Angeles,6037
25-0013501,CA,Los Angeles,6037
25-0013502,CA,Los Angeles,6037
25-0013503,CA,San Bernardino,6071
25-0013504,CA,Los Angeles,6037
25-0013505,CA,Los Angeles,6037
25-0013506,CA,San Bernardino,6071
25-0013507,CA,Riverside,6065
25-0013508,CA,Los Angeles,6037
25-0013509,CA,Riverside,6065
25-0013510,CA,Sacramento,6067
25-0013511,CA,Riverside,6065
25-0013512,CA,Santa Clara,6085
25-0013513,CA,Alameda,6001
25-0013514,CA,Humboldt,6023
25-0013515,CA,Orange,6059
25-0013516,CA,Kern,6029
25-0013517,CA,Los Angeles,6037
25-0013518,CA,Orange,6059
25-0013519,CA,Los Angeles,6037
25-0013520,CA,Orange,6059
25-0013521,CA,San Bernardino,6071
25-0013522,CA,Los Angeles,6037
25-0013523,CA,Fresno,6019
25-0013524,CA,Riverside,6065
25-0013525,CA,Sacramento,6067
25-0013526,CA,Sutter,6101
25-0013527,CA,Los Angeles,6037
25-0013528,CA,Riverside,6065
25-0013529,CA,Los Angeles,6037
25-0013530,CA,Madera,6039
25-0013531,CA,Orange,6059
25-0013532,CA,Kern,6029
25-0013533,CA,Los Angeles,6037
25-0013534,CA,Contra Costa,6013
25-0013535,CA,San Joaquin,6077
25-0013536,CA,Los Angeles,6037
25-0013537,CA,Los Angeles,6037
25-0013538,CA,Los Angeles,6037
25-0013539,CA,Los Angeles,6037
25-0013540,CA,Los Angeles,6037
25-0013541,CA,Los Angeles,6037
25-0013542,CA,Los Angeles,6037
25-0013543,CA,Santa Clara,6085
25-0013544,CA,Los Angeles,6037
25-0013545,CA,Kern,6029
25-0013546,CA,San Francisco,6075
25-0013547,CA,San Bernardino,6071
25-0013548,CA,Los Angeles,6037
25-0013549,CA,Orange,6059
25-0013550,CA,Los Angeles,6037
25-0013551,CA,Santa Barbara,6083
25-0013552,CA,San Bernardino,6071
25-0013553,CA,Los Angeles,6037
25-0013554,CA,San Diego,6073
25-0013555,CA,Santa Cruz,6087
25-0013556,CA,San Bernardino,6071
25-0013557,CA,Los Angeles,6037
25-0013558,CA,San Joaquin,6077
25-0013559,CA,Riverside,6065
25-0013560,CA,Los Angeles,6037
25-0013561,CA,Riverside,6065
25-0013562,CA,Orange,6059
25-0013563,CA,Los Angeles,6037
25-0013564,CA,Fresno,6019
25-0013565,CA,Los Angeles,6037
25-0013566,CA,Los Angeles,6037
25-0013567,CA,Los Angeles,6037
25-0013568,CA,Los Angeles,6037
25-0013569,CA,Orange,6059
25-0013570,CA,Orange,6059
25-0013571,CA,Alameda,6001
25-0013572,CA,Los Angeles,6037
25-0013573,CA,Los Angeles,6037
25-0013574,CA,Riverside,6065
25-0013575,CA,Los Angeles,6037
25-0013576,CA,Los Angeles,6037
25-0013577,CA,Los Angeles,6037
25-0013578,CA,Fresno,6019
25-0013579,CA,San Bernardino,6071
25-0013580,CA,Orange,6059
25-0013581,CA,Stanislaus,6099
25-0013582,CA,Los Angeles,6037
25-0013583,CA,San Bernardino,6071
25-0013584,CA,San Diego,6073
25-0013585,CA,Los Angeles,6037
25-0013586,CA,Los Angeles,6037
25-0013587,CA,Orange,6059
25-0013588,CA,Sacramento,6067
25-0013589,CA,Los Angeles,6037
25-0013590,CA,Los Angeles,6037
25-0013591,CA,Riverside,6065
25-0013592,CA,Los Angeles,6037
25-0013593,CA,Los Angeles,6037
25-0013594,CA,Riverside,6065
25-0013595,CA,Los Angeles,6037
25-0013596,CA,Los Angeles,6037
25-0013597,CA,San Mateo,6081
25-0013598,CA,Los Angeles,6037
25-0013599,CA,San Diego,6073
25-0013600,CA,Stanislaus,6099
25-0013601,CA,Los Angeles,6037
25-0013602,CA,Los Angeles,6037
25-0013603,CA,Merced,6047
25-0013604,CA,Los Angeles,6037
25-0013605,CA,Los Angeles,6037
25-0013606,CA,Los Angeles,6037
25-0013607,CA,Los Angeles,6037
25-0013608,CA,Sacramento,6067
25-0013609,CA,Humboldt,6023
25-0013610,CA,Kern,6029
25-0013611,CA,Orange,6059
25-0013612,CA,Siskiyou,6093
25-0013613,CA,Los Angeles,6037
25-0013614,CA,Santa Barbara,6083
25-0013615,CA,Los Angeles,6037
25-0013616,CA,Orange,6059
25-0013617,CA,San Diego,6073
25-0013618,CA,Los Angeles,6037
25-0013619,CA,Los Angeles,6037
25-0013620,CA,Los Angeles,6037
25-0013621,CA,San Francisco,6075
25-0013622,CA,Los Angeles,6037
25-0013623,CA,Los Angeles,6037
25-0013624,CA,San Mateo,6081
25-0013625,CA,Los Angeles,6037
25-0013626,CA,Los Angeles,6037
25-0013627,CA,Los Angeles,6037
25-0013628,CA,Madera,6039
25-0013629,CA,Los Angeles,6037
25-0013630,CA,Tulare,6107
25-0013631,CA,Los Angeles,6037
25-0013632,CA,Los Angeles,6037
25-0013633,CA,San Joaquin,6077
25-0013634,CA,Los Angeles,6037
25-0013635,CA,San Joaquin,6077
25-0013636,CA,San Joaquin,6077
25-0013637,CA,Los Angeles,6037
25-0013638,CA,Los Angeles,6037
25-0013639,CA,Sonoma,6097
25-0013640,CA,Orange,6059
25-0013641,CA,Los Angeles,6037
25-0013642,CA,Los Angeles,6037
25-0013643,CA,Los Angeles,6037
25-0013644,CA,Los Angeles,6037
25-0013645,CA,San Diego,6073
25-0013646,CA,Riverside,6065
25-0013647,CA,San Francisco,6075
25-0013648,CA,Riverside,6065
25-0013649,CA,Orange,6059
25-0013650,CA,Los Angeles,6037
25-0013651,CA,San Diego,6073
25-0013652,CA,Los Angeles,6037
25-0013653,CA,Fresno,6019
25-0013654,CA,Los Angeles,6037
25-0013655,CA,San Mateo,6081
25-0013656,CA,Los Angeles,6037
25-0013657,CA,Kern,6029
25-0013658,CA,Contra Costa,6013
25-0013659,CA,Los Angeles,6037
25-0013660,CA,Los Angeles,6037
25-0013661,CA,Los Angeles,6037
25-0013662,CA,Fresno,6019
25-0013663,CA,Los Angeles,6037
25-0013664,CA,Los Angeles,6037
25-0013665,CA,Stanislaus,6099
25-0013666,CA,Kern,6029
25-0013667,CA,Kern,6029
25-0013668,CA,Fresno,6019
25-0013669,CA,San Mateo,6081
25-0013670,CA,San Bernardino,6071
25-0013671,CA,San Bernardino,6071
25-0013672,CA,San Bernardino,6071
25-0013673,CA,Alameda,6001
25-0013674,CA,Monterey,6053
25-0013675,CA,Los Angeles,6037
25-0013676,CA,Orange,6059
25-0013677,CA,Los Angeles,6037
25-0013678,CA,Fresno,6019
25-0013679,CA,Sacramento,6067
25-0013680,CA,Los Angeles,6037
25-0013681,CA,Los Angeles,6037
25-0013682,CA,Los Angeles,6037
25-0013683,CA,San Joaquin,6077
25-0013684,CA,Los Angeles,6037
25-0013685,CA,Los Angeles,6037
25-0013686,CA,Solano,6095
25-0013687,CA,Yuba,6115
25-0013688,CA,Los Angeles,6037
25-0013689,CA,Los Angeles,6037
25-0013690,CA,Alameda,6001
25-0013691,CA,Ventura,6111
25-0013692,CA,San Francisco,6075
25-0013693,CA,Butte,6007
25-0013694,CA,Merced,6047
25-0013695,CA,Riverside,6065
25-0013696,CA,Los Angeles,6037
25-0013697,CA,Riverside,6065
25-0013698,CA,Los Angeles,6037
25-0013699,CA,Santa Barbara,6083
25-0013700,CA,Orange,6059
25-0013701,CA,Stanislaus,6099
25-0013702,CA,Monterey,6053
25-0013703,CA,Los Angeles,6037
25-0013704,CA,Los Angeles,6037
25-0013705,CA,San Joaquin,6077
25-0013706,CA,Riverside,6065
25-0013707,CA,Los Angeles,6037
25-0013708,CA,Los Angeles,6037
25-0013709,CA,Los Angeles,6037
25-0013710,CA,Orange,6059
25-0013711,CA,Los Angeles,6037
25-0013712,CA,Kings,6031
25-0013713,CA,Los Angeles,6037
25-0013714,CA,Los Angeles,6037
25-0013715,CA,San Benito,6069
25-0013716,CA,Los Angeles,6037
25-0013717,CA,San Luis Obispo,6079
25-0013718,CA,San Bernardino,6071
25-0013719,CA,Orange,6059
25-0013720,CA,Los Angeles,6037
25-0013721,CA,San Bernardino,6071
25-0013722,CA,Imperial,6025
25-0013723,CA,San Bernardino,6071
25-0013724,CA,Orange,6059
25-0013725,CA,Alameda,6001
25-0013726,CA,Los Angeles,6037
25-0013727,CA,Santa Clara,6085
25-0013728,CA,Stanislaus,6099
25-0013729,CA,Kern,6029
25-0013730,CA,Los Angeles,6037
25-0013731,CA,Orange,6059
25-0013732,CA,San Diego,6073
25-0013733,CA,Solano,6095
25-0013734,CA,San Bernardino,6071
25-0013735,CA,Los Angeles,6037
25-0013736,CA,Fresno,6019
25-0013737,CA,Los Angeles,6037
25-0013738,CA,Los Angeles,6037
25-0013739,CA,Los Angeles,6037
25-0013740,CA,Riverside,6065
25-0013741,CA,Los Angeles,6037
25-0013742,CA,Los Angeles,6037
25-0013743,CA,Ventura,6111
25-0013744,CA,Los Angeles,6037
25-0013745,CA,Los Angeles,6037
25-0013746,CA,Los Angeles,6037
25-0013747,CA,Los Angeles,6037
25-0013748,CA,Alameda,6001
25-0013749,CA,Riverside,6065
25-0013750,CA,Los Angeles,6037
25-0013751,CA,Kern,6029
25-0013752,CA,Los Angeles,6037
25-0013753,CA,San Diego,6073
25-0013754,CA,Orange,6059
25-0013755,CA,San Bernardino,6071
25-0013756,CA,Merced,6047
25-0013757,CA,Los Angeles,6037
25-0013758,CA,Los Angeles,6037
25-0013759,CA,Sacramento,6067
25-0013760,CA,Orange,6059
25-0013761,CA,Los Angeles,6037
25-0013762,CA,Los Angeles,6037
25-0013763,CA,Fresno,6019
25-0013764,CA,Fresno,6019
25-0013765,CA,Contra Costa,6013
25-0013766,CA,Los Angeles,6037
25-0013767,CA,Riverside,6065
25-0013768,CA,Los Angeles,6037
25-0013769,CA,Sacramento,6067
25-0013770,CA,San Joaquin,6077
25-0013771,CA,Los Angeles,6037
25-0013772,CA,Orange,6059
25-0013773,CA,Los Angeles,6037
25-0013774,CA,Los Angeles,6037
25-0013775,CA,Humboldt,6023
25-0013776,CA,Riverside,6065
25-0013777,CA,Contra Costa,6013
25-0013778,CA,San Luis Obispo,6079
25-0013779,CA,Santa Clara,6085
25-0013780,CA,Calaveras,6009
25-0013781,CA,Orange,6059
25-0013782,CA,San Bernardino,6071
25-0013783,CA,Orange,6059
25-0013784,CA,San Bernardino,6071
25-0013785,CA,Kern,6029
25-0013786,CA,Los Angeles,6037
25-0013787,CA,Los Angeles,6037
25-0013788,CA,Los Angeles,6037
25-0013789,CA,Los Angeles,6037
25-0013790,CA,Los Angeles,6037
25-0013791,CA,Kern,6029
25-0013792,CA,Los Angeles,6037
25-0013793,CA,Sacramento,6067
25-0013794,CA,Los Angeles,6037
25-0013795,CA,Monterey,6053
25-0013796,CA,Tulare,6107
25-0013797,CA,Los Angeles,6037
25-0013798,CA,Orange,6059
25-0013799,CA,San Bernardino,6071
25-0013800,CA,San Bernardino,6071
25-0013801,CA,Los Angeles,6037
25-0013802,CA,Los Angeles,6037
25-0013803,CA,Los Angeles,6037
25-0013804,CA,San Bernardino,6071
25-0013805,CA,Los Angeles,6037
25-0013806,CA,Los Angeles,6037
25-0013807,CA,Yolo,6113
25-0013808,CA,Kern,6029
25-0013809,CA,Los Angeles,6037
25-0013810,CA,Merced,6047
25-0013811,CA,Los Angeles,6037
25-0013812,CA,Los Angeles,6037
25-0013813,CA,Los Angeles,6037
25-0013814,CA,Alameda,6001
25-0013815,CA,Contra Costa,6013
25-0013816,CA,Los Angeles,6037
25-0013817,CA,Alameda,6001
25-0013818,CA,Orange,6059
25-0013819,CA,Orange,6059
25-0013820,CA,Los Angeles,6037
25-0013821,CA,Los Angeles,6037
25-0013822,CA,Los Angeles,6037
25-0013823,CA,Orange,6059
25-0013824,CA,Los Angeles,6037
25-0013825,CA,Los Angeles,6037
25-0013826,CA,Los Angeles,6037
25-0013827,CA,San Joaquin,6077
25-0013828,CA,Contra Costa,6013
25-0013829,CA,San Bernardino,6071
25-0013830,CA,Los Angeles,6037
25-0013831,CA,San Bernardino,6071
25-0013832,CA,Santa Barbara,6083
25-0013833,CA,Los Angeles,6037
25-0013834,CA,Los Angeles,6037
25-0013835,CA,Los Angeles,6037
25-0013836,CA,Orange,6059
25-0013837,CA,Los Angeles,6037
25-0013838,CA,Kern,6029
25-0013839,CA,San Bernardino,6071
25-0013840,CA,Alameda,6001
25-0013841,CA,Los Angeles,6037
25-0013842,CA,Alameda,6001
25-0013843,CA,Riverside,6065
25-0013844,CA,Riverside,6065
25-0013845,CA,Los Angeles,6037
25-0013846,CA,Orange,6059
25-0013847,CA,Orange,6059
25-0013848,CA,Monterey,6053
25-0013849,CA,San Bernardino,6071
25-0013850,CA,Contra Costa,6013
25-0013851,CA,San Diego,6073
25-0013852,CA,Orange,6059
25-0013853,CA,Los Angeles,6037
25-0013854,CA,Los Angeles,6037
25-0013855,CA,Los Angeles,6037
25-0013856,CA,Sacramento,6067
25-0013857,CA,Santa Barbara,6083
25-0013858,CA,Los Angeles,6037
25-0013859,CA,Los Angeles,6037
25-0013860,CA,Los Angeles,6037
25-0013861,CA,Los Angeles,6037
25-0013862,CA,Los Angeles,6037
25-0013863,CA,Sacramento,6067
25-0013864,CA,Sacramento,6067
25-0013865,CA,Los Angeles,6037
25-0013866,CA,Santa Clara,6085
25-0013867,CA,San Bernardino,6071
25-0013868,CA,Santa Clara,6085
25-0013869,CA,Los Angeles,6037
25-0013870,CA,Orange,6059
25-0013871,CA,Orange,6059
25-0013872,CA,San Diego,6073
25-0013873,CA,Santa Clara,6085
25-0013874,CA,Los Angeles,6037
25-0013875,CA,San Bernardino,6071
25-0013876,CA,Los Angeles,6037
25-0013877,CA,Orange,6059
25-0013878,CA,Orange,6059
25-0013879,CA,San Bernardino,6071
25-0013880,CA,Orange,6059
25-0013881,CA,Sutter,6101
25-0013882,CA,Alameda,6001
25-0013883,CA,Humboldt,6023
25-0013884,CA,Riverside,6065
25-0013885,CA,Santa Clara,6085
25-0013886,CA,Orange,6059
25-0013887,CA,Stanislaus,6099
25-0013888,CA,San Francisco,6075
25-0013889,CA,Sacramento,6067
25-0013890,CA,Fresno,6019
25-0013891,CA,San Bernardino,6071
25-0013892,CA,Los Angeles,6037
25-0013893,CA,Del Norte,6015
25-0013894,CA,Los Angeles,6037
25-0013895,CA,Los Angeles,6037
25-0013896,CA,Los Angeles,6037
25-0013897,CA,Solano,6095
25-0013898,CA,Los Angeles,6037
25-0013899,CA,Orange,6059
25-0013900,CA,Los Angeles,6037
25-0013901,CA,San Bernardino,6071
25-0013902,CA,Los Angeles,6037
25-0013903,CA,Los Angeles,6037
25-0013904,CA,Los Angeles,6037
25-0013905,CA,Los Angeles,6037
25-0013906,CA,Los Angeles,6037
25-0013907,CA,Orange,6059
25-0013908,CA,Los Angeles,6037
25-0013909,CA,Orange,6059
25-0013910,CA,Los Angeles,6037
25-0013911,CA,Santa Clara,6085
25-0013912,CA,Alameda,6001
25-0013913,CA,San Joaquin,6077
25-0013914,CA,Los Angeles,6037
25-0013915,CA,Los Angeles,6037
25-0013916,CA,Kings,6031
25-0013917,CA,Los Angeles,6037
25-0013918,CA,Contra Costa,6013
25-0013919,CA,Los Angeles,6037
25-0013920,CA,Los Angeles,6037
25-0013921,CA,Los Angeles,6037
25-0013922,CA,Los Angeles,6037
25-0013923,CA,Los Angeles,6037
25-0013924,CA,Los Angeles,6037
25-0013925,CA,San Mateo,6081
25-0013926,CA,San Bernardino,6071
25-0013927,CA,Los Angeles,6037
25-0013928,CA,Sacramento,6067
25-0013929,CA,Contra Costa,6013
25-0013930,CA,Santa Barbara,6083
25-0013931,CA,Los Angeles,6037
25-0013932,CA,San Mateo,6081
25-0013933,CA,Los Angeles,6037
25-0013934,CA,Santa Barbara,6083
25-0013935,CA,Los Angeles,6037
25-0013936,CA,Yuba,6115
25-0013937,CA,Los Angeles,6037
25-0013938,CA,Los Angeles,6037
25-0013939,CA,Orange,6059
25-0013940,CA,Los Angeles,6037
25-0013941,CA,Los Angeles,6037
25-0013942,CA,Orange,6059
25-0013943,CA,Ventura,6111
25-0013944,CA,Fresno,6019
25-0013945,CA,Riverside,6065
25-0013946,CA,Los Angeles,6037
25-0013947,CA,Alameda,6001
25-0013948,CA,San Bernardino,6071
25-0013949,CA,San Bernardino,6071
25-0013950,CA,Los Angeles,6037
25-0013951,CA,San Bernardino,6071
25-0013952,CA,San Bernardino,6071
25-0013953,CA,Los Angeles,6037
25-0013954,CA,San Diego,6073
25-0013955,CA,Orange,6059
25-0013956,CA,Los Angeles,6037
25-0013957,CA,Los Angeles,6037
25-0013958,CA,Orange,6059
25-0013959,CA,Los Angeles,6037
25-0013960,CA,Los Angeles,6037
25-0013961,CA,Orange,6059
25-0013962,CA,Santa Barbara,6083
25-0013963,CA,Los Angeles,6037
25-0013964,CA,Los Angeles,6037
25-0013965,CA,Los Angeles,6037
25-0013966,CA,Alameda,6001
25-0013967,CA,Orange,6059
25-0013968,CA,Los Angeles,6037
25-0013969,CA,Orange,6059
25-0013970,CA,Los Angeles,6037
25-0013971,CA,Los Angeles,6037
25-0013972,CA,Kern,6029
25-0013973,CA,Stanislaus,6099
25-0013974,CA,Los Angeles,6037
25-0013975,CA,Los Angeles,6037
25-0013976,CA,San Bernardino,6071
25-0013977,CA,Los Angeles,6037
25-0013978,CA,Los Angeles,6037
25-0013979,CA,San Bernardino,6071
25-0013980,CA,Mariposa,6043
25-0013981,CA,Orange,6059
25-0013982,CA,San Bernardino,6071
25-0013983,CA,Los Angeles,6037
25-0013984,CA,Los Angeles,6037
25-0013985,CA,Los Angeles,6037
25-0013986,CA,Sacramento,6067
25-0013987,CA,Los Angeles,6037
25-0013988,CA,Kern,6029
25-0013989,CA,Shasta,6089
25-0013990,CA,Los Angeles,6037
25-0013991,CA,Los Angeles,6037
25-0013992,CA,San Bernardino,6071
25-0013993,CA,Riverside,6065
25-0013994,CA,Los Angeles,6037
25-0013995,CA,Los Angeles,6037
25-0013996,CA,Kern,6029
25-0013997,CA,San Diego,6073
25-0013998,CA,Los Angeles,6037
25-0013999,CA,Los Angeles,6037
25-0014000,CA,Riverside,6065
25-0014001,CA,Los Angeles,6037
25-0014002,CA,Orange,6059
25-0014003,CA,Los Angeles,6037
25-0014004,CA,Los Angeles,6037
25-0014005,CA,Mendocino,6045
25-0014006,CA,Los Angeles,6037
25-0014007,CA,Solano,6095
25-0014008,CA,Los Angeles,6037
25-0014009,CA,Monterey,6053
25-0014010,CA,San Diego,6073
25-0014011,CA,San Francisco,6075
25-0014012,CA,Alameda,6001
25-0014013,CA,Riverside,6065
25-0014014,CA,Alameda,6001
25-0014015,CA,Stanislaus,6099
25-0014016,CA,Riverside,6065
25-0014017,CA,Sacramento,6067
25-0014018,CA,Los Angeles,6037
25-0014019,CA,Santa Clara,6085
25-0014020,CA,Los Angeles,6037
25-0014021,CA,Orange,6059
25-0014022,CA,Santa Clara,6085
25-0014023,CA,San Francisco,6075
25-0014024,CA,San Diego,6073
25-0014025,CA,Los Angeles,6037
25-0014026,CA,Los Angeles,6037
25-0014027,CA,San Diego,6073
25-0014028,CA,Orange,6059
25-0014029,CA,San Bernardino,6071
25-0014030,CA,Los Angeles,6037
25-0014031,CA,San Joaquin,6077
25-0014032,CA,Los Angeles,6037
25-0014033,CA,Kern,6029
25-0014034,CA,Los Angeles,6037
25-0014035,CA,Los Angeles,6037
25-0014036,CA,Los Angeles,6037
25-0014037,CA,Los Angeles,6037
25-0014038,CA,Los Angeles,6037
25-0014039,CA,San Bernardino,6071
25-0014040,CA,Riverside,6065
25-0014041,CA,Alameda,6001
25-0014042,CA,Orange,6059
25-0014043,CA,Fresno,6019
25-0014044,CA,Tulare,6107
25-0014045,CA,Los Angeles,6037
25-0014046,CA,Los Angeles,6037
25-0014047,CA,San Bernardino,6071
25-0014048,CA,Los Angeles,6037
25-0014049,CA,San Bernardino,6071
25-0014050,CA,Los Angeles,6037
25-0014051,CA,San Diego,6073
25-0014052,CA,Riverside,6065
25-0014053,CA,Los Angeles,6037
25-0014054,CA,Los Angeles,6037
25-0014055,CA,Los Angeles,6037
25-0014056,CA,Los Angeles,6037
25-0014057,CA,Sacramento,6067
25-0014058,CA,Solano,6095
25-0014059,CA,Los Angeles,6037
25-0014060,CA,Riverside,6065
25-0014061,CA,Contra Costa,6013
25-0014062,CA,Los Angeles,6037
25-0014063,CA,Fresno,6019
25-0014064,CA,Los Angeles,6037
25-0014065,CA,Yolo,6113
25-0014066,CA,Orange,6059
25-0014067,CA,San Bernardino,6071
25-0014068,CA,Orange,6059
25-0014069,CA,Orange,6059
25-0014070,CA,Los Angeles,6037
25-0014071,CA,Sacramento,6067
25-0014072,CA,San Bernardino,6071
25-0014073,CA,Orange,6059
25-0014074,CA,San Bernardino,6071
25-0014075,CA,Merced,6047
25-0014076,CA,Orange,6059
25-0014077,CA,Los Angeles,6037
25-0014078,CA,San Diego,6073
25-0014079,CA,Los Angeles,6037
25-0014080,CA,Los Angeles,6037
25-0014081,CA,Riverside,6065
25-0014082,CA,Los Angeles,6037
25-0014083,CA,Sacramento,6067
25-0014084,CA,Riverside,6065
25-0014085,CA,Kern,6029
25-0014086,CA,San Diego,6073
25-0014087,CA,San Bernardino,6071
25-0014088,CA,Solano,6095
25-0014089,CA,Los Angeles,6037
25-0014090,CA,Los Angeles,6037
25-0014091,CA,San Diego,6073
25-0014092,CA,San Luis Obispo,6079
25-0014093,CA,San Bernardino,6071
25-0014094,CA,Riverside,6065
25-0014095,CA,Contra Costa,6013
25-0014096,CA,Riverside,6065
25-0014097,CA,Madera,6039
25-0014098,CA,Butte,6007
25-0014099,CA,Marin,6041
25-0014100,CA,San Diego,6073
25-0014101,CA,Orange,6059
25-0014102,CA,Los Angeles,6037
25-0014103,CA,Riverside,6065
25-0014104,CA,Sacramento,6067
25-0014105,CA,Sacramento,6067
25-0014106,CA,Kern,6029
25-0014107,CA,Monterey,6053
25-0014108,CA,Los Angeles,6037
25-0014109,CA,Solano,6095
25-0014110,CA,San Joaquin,6077
25-0014111,CA,Los Angeles,6037
25-0014112,CA,Los Angeles,6037
25-0014113,CA,San Bernardino,6071
25-0014114,CA,Los Angeles,6037
25-0014115,CA,Los Angeles,6037
25-0014116,CA,Los Angeles,6037
25-0014117,CA,Los Angeles,6037
25-0014118,CA,Humboldt,6023
25-0014119,CA,Los Angeles,6037
25-0014120,CA,Napa,6055
25-0014121,CA,Contra Costa,6013
25-0014122,CA,San Diego,6073
25-0014123,CA,Los Angeles,6037
25-0014124,CA,Humboldt,6023
25-0014125,CA,Monterey,6053
25-0014126,CA,Los Angeles,6037
25-0014127,CA,Los Angeles,6037
25-0014128,CA,Los Angeles,6037
25-0014129,CA,Los Angeles,6037
25-0014130,CA,Los Angeles,6037
25-0014131,CA,Los Angeles,6037
25-0014132,CA,Los Angeles,6037
25-0014133,CA,San Bernardino,6071
25-0014134,CA,Fresno,6019
25-0014135,CA,Los Angeles,6037
25-0014136,CA,Los Angeles,6037
25-0014137,CA,Los Angeles,6037
25-0014138,CA,Kern,6029
25-0014139,CA,Ventura,6111
25-0014140,CA,Riverside,6065
25-0014141,CA,San Joaquin,6077
25-0014142,CA,Imperial,6025
25-0014143,CA,Los Angeles,6037
25-0014144,CA,Kern,6029
25-0014145,CA,Riverside,6065
25-0014146,CA,Orange,6059
25-0014147,CA,San Joaquin,6077
25-0014148,CA,Los Angeles,6037
25-0014149,CA,Los Angeles,6037
25-0014150,CA,Los Angeles,6037
25-0014151,CA,Sacramento,6067
25-0014152,CA,Los Angeles,6037
25-0014153,CA,Los Angeles,6037
25-0014154,CA,Orange,6059
25-0014155,CA,Los Angeles,6037
25-0014156,CA,Los Angeles,6037
25-0014157,CA,San Diego,6073
25-0014158,CA,San Francisco,6075
25-0014159,CA,Los Angeles,6037
25-0014160,CA,Los Angeles,6037
25-0014161,CA,Los Angeles,6037
25-0014162,CA,Santa Barbara,6083
25-0014163,CA,Los Angeles,6037
25-0014164,CA,Los Angeles,6037
25-0014165,CA,Los Angeles,6037
25-0014166,CA,Los Angeles,6037
25-0014167,CA,Los Angeles,6037
25-0014168,CA,Placer,6061
25-0014169,CA,Orange,6059
25-0014170,CA,San Francisco,6075
25-0014171,CA,Los Angeles,6037
25-0014172,CA,Los Angeles,6037
25-0014173,CA,Los Angeles,6037
25-0014174,CA,Alameda,6001
25-0014175,CA,San Bernardino,6071
25-0014176,CA,Los Angeles,6037
25-0014177,CA,San Diego,6073
25-0014178,CA,Los Angeles,6037
25-0014179,CA,Orange,6059
25-0014180,CA,Los Angeles,6037
25-0014181,CA,Orange,6059
25-0014182,CA,Los Angeles,6037
25-0014183,CA,San Diego,6073
25-0014184,CA,Los Angeles,6037
25-0014185,CA,Sacramento,6067
25-0014186,CA,Los Angeles,6037
25-0014187,CA,Merced,6047
25-0014188,CA,San Bernardino,6071
25-0014189,CA,Los Angeles,6037
25-0014190,CA,Orange,6059
25-0014191,CA,Riverside,6065
25-0014192,CA,Sutter,6101
25-0014193,CA,Kern,6029
25-0014194,CA,Los Angeles,6037
25-0014195,CA,Los Angeles,6037
25-0014196,CA,Tulare,6107
25-0014197,CA,San Joaquin,6077
25-0014198,CA,Los Angeles,6037
25-0014199,CA,Kern,6029
25-0014200,CA,Santa Clara,6085
25-0014201,CA,Sutter,6101
25-0014202,CA,Los Angeles,6037
25-0014203,CA,Orange,6059
25-0014204,CA,Orange,6059
25-0014205,CA,Los Angeles,6037
25-0014206,CA,Orange,6059
25-0014207,CA,Orange,6059
25-0014208,CA,San Bernardino,6071
25-0014209,CA,Santa Clara,6085
25-0014210,CA,San Bernardino,6071
25-0014211,CA,Los Angeles,6037
25-0014212,CA,Orange,6059
25-0014213,CA,Los Angeles,6037
25-0014214,CA,Los Angeles,6037
25-0014215,CA,San Bernardino,6071
25-0014216,CA,Los Angeles,6037
25-0014217,CA,Placer,6061
25-0014218,CA,Orange,6059
25-0014219,CA,Kern,6029
25-0014220,CA,Riverside,6065
25-0014221,CA,Los Angeles,6037
25-0014222,CA,San Diego,6073
25-0014223,CA,Los Angeles,6037
25-0014224,CA,Los Angeles,6037
25-0014225,CA,Los Angeles,6037
25-0014226,CA,Los Angeles,6037
25-0014227,CA,Riverside,6065
25-0014228,CA,Ventura,6111
25-0014229,CA,Los Angeles,6037
25-0014230,CA,Ventura,6111
25-0014231,CA,Los Angeles,6037
25-0014232,CA,Riverside,6065
25-0014233,CA,Los Angeles,6037
25-0014234,CA,Riverside,6065
25-0014235,CA,Los Angeles,6037
25-0014236,CA,Santa Clara,6085
25-0014237,CA,Santa Clara,6085
25-0014238,CA,Los Angeles,6037
25-0014239,CA,Los Angeles,6037
25-0014240,CA,Tulare,6107
25-0014241,CA,Madera,6039
25-0014242,CA,Orange,6059
25-0014243,CA,Orange,6059
25-0014244,CA,San Bernardino,6071
25-0014245,CA,Los Angeles,6037
25-0014246,CA,Los Angeles,6037
25-0014247,CA,San Diego,6073
25-0014248,CA,El Dorado,6017
25-0014249,CA,Los Angeles,6037
25-0014250,CA,Nevada,6057
25-0014251,CA,Los Angeles,6037
25-0014252,CA,Los Angeles,6037
25-0014253,CA,Los Angeles,6037
25-0014254,CA,Orange,6059
25-0014255,CA,Riverside,6065
25-0014256,CA,Tuolumne,6109
25-0014257,CA,Los Angeles,6037
25-0014258,CA,Imperial,6025
25-0014259,CA,Los Angeles,6037
25-0014260,CA,San Bernardino,6071
25-0014261,CA,Tulare,6107
25-0014262,CA,Los Angeles,6037
25-0014263,CA,Merced,6047
25-0014264,CA,Sacramento,6067
25-0014265,CA,Los Angeles,6037
25-0014266,CA,Los Angeles,6037
25-0014267,CA,Orange,6059
25-0014268,CA,Fresno,6019
25-0014269,CA,Santa Cruz,6087
25-0014270,CA,Los Angeles,6037
25-0014271,CA,Los Angeles,6037
25-0014272,CA,Marin,6041
25-0014273,CA,Tulare,6107
25-0014274,CA,Kern,6029
25-0014275,CA,Los Angeles,6037
25-0014276,CA,Los Angeles,6037
25-0014277,CA,Los Angeles,6037
25-0014278,CA,San Bernardino,6071
25-0014279,CA,San Bernardino,6071
25-0014280,CA,San Diego,6073
25-0014281,CA,San Francisco,6075
25-0014282,CA,Los Angeles,6037
25-0014283,CA,Orange,6059
25-0014284,CA,Riverside,6065
25-0014285,CA,Yolo,6113
25-0014286,CA,Orange,6059
25-0014287,CA,Los Angeles,6037
25-0014288,CA,Riverside,6065
25-0014289,CA,Ventura,6111
25-0014290,CA,Los Angeles,6037
25-0014291,CA,San Bernardino,6071
25-0014292,CA,Tulare,6107
25-0014293,CA,Contra Costa,6013
25-0014294,CA,San Bernardino,6071
25-0014295,CA,Los Angeles,6037
25-0014296,CA,Los Angeles,6037
25-0014297,CA,Riverside,6065
25-0014298,CA,Orange,6059
25-0014299,CA,Los Angeles,6037
25-0014300,CA,Tehama,6103
25-0014301,CA,San Joaquin,6077
25-0014302,CA,Los Angeles,6037
25-0014303,CA,Los Angeles,6037
25-0014304,CA,Los Angeles,6037
25-0014305,CA,San Francisco,6075
25-0014306,CA,Los Angeles,6037
25-0014307,CA,Los Angeles,6037
25-0014308,CA,Los Angeles,6037
25-0014309,CA,Fresno,6019
25-0014310,CA,Los Angeles,6037
25-0014311,CA,Orange,6059
25-0014312,CA,Orange,6059
25-0014313,CA,San Bernardino,6071
25-0014314,CA,Sacramento,6067
25-0014315,CA,Orange,6059
25-0014316,CA,Los Angeles,6037
25-0014317,CA,Santa Clara,6085
25-0014318,CA,Riverside,6065
25-0014319,CA,Los Angeles,6037
25-0014320,CA,Los Angeles,6037
25-0014321,CA,Los Angeles,6037
25-0014322,CA,Alameda,6001
25-0014323,CA,Los Angeles,6037
25-0014324,CA,Los Angeles,6037
25-0014325,CA,Los Angeles,6037
25-0014326,CA,Fresno,6019
25-0014327,CA,Ventura,6111
25-0014328,CA,Los Angeles,6037
25-0014329,CA,Los Angeles,6037
25-0014330,CA,Los Angeles,6037
25-0014331,CA,Los Angeles,6037
25-0014332,CA,Los Angeles,6037
25-0014333,CA,Los Angeles,6037
25-0014334,CA,Riverside,6065
25-0014335,CA,Los Angeles,6037
25-0014336,CA,Los Angeles,6037
25-0014337,CA,Los Angeles,6037
25-0014338,CA,Orange,6059
25-0014339,CA,Kern,6029
25-0014340,CA,Fresno,6019
25-0014341,CA,Fresno,6019
25-0014342,CA,Sacramento,6067
25-0014343,CA,Los Angeles,6037
25-0014344,CA,Riverside,6065
25-0014345,CA,Orange,6059
25-0014346,CA,Sacramento,6067
25-0014347,CA,Orange,6059
25-0014348,CA,San Francisco,6075
25-0014349,CA,Kern,6029
25-0014350,CA,Sacramento,6067
25-0014351,CA,Contra Costa,6013
25-0014352,CA,Santa Barbara,6083
25-0014353,CA,Orange,6059
25-0014354,CA,Kern,6029
25-0014355,CA,Riverside,6065
25-0014356,CA,San Luis Obispo,6079
25-0014357,CA,San Bernardino,6071
25-0014358,CA,Tulare,6107
25-0014359,CA,Los Angeles,6037
25-0014360,CA,Orange,6059
25-0014361,CA,Orange,6059
25-0014362,CA,Orange,6059
25-0014363,CA,San Bernardino,6071
25-0014364,CA,Los Angeles,6037
25-0014365,CA,San Diego,6073
25-0014366,CA,Riverside,6065
25-0014367,CA,Los Angeles,6037
25-0014368,CA,Los Angeles,6037
25-0014369,CA,Los Angeles,6037
25-0014370,CA,Los Angeles,6037
25-0014371,CA,Los Angeles,6037
25-0014372,CA,San Bernardino,6071
25-0014373,CA,Orange,6059
25-0014374,CA,Santa Barbara,6083
25-0014375,CA,Los Angeles,6037
25-0014376,CA,Los Angeles,6037
25-0014377,CA,Stanislaus,6099
25-0014378,CA,Los Angeles,6037
25-0014379,CA,Los Angeles,6037
25-0014380,CA,Los Angeles,6037
25-0014381,CA,Los Angeles,6037
25-0014382,CA,Los Angeles,6037
25-0014383,CA,Solano,6095
25-0014384,CA,Orange,6059
25-0014385,CA,San Diego,6073
25-0014386,CA,San Bernardino,6071
25-0014387,CA,Merced,6047
25-0014388,CA,Los Angeles,6037
25-0014389,CA,Los Angeles,6037
25-0014390,CA,Los Angeles,6037
25-0014391,CA,Fresno,6019
25-0014392,CA,Los Angeles,6037
25-0014393,CA,Tulare,6107
25-0014394,CA,Glenn,6021
25-0014395,CA,Los Angeles,6037
25-0014396,CA,Riverside,6065
25-0014397,CA,San Bernardino,6071
25-0014398,CA,Los Angeles,6037
25-0014399,CA,Riverside,6065
25-0014400,CA,Los Angeles,6037
25-0014401,CA,Orange,6059
25-0014402,CA,Stanislaus,6099
25-0014403,CA,Yuba,6115
25-0014404,CA,Orange,6059
25-0014405,CA,Los Angeles,6037
25-0014406,CA,Los Angeles,6037
25-0014407,CA,Ventura,6111
25-0014408,CA,Riverside,6065
25-0014409,CA,Shasta,6089
25-0014410,CA,Kern,6029
25-0014411,CA,San Bernardino,6071
25-0014412,CA,San Diego,6073
25-0014413,CA,San Mateo,6081
25-0014414,CA,Riverside,6065
25-0014415,CA,Los Angeles,6037
25-0014416,CA,Los Angeles,6037
25-0014417,CA,Tehama,6103
25-0014418,CA,Riverside,6065
25-0014419,CA,Marin,6041
25-0014420,CA,Riverside,6065
25-0014421,CA,Los Angeles,6037
25-0014422,CA,San Bernardino,6071
25-0014423,CA,Los Angeles,6037
25-0014424,CA,San Diego,6073
25-0014425,CA,Kings,6031
25-0014426,CA,San Francisco,6075
25-0014427,CA,Contra Costa,6013
25-0014428,CA,Orange,6059
25-0014429,CA,Los Angeles,6037
25-0014430,CA,Los Angeles,6037
25-0014431,CA,Riverside,6065
25-0014432,CA,Los Angeles,6037
25-0014433,CA,Alameda,6001
25-0014434,CA,Los Angeles,6037
25-0014435,CA,Riverside,6065
25-0014436,CA,Los Angeles,6037
25-0014437,CA,Kern,6029
25-0014438,CA,Stanislaus,6099
25-0014439,CA,Los Angeles,6037
25-0014440,CA,Los Angeles,6037
25-0014441,CA,Los Angeles,6037
25-0014442,CA,Santa Clara,6085
25-0014443,CA,Los Angeles,6037
25-0014444,CA,Orange,6059
25-0014445,CA,Calaveras,6009
25-0014446,CA,Riverside,6065
25-0014447,CA,Los Angeles,6037
25-0014448,CA,San Joaquin,6077
25-0014449,CA,Santa Barbara,6083
25-0014450,CA,Los Angeles,6037
25-0014451,CA,Los Angeles,6037
25-0014452,CA,Santa Barbara,6083
25-0014453,CA,Riverside,6065
25-0014454,CA,Los Angeles,6037
25-0014455,CA,San Joaquin,6077
25-0014456,CA,Los Angeles,6037
25-0014457,CA,Riverside,6065
25-0014458,CA,Los Angeles,6037
25-0014459,CA,San Francisco,6075
25-0014460,CA,San Bernardino,6071
25-0014461,CA,Los Angeles,6037
25-0014462,CA,Los Angeles,6037
25-0014463,CA,Kern,6029
25-0014464,CA,Fresno,6019
25-0014465,CA,Orange,6059
25-0014466,CA,Los Angeles,6037
25-0014467,CA,Riverside,6065
25-0014468,CA,Riverside,6065
25-0014469,CA,San Bernardino,6071
25-0014470,CA,Tulare,6107
25-0014471,CA,San Diego,6073
25-0014472,CA,Los Angeles,6037
25-0014473,CA,Riverside,6065
25-0014474,CA,Fresno,6019
25-0014475,CA,Orange,6059
25-0014476,CA,Los Angeles,6037
25-0014477,CA,Los Angeles,6037
25-0014478,CA,Contra Costa,6013
25-0014479,CA,San Bernardino,6071
25-0014480,CA,Santa Cruz,6087
25-0014481,CA,Kern,6029
25-0014482,CA,Orange,6059
25-0014483,CA,San Francisco,6075
25-0014484,CA,Merced,6047
25-0014485,CA,San Bernardino,6071
25-0014486,CA,Orange,6059
25-0014487,CA,Los Angeles,6037
25-0014488,CA,Orange,6059
25-0014489,CA,Riverside,6065
25-0014490,CA,Orange,6059
25-0014491,CA,Los Angeles,6037
25-0014492,CA,Orange,6059
25-0014493,CA,Imperial,6025
25-0014494,CA,Tulare,6107
25-0014495,CA,Santa Clara,6085
25-0014496,CA,Alameda,6001
25-0014497,CA,Los Angeles,6037
25-0014498,CA,Fresno,6019
25-0014499,CA,San Diego,6073
25-0014500,CA,Orange,6059
25-0014501,CA,Los Angeles,6037
25-0014502,CA,Riverside,6065
25-0014503,CA,San Bernardino,6071
25-0014504,CA,San Bernardino,6071
25-0014505,CA,San Bernardino,6071
25-0014506,CA,Los Angeles,6037
25-0014507,CA,Riverside,6065
25-0014508,CA,Los Angeles,6037
25-0014509,CA,Ventura,6111
25-0014510,CA,Los Angeles,6037
25-0014511,CA,San Bernardino,6071
25-0014512,CA,Riverside,6065
25-0014513,CA,San Diego,6073
25-0014514,CA,Riverside,6065
25-0014515,CA,Humboldt,6023
25-0014516,CA,San Diego,6073
25-0014517,CA,Los Angeles,6037
25-0014518,CA,Fresno,6019
25-0014519,CA,Los Angeles,6037
25-0014520,CA,Yuba,6115
25-0014521,CA,San Bernardino,6071
25-0014522,CA,Los Angeles,6037
25-0014523,CA,San Luis Obispo,6079
25-0014524,CA,San Diego,6073
25-0014525,CA,Contra Costa,6013
25-0014526,CA,Los Angeles,6037
25-0014527,CA,Los Angeles,6037
25-0014528,CA,Orange,6059
25-0014529,CA,Los Angeles,6037
25-0014530,CA,Fresno,6019
25-0014531,CA,Riverside,6065
25-0014532,CA,Los Angeles,6037
25-0014533,CA,Alameda,6001
25-0014534,CA,Orange,6059
25-0014535,CA,Riverside,6065
25-0014536,CA,Los Angeles,6037
25-0014537,CA,Butte,6007
25-0014538,CA,Los Angeles,6037
25-0014539,CA,Alameda,6001
25-0014540,CA,Los Angeles,6037
25-0014541,CA,Los Angeles,6037
25-0014542,CA,Solano,6095
25-0014543,CA,Los Angeles,6037
25-0014544,CA,Orange,6059
25-0014545,CA,Orange,6059
25-0014546,CA,Kern,6029
25-0014547,CA,Ventura,6111
25-0014548,CA,Sonoma,6097
25-0014549,CA,Monterey,6053
25-0014550,CA,Sacramento,6067
25-0014551,CA,Los Angeles,6037
25-0014552,CA,Plumas,6063
25-0014553,CA,San Bernardino,6071
25-0014554,CA,Fresno,6019
25-0014555,CA,Monterey,6053
25-0014556,CA,San Diego,6073
25-0014557,CA,Sonoma,6097
25-0014558,CA,Los Angeles,6037
25-0014559,CA,Orange,6059
25-0014560,CA,Orange,6059
25-0014561,CA,Sacramento,6067
25-0014562,CA,Yuba,6115
25-0014563,CA,Los Angeles,6037
25-0014564,CA,Riverside,6065
25-0014565,CA,Los Angeles,6037
25-0014566,CA,Los Angeles,6037
25-0014567,CA,Los Angeles,6037
25-0014568,CA,Sutter,6101
25-0014569,CA,San Bernardino,6071
25-0014570,CA,Riverside,6065
25-0014571,CA,San Francisco,6075
25-0014572,CA,Los Angeles,6037
25-0014573,CA,San Diego,6073
25-0014574,CA,Los Angeles,6037
25-0014575,CA,Los Angeles,6037
25-0014576,CA,Fresno,6019
25-0014577,CA,Tehama,6103
25-0014578,CA,San Francisco,6075
25-0014579,CA,Orange,6059
25-0014580,CA,Alameda,6001
25-0014581,CA,San Bernardino,6071
25-0014582,CA,San Joaquin,6077
25-0014583,CA,Los Angeles,6037
25-0014584,CA,Los Angeles,6037
25-0014585,CA,San Francisco,6075
25-0014586,CA,Yolo,6113
25-0014587,CA,San Bernardino,6071
25-0014588,CA,Los Angeles,6037
25-0014589,CA,San Bernardino,6071
25-0014590,CA,Tulare,6107
25-0014591,CA,San Bernardino,6071
25-0014592,CA,Los Angeles,6037
25-0014593,CA,Shasta,6089
25-0014594,CA,Los Angeles,6037
25-0014595,CA,Sonoma,6097
25-0014596,CA,Los Angeles,6037
25-0014597,CA,Placer,6061
25-0014598,CA,Sutter,6101
25-0014599,CA,Butte,6007
25-0014600,CA,Los Angeles,6037
25-0014601,CA,Los Angeles,6037
25-0014602,CA,Los Angeles,6037
25-0014603,CA,Los Angeles,6037
25-0014604,CA,San Diego,6073
25-0014605,CA,Los Angeles,6037
25-0014606,CA,Solano,6095
25-0014607,CA,Kings,6031
25-0014608,CA,Napa,6055
25-0014609,CA,Los Angeles,6037
25-0014610,CA,Lake,6033
25-0014611,CA,Napa,6055
25-0014612,CA,Los Angeles,6037
25-0014613,CA,San Francisco,6075
25-0014614,CA,Merced,6047
25-0014615,CA,Butte,6007
25-0014616,CA,Imperial,6025
25-0014617,CA,San Bernardino,6071
25-0014618,CA,Los Angeles,6037
25-0014619,CA,Merced,6047
25-0014620,CA,Kings,6031
25-0014621,CA,Los Angeles,6037
25-0014622,CA,Los Angeles,6037
25-0014623,CA,Riverside,6065
25-0014624,CA,Los Angeles,6037
25-0014625,CA,Los Angeles,6037
25-0014626,CA,Riverside,6065
25-0014627,CA,Orange,6059
25-0014628,CA,San Bernardino,6071
25-0014629,CA,Alameda,6001
25-0014630,CA,Kings,6031
25-0014631,CA,Los Angeles,6037
25-0014632,CA,San Bernardino,6071
25-0014633,CA,San Bernardino,6071
25-0014634,CA,Los Angeles,6037
25-0014635,CA,Los Angeles,6037
25-0014636,CA,Kern,6029
25-0014637,CA,San Mateo,6081
25-0014638,CA,Orange,6059
25-0014639,CA,Humboldt,6023
25-0014640,CA,Riverside,6065
25-0014641,CA,Los Angeles,6037
25-0014642,CA,Los Angeles,6037
25-0014643,CA,Los Angeles,6037
25-0014644,CA,Riverside,6065
25-0014645,CA,San Bernardino,6071
25-0014646,CA,Los Angeles,6037
25-0014647,CA,Los Angeles,6037
25-0014648,CA,Napa,6055
25-0014649,CA,San Bernardino,6071
25-0014650,CA,Orange,6059
25-0014651,CA,Los Angeles,6037
25-0014652,CA,San Bernardino,6071
25-0014653,CA,Kern,6029
25-0014654,CA,San Bernardino,6071
25-0014655,CA,San Bernardino,6071
25-0014656,CA,Orange,6059
25-0014657,CA,Riverside,6065
25-0014658,CA,Riverside,6065
25-0014659,CA,Los Angeles,6037
25-0014660,CA,Orange,6059
25-0014661,CA,Los Angeles,6037
25-0014662,CA,Sacramento,6067
25-0014663,CA,Los Angeles,6037
25-0014664,CA,San Bernardino,6071
25-0014665,CA,Santa Clara,6085
25-0014666,CA,Mendocino,6045
25-0014667,CA,Los Angeles,6037
25-0014668,CA,Los Angeles,6037
25-0014669,CA,Los Angeles,6037
25-0014670,CA,Los Angeles,6037
25-0014671,CA,Los Angeles,6037
25-0014672,CA,Los Angeles,6037
25-0014673,CA,Los Angeles,6037
25-0014674,CA,Los Angeles,6037
25-0014675,CA,Los Angeles,6037
25-0014676,CA,Stanislaus,6099
25-0014677,CA,Los Angeles,6037
25-0014678,CA,Los Angeles,6037
25-0014679,CA,Los Angeles,6037
25-0014680,CA,Riverside,6065
25-0014681,CA,Orange,6059
25-0014682,CA,Riverside,6065
25-0014683,CA,San Bernardino,6071
25-0014684,CA,Los Angeles,6037
25-0014685,CA,Riverside,6065
25-0014686,CA,Los Angeles,6037
25-0014687,CA,Los Angeles,6037
25-0014688,CA,Los Angeles,6037
25-0014689,CA,Orange,6059
25-0014690,CA,San Bernardino,6071
25-0014691,CA,San Diego,6073
25-0014692,CA,Orange,6059
25-0014693,CA,Los Angeles,6037
25-0014694,CA,Kern,6029
25-0014695,CA,San Bernardino,6071
25-0014696,CA,Los Angeles,6037
25-0014697,CA,Orange,6059
25-0014698,CA,Riverside,6065
25-0014699,CA,Sacramento,6067
25-0014700,CA,Santa Barbara,6083
25-0014701,CA,Kern,6029
25-0014702,CA,Riverside,6065
25-0014703,CA,Los Angeles,6037
25-0014704,CA,San Joaquin,6077
25-0014705,CA,Los Angeles,6037
25-0014706,CA,Los Angeles,6037
25-0014707,CA,Los Angeles,6037
25-0014708,CA,Los Angeles,6037
25-0014709,CA,Orange,6059
25-0014710,CA,Orange,6059
25-0014711,CA,Los Angeles,6037
25-0014712,CA,Los Angeles,6037
25-0014713,CA,San Bernardino,6071
25-0014714,CA,Santa Clara,6085
25-0014715,CA,Los Angeles,6037
25-0014716,CA,Los Angeles,6037
25-0014717,CA,Riverside,6065
25-0014718,CA,Riverside,6065
25-0014719,CA,Los Angeles,6037
25-0014720,CA,Los Angeles,6037
25-0014721,CA,San Diego,6073
25-0014722,CA,Sacramento,6067
25-0014723,CA,Orange,6059
25-0014724,CA,Los Angeles,6037
25-0014725,CA,San Bernardino,6071
25-0014726,CA,Orange,6059
25-0014727,CA,Los Angeles,6037
25-0014728,CA,Los Angeles,6037
25-0014729,CA,Los Angeles,6037
25-0014730,CA,Riverside,6065
25-0014731,CA,Orange,6059
25-0014732,CA,Riverside,6065
25-0014733,CA,Sacramento,6067
25-0014734,CA,Orange,6059
25-0014735,CA,Kern,6029
25-0014736,CA,Los Angeles,6037
25-0014737,CA,Riverside,6065
25-0014738,CA,Orange,6059
25-0014739,CA,Los Angeles,6037
25-0014740,CA,Los Angeles,6037
25-0014741,CA,Santa Clara,6085
25-0014742,CA,Los Angeles,6037
25-0014743,CA,Los Angeles,6037
25-0014744,CA,Yuba,6115
25-0014745,CA,San Joaquin,6077
25-0014746,CA,Los Angeles,6037
25-0014747,CA,Los Angeles,6037
25-0014748,CA,San Bernardino,6071
25-0014749,CA,Orange,6059
25-0014750,CA,Los Angeles,6037
25-0014751,CA,San Bernardino,6071
25-0014752,CA,San Bernardino,6071
25-0014753,CA,Los Angeles,6037
25-0014754,CA,Santa Clara,6085
25-0014755,CA,Ventura,6111
25-0014756,CA,Los Angeles,6037
25-0014757,CA,Los Angeles,6037
25-0014758,CA,Santa Barbara,6083
25-0014759,CA,Los Angeles,6037
25-0014760,CA,San Mateo,6081
25-0014761,CA,San Bernardino,6071
25-0014762,CA,San Francisco,6075
25-0014763,CA,Los Angeles,6037
25-0014764,CA,Los Angeles,6037
25-0014765,CA,Kern,6029
25-0014766,CA,Yolo,6113
25-0014767,CA,Los Angeles,6037
25-0014768,CA,Los Angeles,6037
25-0014769,CA,Los Angeles,6037
25-0014770,CA,Ventura,6111
25-0014771,CA,Los Angeles,6037
25-0014772,CA,Los Angeles,6037
25-0014773,CA,Fresno,6019
25-0014774,CA,Fresno,6019
25-0014775,CA,San Joaquin,6077
25-0014776,CA,Los Angeles,6037
25-0014777,CA,Contra Costa,6013
25-0014778,CA,Los Angeles,6037
25-0014779,CA,Alameda,6001
25-0014780,CA,Los Angeles,6037
25-0014781,CA,Los Angeles,6037
25-0014782,CA,San Francisco,6075
25-0014783,CA,San Diego,6073
25-0014784,CA,San Diego,6073
25-0014785,CA,Los Angeles,6037
25-0014786,CA,San Bernardino,6071
25-0014787,CA,Los Angeles,6037
25-0014788,CA,Los Angeles,6037
25-0014789,CA,Orange,6059
25-0014790,CA,Los Angeles,6037
25-0014791,CA,San Diego,6073
25-0014792,CA,Los Angeles,6037
25-0014793,CA,Los Angeles,6037
25-0014794,CA,Shasta,6089
25-0014795,CA,Los Angeles,6037
25-0014796,CA,Orange,6059
25-0014797,CA,San Mateo,6081
25-0014798,CA,Riverside,6065
25-0014799,CA,Riverside,6065
25-0014800,CA,Los Angeles,6037
25-0014801,CA,San Joaquin,6077
25-0014802,CA,Los Angeles,6037
25-0014803,CA,San Diego,6073
25-0014804,CA,Los Angeles,6037
25-0014805,CA,Alameda,6001
25-0014806,CA,San Joaquin,6077
25-0014807,CA,Mendocino,6045
25-0014808,CA,Stanislaus,6099
25-0014809,CA,Los Angeles,6037
25-0014810,CA,Los Angeles,6037
25-0014811,CA,San Bernardino,6071
25-0014812,CA,San Diego,6073
25-0014813,CA,San Bernardino,6071
25-0014814,CA,Orange,6059
25-0014815,CA,Sacramento,6067
25-0014816,CA,Contra Costa,6013
25-0014817,CA,San Joaquin,6077
25-0014818,CA,Los Angeles,6037
25-0014819,CA,Los Angeles,6037
25-0014820,CA,Madera,6039
25-0014821,CA,Los Angeles,6037
25-0014822,CA,Los Angeles,6037
25-0014823,CA,Los Angeles,6037
25-0014824,CA,Alameda,6001
25-0014825,CA,Fresno,6019
25-0014826,CA,Kern,6029
25-0014827,CA,Fresno,6019
25-0014828,CA,Los Angeles,6037
25-0014829,CA,San Bernardino,6071
25-0014830,CA,San Bernardino,6071
25-0014831,CA,Santa Clara,6085
25-0014832,CA,Riverside,6065
25-0014833,CA,Riverside,6065
25-0014834,CA,Orange,6059
25-0014835,CA,Los Angeles,6037
25-0014836,CA,San Francisco,6075
25-0014837,CA,Los Angeles,6037
25-0014838,CA,Monterey,6053
25-0014839,CA,Humboldt,6023
25-0014840,CA,Los Angeles,6037